product_type,brand,condition,age_years,weight_kg,storage_gb,screen_size_inch,location_tier,resale_price_inr,green_points,price_per_kg,age_category,brand_tier,product_category
Laptop,Apple,Repairable,1.4,2.93,64.0,15.4,1,22053,2236,7526.621160409556,Recent,Premium,Computer
Laptop,Asus,Repairable,0.8,1.73,512.0,16.5,1,13237,1351,7651.445086705203,New,Budget,Computer
Battery,Apple,Working,2.3,0.65,,,1,1130,149,1738.4615384615383,Recent,Premium,Accessory
Mouse,Realme,Working,7.5,0.18,,,1,55,40,305.55555555555554,Very_Old,Budget,Computer
Mouse,LG,Working,0.9,0.12,,,2,588,93,4900.0,New,Budget,Computer
Smartphone,MSI,Dead,2.0,0.19,1024.0,6.1,2,2241,234,11794.736842105263,Recent,Premium,Mobile
Headphones,Dell,Working,0.8,0.29,,,3,1952,231,6731.034482758621,New,Premium,Accessory
Laptop,Samsung,Working,1.7,2.68,128.0,15.1,3,20076,2052,7491.044776119403,Recent,Premium,Computer
Speaker,Lenovo,Dead,2.3,1.09,,,3,448,56,411.0091743119266,Recent,Budget,Accessory
Mouse,Samsung,Dead,0.9,0.11,,,2,221,32,2009.090909090909,New,Premium,Computer
Mouse,Lenovo,Dead,7.2,0.18,,,2,50,15,277.77777777777777,Very_Old,Budget,Computer
Charger,Realme,Working,0.7,0.24,,,1,358,70,1491.6666666666667,New,Budget,Accessory
Monitor,MSI,Working,0.8,5.48,,30.8,1,8205,871,1497.2627737226276,New,Premium,Computer
Monitor,Generic,Working,1.1,6.31,,25.8,1,4132,461,654.8335974643423,Recent,Budget,Computer
Charger,Dell,Working,2.1,0.14,,,1,661,101,4721.428571428571,Recent,Premium,Accessory
Headphones,Acer,Dead,3.5,0.48,,,2,302,41,629.1666666666667,Old,Budget,Accessory
Speaker,Asus,Working,2.3,2.84,,,3,1698,210,597.887323943662,Recent,Budget,Accessory
Tablet,Xiaomi,Working,0.9,0.42,1024.0,9.9,2,9492,990,22600.0,New,Budget,Mobile
Monitor,Asus,Working,1.1,7.14,,22.7,3,6893,743,965.406162464986,Recent,Budget,Computer
Smartphone,HP,Dead,2.1,0.16,128.0,5.1,2,2264,236,14150.0,Recent,Budget,Mobile
Laptop,HP,Dead,8.0,2.66,512.0,13.0,3,548,69,206.01503759398494,Very_Old,Budget,Computer
Charger,HP,Repairable,3.9,0.24,,,2,195,39,812.5,Old,Budget,Accessory
Keyboard,Dell,Working,3.5,0.55,,,1,1018,137,1850.9090909090908,Old,Premium,Computer
Mouse,OnePlus,Working,0.7,0.19,,,2,750,110,3947.3684210526317,New,Budget,Computer
Speaker,LG,Working,1.3,1.13,,,3,2008,237,1776.991150442478,Recent,Budget,Accessory
Tablet,OnePlus,Repairable,1.3,0.69,32.0,12.3,3,6732,699,9756.521739130436,Recent,Budget,Mobile
Tablet,Asus,Working,1.8,0.45,1024.0,11.7,2,14601,1501,32446.666666666664,Recent,Budget,Mobile
Laptop,LG,Working,2.1,2.66,256.0,15.1,2,20539,2098,7721.428571428571,Recent,Budget,Computer
Mouse,Generic,Dead,1.6,0.1,,,2,61,16,610.0,Recent,Budget,Computer
Laptop,Asus,Dead,0.6,2.45,128.0,15.0,3,4871,502,1988.1632653061224,New,Budget,Computer
Charger,Samsung,Working,5.3,0.15,,,1,280,63,1866.6666666666667,Very_Old,Premium,Accessory
Smartphone,Acer,Dead,3.3,0.17,128.0,5.5,3,1016,111,5976.470588235294,Old,Budget,Mobile
Tablet,OnePlus,Dead,0.9,0.77,1024.0,11.1,1,4364,448,5667.532467532467,New,Budget,Mobile
Mouse,Realme,Working,4.6,0.18,,,2,178,52,988.8888888888889,Old,Budget,Computer
Tablet,OnePlus,Dead,5.0,0.62,512.0,12.4,3,1601,171,2582.2580645161293,Old,Budget,Mobile
Speaker,Sony,Repairable,1.3,1.22,,,1,1506,172,1234.4262295081967,Recent,Premium,Accessory
Charger,Local,Dead,1.6,0.26,,,3,50,16,192.3076923076923,Recent,Budget,Accessory
Monitor,Apple,Working,0.5,5.55,,21.9,2,12762,1327,2299.4594594594596,New,Premium,Computer
Laptop,Samsung,Repairable,0.8,2.01,32.0,14.3,3,16425,1671,8171.641791044777,New,Premium,Computer
Mouse,MSI,Working,2.0,0.17,,,2,607,95,3570.5882352941176,Recent,Premium,Computer
Mouse,Dell,Working,7.6,0.2,,,3,68,41,340.0,Very_Old,Premium,Computer
Battery,HP,Dead,1.9,0.45,,,3,172,28,382.22222222222223,Recent,Budget,Accessory
Monitor,Acer,Working,0.6,6.05,,19.7,3,6521,704,1077.8512396694216,New,Budget,Computer
Charger,Xiaomi,Dead,1.2,0.28,,,2,74,18,264.2857142857143,Recent,Budget,Accessory
Monitor,HP,Working,0.8,5.45,,22.1,1,11116,1162,2039.6330275229357,New,Budget,Computer
Mouse,HP,Repairable,2.7,0.18,,,1,279,47,1550.0,Recent,Budget,Computer
Smartphone,HP,Working,3.1,0.19,32.0,6.1,3,6962,736,36642.10526315789,Old,Budget,Mobile
Laptop,OnePlus,Working,2.0,1.64,1024.0,14.3,2,25884,2631,15782.926829268294,Recent,Budget,Computer
Mouse,Dell,Repairable,0.9,0.1,,,3,379,57,3790.0,New,Premium,Computer
Speaker,Xiaomi,Working,2.8,1.03,,,2,1388,175,1347.5728155339805,Recent,Budget,Accessory
Battery,HP,Working,1.0,0.62,,,2,895,125,1443.5483870967741,New,Budget,Accessory
Charger,LG,Repairable,2.8,0.18,,,3,216,41,1200.0,Recent,Budget,Accessory
Smartphone,Asus,Repairable,0.8,0.18,1024.0,6.7,1,5826,607,32366.666666666668,New,Budget,Mobile
Battery,Acer,Working,4.7,0.43,,,3,407,76,946.5116279069767,Old,Budget,Accessory
Monitor,HP,Working,3.9,5.78,,22.1,2,5039,555,871.7993079584775,Old,Budget,Computer
Battery,Dell,Working,0.7,0.75,,,1,1482,185,1976.0,New,Premium,Accessory
Laptop,Xiaomi,Dead,2.5,2.01,512.0,15.9,1,3343,348,1663.1840796019903,Recent,Budget,Computer
Mouse,Generic,Working,5.0,0.19,,,1,190,54,1000.0,Old,Budget,Computer
Monitor,Dell,Repairable,2.6,3.42,,30.7,2,3248,351,949.7076023391813,Recent,Premium,Computer
Battery,Local,Working,2.4,0.3,,,2,292,65,973.3333333333334,Recent,Budget,Accessory
Battery,Lenovo,Dead,2.7,0.3,,,3,130,24,433.33333333333337,Recent,Budget,Accessory
Headphones,LG,Repairable,2.1,0.41,,,3,824,103,2009.7560975609758,Recent,Budget,Accessory
Mouse,Asus,Repairable,1.0,0.17,,,1,364,56,2141.176470588235,New,Budget,Computer
Headphones,HP,Dead,1.3,0.42,,,2,483,59,1150.0,Recent,Budget,Accessory
Mouse,Apple,Repairable,4.3,0.17,,,1,344,54,2023.5294117647056,Old,Premium,Computer
Speaker,Xiaomi,Repairable,0.7,1.74,,,3,837,106,481.0344827586207,New,Budget,Accessory
Tablet,Apple,Dead,1.1,0.79,32.0,12.4,3,4038,415,5111.392405063291,Recent,Premium,Mobile
Laptop,Realme,Working,2.5,2.69,64.0,15.3,2,11159,1160,4148.327137546468,Recent,Budget,Computer
Speaker,HP,Repairable,1.9,1.39,,,1,1553,178,1117.2661870503598,Recent,Budget,Accessory
Laptop,LG,Repairable,1.2,1.54,512.0,13.7,2,13427,1370,8718.831168831168,Recent,Budget,Computer
Headphones,HP,Repairable,6.1,0.49,,,2,394,60,804.0816326530612,Very_Old,Budget,Accessory
Headphones,LG,Working,1.4,0.2,,,2,2090,244,10450.0,Recent,Budget,Accessory
Keyboard,Sony,Dead,1.6,1.18,,,3,337,45,285.5932203389831,Recent,Premium,Computer
Smartphone,Xiaomi,Repairable,4.3,0.18,512.0,6.5,3,1920,212,10666.666666666668,Old,Budget,Mobile
Laptop,OnePlus,Working,1.3,1.75,128.0,16.7,1,25922,2636,14812.57142857143,Recent,Budget,Computer
Charger,Local,Working,2.9,0.21,,,1,156,50,742.8571428571429,Recent,Budget,Accessory
Headphones,Dell,Repairable,2.4,0.5,,,2,832,104,1664.0,Recent,Premium,Accessory
Headphones,Realme,Dead,2.0,0.46,,,3,236,34,513.0434782608695,Recent,Budget,Accessory
Mouse,Apple,Repairable,2.9,0.17,,,2,388,58,2282.3529411764703,Recent,Premium,Computer
Laptop,Local,Working,1.2,2.71,32.0,16.5,3,9850,1030,3634.6863468634688,Recent,Budget,Computer
Mouse,Dell,Working,5.4,0.15,,,2,298,64,1986.6666666666667,Very_Old,Premium,Computer
Charger,HP,Repairable,3.7,0.23,,,3,182,38,791.3043478260869,Old,Budget,Accessory
Mouse,Xiaomi,Working,3.7,0.19,,,3,243,59,1278.9473684210527,Old,Budget,Computer
Smartphone,Samsung,Repairable,1.4,0.16,128.0,5.1,1,6938,718,43362.5,Recent,Premium,Mobile
Charger,MSI,Working,1.8,0.21,,,3,436,78,2076.190476190476,Recent,Premium,Accessory
Tablet,Acer,Repairable,2.3,0.41,1024.0,12.0,2,4543,475,11080.48780487805,Recent,Budget,Mobile
Smartphone,Samsung,Working,1.4,0.16,1024.0,6.4,3,11343,1174,70893.75,Recent,Premium,Mobile
Mouse,Apple,Dead,1.0,0.16,,,2,198,29,1237.5,New,Premium,Computer
Tablet,LG,Working,0.6,0.61,128.0,11.1,2,13486,1389,22108.196721311477,New,Budget,Mobile
Smartphone,Local,Working,3.1,0.25,1024.0,5.6,1,3728,407,14912.0,Old,Budget,Mobile
Laptop,Sony,Dead,3.7,1.91,256.0,13.3,3,3665,380,1918.848167539267,Old,Premium,Computer
Tablet,Local,Dead,0.6,0.79,64.0,11.4,3,1421,154,1798.73417721519,New,Budget,Mobile
Tablet,Local,Repairable,1.6,0.47,64.0,9.2,3,2195,240,4670.212765957447,Recent,Budget,Mobile
Charger,MSI,Dead,2.1,0.24,,,3,112,21,466.6666666666667,Recent,Premium,Accessory
Monitor,Lenovo,Working,1.2,7.77,,26.2,3,7239,779,931.6602316602317,Recent,Budget,Computer
Battery,Generic,Working,2.4,0.51,,,2,374,73,733.3333333333334,Recent,Budget,Accessory
Monitor,Generic,Dead,1.4,6.79,,20.5,2,724,96,106.62739322533137,Recent,Budget,Computer
Monitor,HP,Working,0.6,3.2,,28.1,1,10913,1137,3410.3125,New,Budget,Computer
Charger,Lenovo,Dead,1.8,0.12,,,3,93,19,775.0,Recent,Budget,Accessory
Headphones,Sony,Repairable,1.8,0.25,,,2,1042,124,4168.0,Recent,Premium,Accessory
Mouse,Sony,Dead,1.5,0.16,,,1,186,28,1162.5,Recent,Premium,Computer
Headphones,Dell,Repairable,0.6,0.31,,,3,1197,140,3861.2903225806454,New,Premium,Accessory
Smartphone,Samsung,Repairable,1.9,0.24,128.0,5.3,3,5431,568,22629.166666666668,Recent,Premium,Mobile
Charger,LG,Repairable,0.6,0.23,,,2,232,43,1008.695652173913,New,Budget,Accessory
Battery,Local,Repairable,2.3,0.77,,,1,216,43,280.5194805194805,Recent,Budget,Accessory
Battery,Apple,Repairable,1.5,0.62,,,3,686,89,1106.4516129032259,Recent,Premium,Accessory
Monitor,Sony,Repairable,2.1,7.71,,31.5,3,3508,385,454.9935149156939,Recent,Premium,Computer
Charger,Realme,Working,5.2,0.14,,,3,102,45,728.5714285714286,Very_Old,Budget,Accessory
Headphones,OnePlus,Working,0.7,0.21,,,2,1796,214,8552.380952380952,New,Budget,Accessory
Battery,Acer,Working,2.8,0.34,,,1,661,102,1944.1176470588234,Recent,Budget,Accessory
Battery,Asus,Dead,4.2,0.31,,,2,151,26,487.0967741935484,Old,Budget,Accessory
Tablet,Realme,Repairable,1.2,0.45,256.0,11.1,2,4976,518,11057.777777777777,Recent,Budget,Mobile
Smartphone,Lenovo,Working,4.7,0.22,256.0,5.5,3,5192,559,23600.0,Old,Budget,Mobile
Speaker,Asus,Working,0.9,2.5,,,2,3125,352,1250.0,New,Budget,Accessory
Monitor,OnePlus,Repairable,8.0,5.06,,29.1,3,430,73,84.9802371541502,Very_Old,Budget,Computer
Tablet,Asus,Working,1.3,0.77,512.0,10.1,2,16559,1697,21505.194805194806,Recent,Budget,Mobile
Speaker,Sony,Working,3.3,2.51,,,3,1545,194,615.5378486055778,Old,Premium,Accessory
Monitor,Asus,Working,5.2,5.53,,23.2,3,3581,404,647.5587703435805,Very_Old,Budget,Computer
Tablet,Apple,Working,5.0,0.56,256.0,12.4,2,8282,869,14789.285714285714,Old,Premium,Mobile
Laptop,Xiaomi,Repairable,0.7,1.98,1024.0,16.8,2,11652,1194,5884.848484848485,New,Budget,Computer
Battery,Xiaomi,Working,2.2,0.62,,,1,618,97,996.7741935483871,Recent,Budget,Accessory
Smartphone,Local,Dead,1.2,0.18,32.0,6.4,3,926,102,5144.444444444444,Recent,Budget,Mobile
Monitor,Dell,Dead,3.6,6.95,,25.4,2,1112,135,160.0,Old,Premium,Computer
Keyboard,Apple,Repairable,0.6,0.88,,,3,1028,124,1168.1818181818182,New,Premium,Computer
Laptop,Xiaomi,Working,4.9,2.03,256.0,13.6,2,6985,742,3440.8866995073895,Old,Budget,Computer
Mouse,Realme,Working,3.4,0.16,,,3,203,55,1268.75,Old,Budget,Computer
Keyboard,Realme,Dead,0.7,0.99,,,3,143,26,144.44444444444446,New,Budget,Computer
Battery,Generic,Dead,4.0,0.65,,,2,58,16,89.23076923076923,Old,Budget,Accessory
Tablet,Acer,Dead,0.7,0.79,256.0,9.8,1,3158,327,3997.4683544303793,New,Budget,Mobile
Monitor,Generic,Repairable,3.9,7.74,,28.8,3,1441,179,186.17571059431523,Old,Budget,Computer
Mouse,Xiaomi,Repairable,1.4,0.11,,,1,285,48,2590.909090909091,Recent,Budget,Computer
Laptop,Acer,Working,2.1,2.14,128.0,13.4,2,19783,2022,9244.392523364486,Recent,Budget,Computer
Mouse,Samsung,Working,1.9,0.1,,,1,763,111,7630.0,Recent,Premium,Computer
Tablet,Acer,Working,0.6,0.45,256.0,11.2,2,11240,1165,24977.777777777777,New,Budget,Mobile
Mouse,Xiaomi,Repairable,3.2,0.16,,,1,224,42,1400.0,Old,Budget,Computer
Battery,LG,Dead,1.4,0.44,,,2,236,34,536.3636363636364,Recent,Budget,Accessory
Smartphone,Generic,Dead,1.0,0.25,512.0,6.7,2,1052,115,4208.0,New,Budget,Mobile
Smartphone,Sony,Working,0.6,0.24,256.0,6.8,3,11774,1217,49058.333333333336,New,Premium,Mobile
Battery,OnePlus,Repairable,0.7,0.58,,,2,685,89,1181.0344827586207,New,Budget,Accessory
Speaker,Local,Working,2.0,2.26,,,1,1172,157,518.5840707964602,Recent,Budget,Accessory
Battery,Xiaomi,Working,1.7,0.61,,,2,642,100,1052.4590163934427,Recent,Budget,Accessory
Battery,Acer,Working,5.1,0.32,,,2,345,70,1078.125,Very_Old,Budget,Accessory
Tablet,Realme,Repairable,6.5,0.76,256.0,11.0,2,1165,138,1532.8947368421052,Very_Old,Budget,Mobile
Smartphone,Samsung,Repairable,1.1,0.17,64.0,5.6,3,5658,590,33282.35294117647,Recent,Premium,Mobile
Tablet,Apple,Working,2.3,0.43,128.0,12.8,1,22172,2258,51562.79069767442,Recent,Premium,Mobile
Charger,Sony,Dead,2.9,0.21,,,2,94,19,447.61904761904765,Recent,Premium,Accessory
Battery,Lenovo,Dead,3.9,0.64,,,2,114,22,178.125,Old,Budget,Accessory
Mouse,Apple,Dead,5.3,0.18,,,2,116,21,644.4444444444445,Very_Old,Premium,Computer
Laptop,MSI,Dead,3.1,2.42,32.0,16.7,3,3731,388,1541.7355371900826,Old,Premium,Computer
Monitor,HP,Dead,4.5,3.23,,23.9,2,805,96,249.22600619195046,Old,Budget,Computer
Monitor,Dell,Repairable,3.8,7.94,,26.7,1,2810,317,353.904282115869,Old,Premium,Computer
Monitor,Xiaomi,Repairable,1.5,7.85,,29.9,3,2819,317,359.10828025477707,Recent,Budget,Computer
Tablet,Realme,Repairable,1.8,0.57,1024.0,8.3,3,3458,366,6066.666666666667,Recent,Budget,Mobile
Tablet,Lenovo,Working,4.5,0.73,32.0,12.9,3,7104,751,9731.506849315068,Old,Budget,Mobile
Speaker,Asus,Dead,2.1,2.54,,,2,634,78,249.60629921259843,Recent,Budget,Accessory
Monitor,Samsung,Repairable,4.3,4.24,,20.7,3,2511,279,592.2169811320755,Old,Premium,Computer
Monitor,Samsung,Repairable,6.7,6.03,,27.7,2,1027,134,170.3150912106136,Very_Old,Premium,Computer
Speaker,MSI,Working,2.4,1.72,,,3,1832,221,1065.1162790697674,Recent,Premium,Accessory
Smartphone,Sony,Repairable,2.7,0.2,1024.0,5.9,2,5628,587,28140.0,Recent,Premium,Mobile
Mouse,Asus,Working,4.3,0.16,,,3,348,69,2175.0,Old,Budget,Computer
Keyboard,Samsung,Repairable,4.7,0.78,,,2,365,58,467.94871794871796,Old,Premium,Computer
Keyboard,Acer,Working,0.6,1.03,,,1,1390,176,1349.514563106796,New,Budget,Computer
Mouse,Asus,Working,2.9,0.12,,,3,392,74,3266.666666666667,Recent,Budget,Computer
Mouse,MSI,Repairable,0.5,0.14,,,2,443,64,3164.2857142857138,New,Premium,Computer
Speaker,Lenovo,Working,1.5,1.87,,,1,2996,338,1602.139037433155,Recent,Budget,Accessory
Laptop,Lenovo,Dead,1.4,2.27,64.0,14.6,3,4815,496,2121.145374449339,Recent,Budget,Computer
Speaker,Realme,Repairable,2.4,2.72,,,2,823,107,302.5735294117647,Recent,Budget,Accessory
Keyboard,Generic,Working,0.8,1.15,,,2,703,107,611.304347826087,New,Budget,Computer
Charger,MSI,Working,1.1,0.19,,,1,769,111,4047.3684210526317,Recent,Premium,Accessory
Speaker,Acer,Dead,1.9,1.66,,,2,488,61,293.9759036144578,Recent,Budget,Accessory
Mouse,HP,Working,1.0,0.11,,,3,526,87,4781.818181818182,New,Budget,Computer
Keyboard,OnePlus,Dead,0.8,0.61,,,2,278,38,455.7377049180328,New,Budget,Computer
Keyboard,Xiaomi,Dead,2.5,0.63,,,1,174,28,276.1904761904762,Recent,Budget,Computer
Monitor,LG,Repairable,5.0,5.37,,21.2,2,1972,228,367.22532588454374,Old,Budget,Computer
Speaker,Sony,Repairable,0.9,1.08,,,2,1408,162,1303.7037037037037,New,Premium,Accessory
Battery,Acer,Repairable,1.2,0.39,,,2,375,58,961.5384615384615,Recent,Budget,Accessory
Keyboard,Lenovo,Working,0.8,0.82,,,1,1255,162,1530.4878048780488,New,Budget,Computer
Monitor,Sony,Working,1.4,5.52,,19.5,2,9079,958,1644.7463768115942,Recent,Premium,Computer
Tablet,HP,Working,3.7,0.65,256.0,12.3,1,8740,915,13446.153846153846,Old,Budget,Mobile
Speaker,MSI,Repairable,5.6,1.12,,,1,598,81,533.9285714285713,Very_Old,Premium,Accessory
Laptop,Generic,Working,3.8,2.62,64.0,13.8,2,6489,693,2476.717557251908,Old,Budget,Computer
Headphones,Apple,Repairable,1.4,0.35,,,1,1812,202,5177.142857142858,Recent,Premium,Accessory
Smartphone,Apple,Repairable,1.4,0.2,1024.0,5.1,3,8555,880,42775.0,Recent,Premium,Mobile
Keyboard,Samsung,Dead,1.1,1.0,,,2,422,54,422.0,Recent,Premium,Computer
Keyboard,Xiaomi,Repairable,1.9,0.87,,,1,400,62,459.7701149425287,Recent,Budget,Computer
Smartphone,Lenovo,Dead,1.7,0.2,256.0,5.5,1,2138,223,10690.0,Recent,Budget,Mobile
Laptop,LG,Repairable,1.4,1.53,512.0,13.8,2,11454,1173,7486.274509803921,Recent,Budget,Computer
Smartphone,Dell,Working,1.3,0.16,512.0,6.1,3,12245,1264,76531.25,Recent,Premium,Mobile
Laptop,HP,Working,2.8,2.68,256.0,13.3,2,19928,2037,7435.820895522387,Recent,Budget,Computer
Speaker,HP,Dead,2.0,2.17,,,2,601,74,276.95852534562215,Recent,Budget,Accessory
Keyboard,Lenovo,Dead,1.6,0.59,,,3,220,33,372.8813559322034,Recent,Budget,Computer
Headphones,Realme,Repairable,1.4,0.39,,,2,629,83,1612.8205128205127,Recent,Budget,Accessory
Laptop,MSI,Working,1.4,2.98,64.0,13.9,1,28212,2867,9467.114093959732,Recent,Premium,Computer
Laptop,Dell,Working,0.7,1.73,512.0,13.6,1,29449,2987,17022.543352601155,New,Premium,Computer
Smartphone,LG,Repairable,0.9,0.18,512.0,6.6,2,4926,512,27366.666666666668,New,Budget,Mobile
Smartphone,HP,Working,0.7,0.2,128.0,6.8,3,9300,970,46500.0,New,Budget,Mobile
Keyboard,Samsung,Repairable,0.7,0.78,,,3,959,117,1229.4871794871794,New,Premium,Computer
Speaker,Asus,Dead,4.5,2.63,,,1,329,47,125.09505703422053,Old,Budget,Accessory
Laptop,OnePlus,Working,0.9,2.5,64.0,15.2,3,25681,2613,10272.4,New,Budget,Computer
Tablet,Samsung,Working,2.2,0.51,128.0,8.9,2,14839,1524,29096.07843137255,Recent,Premium,Mobile
Speaker,Local,Working,1.3,1.85,,,1,1211,160,654.5945945945946,Recent,Budget,Accessory
Headphones,Acer,Repairable,1.1,0.23,,,1,1047,124,4552.173913043478,Recent,Budget,Accessory
Mouse,Xiaomi,Repairable,1.2,0.16,,,2,207,40,1293.75,Recent,Budget,Computer
Battery,Acer,Working,1.8,0.57,,,1,690,105,1210.5263157894738,Recent,Budget,Accessory
Laptop,HP,Dead,1.3,1.7,512.0,17.0,2,4828,495,2840.0,Recent,Budget,Computer
Smartphone,MSI,Repairable,1.3,0.23,128.0,6.2,2,5195,544,22586.95652173913,Recent,Premium,Mobile
Tablet,Xiaomi,Repairable,3.4,0.64,256.0,10.0,3,3245,345,5070.3125,Old,Budget,Mobile
Tablet,Realme,Repairable,1.4,0.77,256.0,12.7,3,4570,479,5935.064935064935,Recent,Budget,Mobile
Keyboard,Sony,Repairable,0.8,1.01,,,2,967,118,957.4257425742575,New,Premium,Computer
Laptop,Generic,Working,0.9,1.6,256.0,15.3,2,14685,1511,9178.125,New,Budget,Computer
Headphones,Asus,Dead,4.2,0.24,,,3,269,36,1120.8333333333335,Old,Budget,Accessory
Mouse,Apple,Repairable,1.0,0.12,,,2,480,68,4000.0,New,Premium,Computer
Charger,Samsung,Dead,3.9,0.23,,,2,90,19,391.30434782608694,Old,Premium,Accessory
Mouse,Generic,Dead,1.4,0.19,,,2,72,17,378.9473684210526,Recent,Budget,Computer
Mouse,Xiaomi,Repairable,3.9,0.14,,,1,156,35,1114.2857142857142,Old,Budget,Computer
Charger,Realme,Dead,1.7,0.16,,,2,73,17,456.25,Recent,Budget,Accessory
Smartphone,HP,Working,1.9,0.17,64.0,5.7,3,9428,982,55458.82352941176,Recent,Budget,Mobile
Keyboard,Local,Repairable,2.1,1.13,,,1,302,52,267.2566371681416,Recent,Budget,Computer
Speaker,MSI,Working,0.7,2.88,,,1,3579,398,1242.7083333333335,New,Premium,Accessory
Mouse,Apple,Repairable,1.3,0.11,,,1,653,85,5936.363636363636,Recent,Premium,Computer
Laptop,Xiaomi,Dead,2.4,2.3,1024.0,16.2,3,3427,357,1490.0000000000002,Recent,Budget,Computer
Keyboard,Local,Repairable,0.8,0.72,,,2,285,49,395.83333333333337,New,Budget,Computer
Headphones,LG,Dead,3.2,0.21,,,3,282,38,1342.857142857143,Old,Budget,Accessory
Monitor,Xiaomi,Repairable,3.4,7.38,,29.7,2,1863,221,252.4390243902439,Old,Budget,Computer
Speaker,OnePlus,Repairable,0.7,2.69,,,1,1441,169,535.6877323420074,New,Budget,Accessory
Laptop,Lenovo,Dead,1.5,2.7,256.0,13.9,2,4479,462,1658.8888888888887,Recent,Budget,Computer
Mouse,Lenovo,Dead,3.1,0.17,,,1,120,22,705.8823529411765,Old,Budget,Computer
Headphones,Generic,Repairable,2.9,0.36,,,3,333,54,925.0,Recent,Budget,Accessory
Keyboard,Generic,Working,1.3,0.63,,,2,766,112,1215.873015873016,Recent,Budget,Computer
Charger,Sony,Repairable,2.3,0.18,,,2,260,46,1444.4444444444446,Recent,Premium,Accessory
Keyboard,Local,Working,6.4,0.61,,,1,172,53,281.9672131147541,Very_Old,Budget,Computer
Monitor,Realme,Working,1.9,6.06,,30.3,3,3063,353,505.44554455445547,Recent,Budget,Computer
Battery,Apple,Working,5.9,0.58,,,2,553,91,953.4482758620691,Very_Old,Premium,Accessory
Battery,LG,Dead,5.6,0.65,,,3,63,17,96.92307692307692,Very_Old,Budget,Accessory
Tablet,Xiaomi,Dead,2.2,0.64,64.0,11.6,2,1713,182,2676.5625,Recent,Budget,Mobile
Speaker,Sony,Dead,5.9,2.85,,,3,201,36,70.52631578947368,Very_Old,Premium,Accessory
Keyboard,Samsung,Repairable,0.7,1.19,,,2,1019,123,856.3025210084033,New,Premium,Computer
Tablet,LG,Dead,0.8,0.77,64.0,10.5,1,3768,388,4893.506493506494,New,Budget,Mobile
Headphones,Sony,Repairable,2.3,0.32,,,2,812,102,2537.5,Recent,Premium,Accessory
Laptop,Generic,Working,1.3,2.7,1024.0,14.3,3,9146,959,3387.4074074074074,Recent,Budget,Computer
Battery,Sony,Repairable,1.5,0.57,,,3,589,79,1033.3333333333335,Recent,Premium,Accessory
Keyboard,Generic,Repairable,1.4,0.74,,,2,383,59,517.5675675675676,Recent,Budget,Computer
Monitor,Asus,Repairable,1.7,4.12,,20.8,1,4330,461,1050.9708737864078,Recent,Budget,Computer
Monitor,Acer,Working,0.9,5.49,,30.9,3,6059,656,1103.6429872495446,New,Budget,Computer
Laptop,Xiaomi,Working,1.4,2.37,128.0,13.1,3,14350,1480,6054.852320675105,Recent,Budget,Computer
Smartphone,Sony,Dead,2.7,0.17,128.0,5.3,2,2342,244,13776.470588235294,Recent,Premium,Mobile
Battery,Dell,Working,1.6,0.34,,,2,1228,158,3611.7647058823527,Recent,Premium,Accessory
Tablet,Dell,Working,1.9,0.64,512.0,11.7,3,10679,1108,16685.9375,Recent,Premium,Mobile
Speaker,Asus,Working,1.0,2.8,,,3,2180,259,778.5714285714287,New,Budget,Accessory
Tablet,HP,Repairable,0.9,0.41,128.0,10.8,2,7409,766,18070.731707317074,New,Budget,Mobile
Smartphone,Local,Dead,0.6,0.23,128.0,5.9,2,1024,112,4452.173913043478,New,Budget,Mobile
Tablet,Samsung,Repairable,1.7,0.56,128.0,8.8,3,7188,744,12835.714285714284,Recent,Premium,Mobile
Headphones,Asus,Dead,0.9,0.46,,,2,568,67,1234.782608695652,New,Budget,Accessory
Keyboard,Generic,Working,1.4,0.69,,,3,617,97,894.2028985507247,Recent,Budget,Computer
Keyboard,Samsung,Working,1.6,0.52,,,2,1268,162,2438.4615384615386,Recent,Premium,Computer
Speaker,Lenovo,Dead,3.0,2.32,,,1,376,52,162.0689655172414,Recent,Budget,Accessory
Battery,Lenovo,Working,1.0,0.42,,,3,908,126,2161.904761904762,New,Budget,Accessory
Smartphone,Local,Repairable,0.5,0.16,256.0,5.3,3,2736,293,17100.0,New,Budget,Mobile
Headphones,MSI,Dead,2.6,0.27,,,2,338,44,1251.8518518518517,Recent,Premium,Accessory
Charger,HP,Repairable,1.1,0.24,,,2,333,53,1387.5,Recent,Budget,Accessory
Tablet,Asus,Working,4.0,0.56,1024.0,9.0,2,9523,993,17005.35714285714,Old,Budget,Mobile
Headphones,MSI,Repairable,1.2,0.47,,,2,941,115,2002.1276595744682,Recent,Premium,Accessory
Tablet,Samsung,Dead,0.7,0.48,128.0,8.9,3,2807,291,5847.916666666667,New,Premium,Mobile
Tablet,HP,Working,2.2,0.57,512.0,12.0,3,13152,1356,23073.684210526317,Recent,Budget,Mobile
Charger,OnePlus,Repairable,1.3,0.15,,,1,297,49,1980.0,Recent,Budget,Accessory
Tablet,Lenovo,Dead,2.3,0.51,256.0,10.0,3,2483,259,4868.6274509803925,Recent,Budget,Mobile
Headphones,Acer,Dead,2.1,0.33,,,3,278,38,842.4242424242424,Recent,Budget,Accessory
Keyboard,Samsung,Working,6.4,1.03,,,3,325,69,315.53398058252424,Very_Old,Premium,Computer
Battery,Generic,Dead,4.6,0.54,,,2,70,18,129.62962962962962,Old,Budget,Accessory
Battery,Apple,Working,3.7,0.51,,,1,868,122,1701.9607843137255,Old,Premium,Accessory
Charger,Asus,Repairable,1.1,0.21,,,1,338,53,1609.5238095238096,Recent,Budget,Accessory
Battery,Generic,Repairable,1.1,0.37,,,2,310,52,837.8378378378378,Recent,Budget,Accessory
Monitor,Xiaomi,Working,8.0,5.63,,22.5,3,488,94,86.6785079928952,Very_Old,Budget,Computer
Mouse,Sony,Dead,0.5,0.19,,,1,170,27,894.7368421052631,New,Premium,Computer
Laptop,Asus,Dead,2.2,1.91,1024.0,15.6,2,5211,540,2728.2722513089006,Recent,Budget,Computer
Battery,Samsung,Working,4.0,0.4,,,3,514,87,1285.0,Old,Premium,Accessory
Headphones,Xiaomi,Working,0.8,0.47,,,1,1783,214,3793.617021276596,New,Budget,Accessory
Mouse,Dell,Working,2.3,0.16,,,2,652,100,4075.0,Recent,Premium,Computer
Mouse,LG,Repairable,0.9,0.19,,,3,299,49,1573.6842105263158,New,Budget,Computer
Battery,Asus,Working,1.5,0.56,,,2,786,114,1403.5714285714284,Recent,Budget,Accessory
Battery,Lenovo,Working,0.9,0.67,,,2,797,115,1189.55223880597,New,Budget,Accessory
Keyboard,Xiaomi,Dead,2.3,0.67,,,3,149,25,222.38805970149252,Recent,Budget,Computer
Laptop,Asus,Working,1.2,2.03,1024.0,14.2,2,27958,2839,13772.41379310345,Recent,Budget,Computer
Battery,Lenovo,Working,2.2,0.54,,,1,925,128,1712.9629629629628,Recent,Budget,Accessory
Keyboard,Samsung,Repairable,6.0,1.01,,,2,243,46,240.59405940594058,Very_Old,Premium,Computer
Speaker,Apple,Working,0.6,1.52,,,2,4508,488,2965.7894736842104,New,Premium,Accessory
Tablet,MSI,Repairable,0.6,0.6,32.0,9.6,3,7895,815,13158.333333333334,New,Premium,Mobile
Mouse,HP,Repairable,3.4,0.11,,,3,185,38,1681.8181818181818,Old,Budget,Computer
Monitor,Sony,Dead,3.1,5.48,,24.7,3,1422,163,259.4890510948905,Old,Premium,Computer
Speaker,Apple,Working,1.1,2.64,,,3,4094,449,1550.7575757575758,Recent,Premium,Accessory
Tablet,OnePlus,Working,2.9,0.51,64.0,9.8,1,11592,1200,22729.41176470588,Recent,Budget,Mobile
Smartphone,Dell,Working,0.7,0.24,64.0,6.7,2,9924,1032,41350.0,New,Premium,Mobile
Smartphone,Dell,Working,1.7,0.17,64.0,6.6,3,9232,963,54305.882352941175,Recent,Premium,Mobile
Mouse,Samsung,Repairable,3.1,0.18,,,2,327,52,1816.6666666666667,Old,Premium,Computer
Charger,OnePlus,Repairable,2.9,0.27,,,2,197,40,729.6296296296296,Recent,Budget,Accessory
Monitor,Realme,Working,1.8,4.11,,31.3,3,4604,503,1120.1946472019463,Recent,Budget,Computer
Mouse,Lenovo,Repairable,0.6,0.17,,,3,376,57,2211.7647058823527,New,Budget,Computer
Smartphone,Xiaomi,Dead,0.9,0.21,256.0,5.1,2,2059,215,9804.761904761905,New,Budget,Mobile
Keyboard,Acer,Dead,2.9,0.71,,,1,252,36,354.92957746478874,Recent,Budget,Computer
Laptop,Sony,Repairable,7.6,2.92,32.0,16.4,1,1734,199,593.8356164383562,Very_Old,Premium,Computer
Speaker,Asus,Repairable,4.2,1.64,,,3,849,107,517.6829268292684,Old,Budget,Accessory
Battery,Realme,Repairable,0.6,0.6,,,2,304,51,506.6666666666667,New,Budget,Accessory
Speaker,LG,Working,0.8,1.15,,,3,2509,287,2181.739130434783,New,Budget,Accessory
Mouse,Acer,Dead,1.3,0.17,,,2,105,20,617.6470588235294,Recent,Budget,Computer
Monitor,LG,Working,1.3,5.7,,23.1,2,8084,859,1418.2456140350878,Recent,Budget,Computer
Battery,Acer,Working,2.5,0.74,,,2,714,107,964.8648648648649,Recent,Budget,Accessory
Headphones,Sony,Dead,1.0,0.21,,,2,591,69,2814.285714285714,New,Premium,Accessory
Keyboard,Samsung,Working,0.5,1.11,,,1,1904,227,1715.3153153153153,New,Premium,Computer
Battery,Samsung,Repairable,6.1,0.7,,,2,236,44,337.14285714285717,Very_Old,Premium,Accessory
Tablet,OnePlus,Working,1.4,0.71,512.0,10.4,2,13717,1412,19319.718309859156,Recent,Budget,Mobile
Laptop,LG,Working,2.5,2.81,1024.0,16.1,3,20700,2116,7366.548042704626,Recent,Budget,Computer
Battery,Generic,Dead,1.6,0.51,,,1,131,24,256.8627450980392,Recent,Budget,Accessory
Headphones,Realme,Working,1.0,0.23,,,1,1244,159,5408.695652173913,New,Budget,Accessory
Mouse,HP,Working,1.2,0.13,,,2,597,94,4592.307692307692,Recent,Budget,Computer
Laptop,Sony,Dead,0.6,1.53,128.0,14.7,1,8326,850,5441.830065359477,New,Premium,Computer
Headphones,Realme,Working,1.5,0.4,,,2,993,135,2482.5,Recent,Budget,Accessory
Mouse,MSI,Dead,6.5,0.18,,,2,50,15,277.77777777777777,Very_Old,Premium,Computer
Mouse,Apple,Repairable,1.6,0.19,,,2,600,80,3157.8947368421054,Recent,Premium,Computer
Headphones,Apple,Working,1.8,0.38,,,3,2146,250,5647.368421052632,Recent,Premium,Accessory
Headphones,Local,Working,8.0,0.27,,,1,127,48,470.3703703703703,Very_Old,Budget,Accessory
Tablet,Realme,Repairable,2.6,0.64,32.0,9.1,1,3727,393,5823.4375,Recent,Budget,Mobile
Smartphone,Samsung,Repairable,0.9,0.17,64.0,6.4,2,5734,598,33729.41176470588,New,Premium,Mobile
Keyboard,Sony,Working,1.4,0.54,,,2,1670,203,3092.5925925925926,Recent,Premium,Computer
Charger,MSI,Dead,4.8,0.29,,,2,79,18,272.4137931034483,Old,Premium,Accessory
Smartphone,Dell,Working,0.9,0.19,512.0,6.3,1,15094,1549,79442.1052631579,New,Premium,Mobile
Laptop,Lenovo,Repairable,0.8,2.72,256.0,13.9,2,11923,1222,4383.4558823529405,New,Budget,Computer
Keyboard,LG,Working,2.0,0.92,,,3,1010,138,1097.8260869565217,Recent,Budget,Computer
Laptop,Sony,Repairable,0.7,2.82,128.0,13.5,2,13220,1353,4687.943262411348,New,Premium,Computer
Speaker,Xiaomi,Repairable,4.9,2.91,,,2,528,78,181.44329896907215,Old,Budget,Accessory
Monitor,LG,Dead,3.8,6.28,,20.1,1,1209,143,192.51592356687897,Old,Budget,Computer
Monitor,Lenovo,Dead,1.6,4.86,,28.4,3,1301,150,267.6954732510288,Recent,Budget,Computer
Headphones,Lenovo,Working,1.9,0.22,,,1,1618,196,7354.545454545455,Recent,Budget,Accessory
Battery,Dell,Working,2.8,0.34,,,2,960,132,2823.529411764706,Recent,Premium,Accessory
Monitor,OnePlus,Repairable,1.9,5.4,,29.7,2,4035,434,747.2222222222222,Recent,Budget,Computer
Charger,Samsung,Working,1.4,0.24,,,3,560,91,2333.3333333333335,Recent,Premium,Accessory
Battery,Apple,Repairable,1.1,0.74,,,1,1010,122,1364.8648648648648,Recent,Premium,Accessory
Charger,Realme,Repairable,2.6,0.27,,,2,155,36,574.074074074074,Recent,Budget,Accessory
Battery,Lenovo,Working,3.0,0.72,,,1,815,117,1131.9444444444446,Recent,Budget,Accessory
Charger,Dell,Dead,2.8,0.22,,,2,114,21,518.1818181818181,Recent,Premium,Accessory
Charger,Samsung,Repairable,0.8,0.28,,,1,448,65,1599.9999999999998,New,Premium,Accessory
Battery,Realme,Repairable,0.6,0.71,,,1,319,52,449.29577464788736,New,Budget,Accessory
Headphones,Acer,Working,1.3,0.42,,,2,1422,178,3385.714285714286,Recent,Budget,Accessory
Tablet,Samsung,Repairable,3.9,0.73,32.0,8.0,2,5229,548,7163.013698630137,Old,Premium,Mobile
Monitor,Local,Dead,1.2,6.08,,27.2,2,919,113,151.15131578947367,Recent,Budget,Computer
Tablet,HP,Working,1.1,0.65,128.0,11.8,1,15133,1554,23281.53846153846,Recent,Budget,Mobile
Speaker,Dell,Dead,0.7,2.52,,,2,726,87,288.0952380952381,New,Premium,Accessory
Tablet,MSI,Repairable,7.1,0.54,256.0,12.6,3,1404,161,2600.0,Very_Old,Premium,Mobile
Speaker,Xiaomi,Repairable,0.7,2.87,,,3,993,125,345.993031358885,New,Budget,Accessory
Speaker,Sony,Dead,0.6,1.6,,,2,784,91,490.0,New,Premium,Accessory
Tablet,Xiaomi,Working,0.6,0.63,256.0,11.0,2,9962,1037,15812.698412698413,New,Budget,Mobile
Headphones,Realme,Working,0.6,0.46,,,2,1507,186,3276.086956521739,New,Budget,Accessory
Headphones,Xiaomi,Repairable,7.4,0.42,,,1,88,29,209.52380952380952,Very_Old,Budget,Accessory
Headphones,Samsung,Repairable,3.3,0.21,,,3,646,84,3076.190476190476,Old,Premium,Accessory
Laptop,Realme,Repairable,1.3,2.23,256.0,15.7,2,8822,911,3956.053811659193,Recent,Budget,Computer
Mouse,MSI,Repairable,1.7,0.13,,,1,477,67,3669.230769230769,Recent,Premium,Computer
Speaker,Asus,Working,1.6,1.9,,,2,2182,257,1148.421052631579,Recent,Budget,Accessory
Mouse,Dell,Dead,3.7,0.17,,,2,96,19,564.7058823529411,Old,Premium,Computer
Charger,Acer,Working,0.7,0.24,,,2,506,85,2108.3333333333335,New,Budget,Accessory
Smartphone,HP,Repairable,1.1,0.25,256.0,5.8,2,5176,542,20704.0,Recent,Budget,Mobile
Speaker,Dell,Working,6.3,1.84,,,3,783,117,425.54347826086956,Very_Old,Premium,Accessory
Battery,LG,Dead,1.5,0.44,,,2,242,35,550.0,Recent,Budget,Accessory
Smartphone,MSI,Repairable,1.6,0.24,128.0,5.4,1,5411,566,22545.833333333336,Recent,Premium,Mobile
Laptop,OnePlus,Repairable,0.6,2.48,128.0,16.5,1,14216,1451,5732.258064516129,New,Budget,Computer
Speaker,Generic,Working,1.8,2.94,,,1,1176,158,400.0,Recent,Budget,Accessory
Tablet,Local,Working,4.6,0.71,1024.0,12.1,2,3551,391,5001.408450704225,Old,Budget,Mobile
Battery,Dell,Repairable,3.4,0.61,,,3,310,52,508.1967213114754,Old,Premium,Accessory
Headphones,OnePlus,Working,0.6,0.48,,,3,2046,240,4262.5,New,Budget,Accessory
Tablet,Asus,Repairable,3.7,0.59,1024.0,8.6,3,3915,412,6635.593220338983,Old,Budget,Mobile
Mouse,Samsung,Repairable,2.8,0.14,,,2,286,48,2042.8571428571427,Recent,Premium,Computer
Charger,Apple,Working,1.9,0.11,,,1,821,117,7463.636363636364,Recent,Premium,Accessory
Monitor,Sony,Dead,1.1,6.99,,24.9,2,1877,211,268.52646638054364,Recent,Premium,Computer
Monitor,Dell,Working,0.5,3.36,,25.2,1,10034,1050,2986.309523809524,New,Premium,Computer
Laptop,OnePlus,Dead,2.3,1.94,1024.0,16.4,3,4868,500,2509.278350515464,Recent,Budget,Computer
Smartphone,Asus,Working,3.5,0.15,512.0,5.2,1,8147,854,54313.333333333336,Old,Budget,Mobile
Battery,Dell,Working,1.1,0.79,,,3,849,121,1074.6835443037974,Recent,Premium,Accessory
Speaker,MSI,Dead,1.9,2.24,,,3,586,72,261.60714285714283,Recent,Premium,Accessory
Smartphone,LG,Working,2.1,0.15,1024.0,5.9,1,9033,943,60220.0,Recent,Budget,Mobile
Keyboard,Realme,Working,0.7,0.75,,,3,610,98,813.3333333333334,New,Budget,Computer
Keyboard,HP,Repairable,0.7,0.78,,,2,656,87,841.025641025641,New,Budget,Computer
Keyboard,Local,Dead,2.2,0.98,,,2,124,24,126.53061224489797,Recent,Budget,Computer
Speaker,Xiaomi,Repairable,0.9,1.33,,,1,925,115,695.4887218045112,New,Budget,Accessory
Battery,OnePlus,Repairable,2.5,0.65,,,3,322,53,495.38461538461536,Recent,Budget,Accessory
Monitor,MSI,Repairable,6.0,3.26,,28.2,3,1399,166,429.14110429447857,Very_Old,Premium,Computer
Smartphone,Asus,Repairable,4.6,0.22,128.0,5.6,2,3163,336,14377.272727272728,Old,Budget,Mobile
Laptop,Acer,Dead,3.9,1.62,32.0,15.2,1,3557,368,2195.679012345679,Old,Budget,Computer
Tablet,Lenovo,Repairable,3.9,0.58,512.0,10.6,1,5242,550,9037.931034482759,Old,Budget,Mobile
Battery,Samsung,Dead,3.1,0.34,,,1,179,28,526.470588235294,Old,Premium,Accessory
Keyboard,Local,Working,1.1,0.61,,,1,713,107,1168.8524590163934,Recent,Budget,Computer
Smartphone,LG,Repairable,1.0,0.25,64.0,5.3,2,4750,495,19000.0,New,Budget,Mobile
Laptop,Sony,Working,3.6,2.49,128.0,15.2,3,15107,1555,6067.068273092369,Old,Premium,Computer
Charger,MSI,Working,3.0,0.15,,,1,571,92,3806.666666666667,Recent,Premium,Accessory
Keyboard,Acer,Dead,7.9,0.96,,,3,45,16,46.875,Very_Old,Budget,Computer
Keyboard,Xiaomi,Repairable,2.8,0.55,,,3,272,48,494.5454545454545,Recent,Budget,Computer
Smartphone,Lenovo,Working,1.1,0.2,64.0,6.3,2,10681,1108,53405.0,Recent,Budget,Mobile
Speaker,OnePlus,Repairable,3.2,1.85,,,3,874,111,472.4324324324324,Old,Budget,Accessory
Monitor,Lenovo,Working,1.4,7.94,,30.3,1,6408,696,807.0528967254407,Recent,Budget,Computer
Speaker,Xiaomi,Working,2.2,1.88,,,3,1502,189,798.936170212766,Recent,Budget,Accessory
Keyboard,Realme,Repairable,1.8,1.11,,,2,446,66,401.8018018018018,Recent,Budget,Computer
Speaker,HP,Repairable,1.6,1.55,,,1,1549,177,999.3548387096774,Recent,Budget,Accessory
Smartphone,Realme,Working,5.4,0.17,512.0,6.1,2,2773,312,16311.764705882351,Very_Old,Budget,Mobile
Laptop,OnePlus,Dead,3.1,1.7,32.0,16.6,3,3868,399,2275.294117647059,Old,Budget,Computer
Mouse,OnePlus,Dead,0.9,0.12,,,2,191,29,1591.6666666666667,New,Budget,Computer
Smartphone,LG,Dead,0.9,0.24,32.0,5.4,2,2201,230,9170.833333333334,New,Budget,Mobile
Charger,Lenovo,Repairable,4.6,0.19,,,2,139,33,731.578947368421,Old,Budget,Accessory
Laptop,Sony,Working,1.4,2.39,1024.0,14.6,2,23425,2387,9801.255230125522,Recent,Premium,Computer
Speaker,Acer,Dead,7.5,1.52,,,1,70,20,46.05263157894737,Very_Old,Budget,Accessory
Charger,OnePlus,Working,1.3,0.25,,,2,449,79,1796.0,Recent,Budget,Accessory
Keyboard,Acer,Repairable,7.5,0.82,,,1,69,28,84.14634146341464,Very_Old,Budget,Computer
Tablet,Samsung,Repairable,0.7,0.47,256.0,9.7,1,10948,1120,23293.617021276597,New,Premium,Mobile
Monitor,Apple,Dead,4.0,5.15,,27.0,3,1364,156,264.8543689320388,Old,Premium,Computer
Charger,Local,Working,3.0,0.13,,,2,144,49,1107.6923076923076,Recent,Budget,Accessory
Mouse,Xiaomi,Working,0.6,0.17,,,3,463,81,2723.529411764706,New,Budget,Computer
Monitor,Lenovo,Working,1.8,7.22,,26.6,3,6794,733,940.9972299168976,Recent,Budget,Computer
Charger,Lenovo,Working,4.6,0.14,,,2,216,56,1542.8571428571427,Old,Budget,Accessory
Battery,Acer,Repairable,1.1,0.33,,,3,415,62,1257.5757575757575,Recent,Budget,Accessory
Charger,Dell,Repairable,6.0,0.11,,,2,87,28,790.9090909090909,Very_Old,Premium,Accessory
Mouse,Lenovo,Dead,1.7,0.19,,,3,110,21,578.9473684210526,Recent,Budget,Computer
Laptop,LG,Repairable,1.9,1.56,64.0,16.9,2,8939,921,5730.128205128205,Recent,Budget,Computer
Charger,Samsung,Working,7.2,0.1,,,2,117,46,1170.0,Very_Old,Premium,Accessory
Headphones,Xiaomi,Repairable,2.5,0.46,,,2,577,78,1254.3478260869565,Recent,Budget,Accessory
Keyboard,Sony,Repairable,1.9,0.84,,,3,674,89,802.3809523809524,Recent,Premium,Computer
Charger,Realme,Dead,0.8,0.11,,,1,77,17,700.0,New,Budget,Accessory
Smartphone,Samsung,Repairable,2.9,0.17,256.0,6.7,2,5638,588,33164.70588235294,Recent,Premium,Mobile
Tablet,Apple,Working,0.7,0.67,512.0,12.3,2,23047,2345,34398.50746268657,New,Premium,Mobile
Keyboard,Apple,Working,0.9,0.98,,,1,2607,297,2660.204081632653,New,Premium,Computer
Charger,Sony,Working,6.3,0.24,,,2,165,51,687.5,Very_Old,Premium,Accessory
Speaker,Dell,Repairable,2.4,2.74,,,3,1199,144,437.5912408759124,Recent,Premium,Accessory
Charger,Xiaomi,Dead,0.6,0.29,,,2,96,20,331.0344827586207,New,Budget,Accessory
Mouse,Sony,Working,2.8,0.12,,,2,597,94,4975.0,Recent,Premium,Computer
Monitor,Samsung,Working,1.5,6.26,,27.6,1,8300,883,1325.8785942492013,Recent,Premium,Computer
Mouse,LG,Dead,8.0,0.1,,,1,55,15,550.0,Very_Old,Budget,Computer
Headphones,Acer,Repairable,1.5,0.46,,,3,862,107,1873.9130434782608,Recent,Budget,Accessory
Headphones,Acer,Dead,2.2,0.42,,,2,381,49,907.1428571428572,Recent,Budget,Accessory
Laptop,Dell,Dead,1.5,1.99,256.0,16.2,1,7226,741,3631.1557788944724,Recent,Premium,Computer
Keyboard,Samsung,Dead,3.4,1.06,,,3,218,33,205.66037735849056,Old,Premium,Computer
Charger,Asus,Working,3.9,0.12,,,1,372,72,3100.0,Old,Budget,Accessory
Mouse,Lenovo,Dead,0.5,0.13,,,3,132,23,1015.3846153846154,New,Budget,Computer
Tablet,MSI,Working,1.5,0.68,64.0,10.2,1,14564,1497,21417.647058823528,Recent,Premium,Mobile
Monitor,MSI,Working,1.0,4.87,,20.0,3,7155,765,1469.1991786447638,New,Premium,Computer
Smartphone,Sony,Repairable,2.3,0.22,128.0,5.8,2,5177,542,23531.81818181818,Recent,Premium,Mobile
Mouse,Dell,Repairable,1.5,0.19,,,1,414,61,2178.9473684210525,Recent,Premium,Computer
Headphones,LG,Dead,1.8,0.21,,,3,327,42,1557.142857142857,Recent,Budget,Accessory
Mouse,LG,Dead,1.5,0.14,,,3,126,22,899.9999999999999,Recent,Budget,Computer
Laptop,Dell,Dead,2.0,2.41,1024.0,16.3,1,6942,714,2880.4979253112033,Recent,Premium,Computer
Keyboard,Asus,Repairable,3.0,1.17,,,1,477,69,407.69230769230774,Recent,Budget,Computer
Mouse,Asus,Repairable,0.9,0.1,,,3,357,55,3570.0,New,Budget,Computer
Tablet,LG,Repairable,5.1,0.5,32.0,8.3,3,3148,335,6296.0,Very_Old,Budget,Mobile
Mouse,Dell,Working,5.9,0.14,,,1,228,57,1628.5714285714284,Very_Old,Premium,Computer
Monitor,Sony,Dead,1.8,4.28,,23.0,2,1677,186,391.822429906542,Recent,Premium,Computer
Headphones,Generic,Working,3.7,0.36,,,1,661,102,1836.111111111111,Old,Budget,Accessory
Mouse,Lenovo,Working,2.4,0.17,,,2,463,81,2723.529411764706,Recent,Budget,Computer
Mouse,Samsung,Repairable,1.6,0.11,,,1,380,58,3454.5454545454545,Recent,Premium,Computer
Speaker,Dell,Working,2.8,1.36,,,2,2267,264,1666.9117647058822,Recent,Premium,Accessory
Speaker,Sony,Dead,3.0,1.21,,,2,513,63,423.9669421487603,Recent,Premium,Accessory
Smartphone,Samsung,Working,1.1,0.25,1024.0,6.5,3,11652,1205,46608.0,Recent,Premium,Mobile
Headphones,Asus,Working,2.1,0.21,,,2,1844,219,8780.952380952382,Recent,Budget,Accessory
Speaker,Asus,Working,6.5,2.2,,,3,697,108,316.8181818181818,Very_Old,Budget,Accessory
Mouse,Lenovo,Repairable,4.8,0.12,,,2,144,34,1200.0,Old,Budget,Computer
Monitor,MSI,Dead,2.4,5.06,,30.7,2,1893,209,374.11067193675893,Recent,Premium,Computer
Keyboard,Samsung,Repairable,1.4,0.67,,,1,998,120,1489.55223880597,Recent,Premium,Computer
Battery,Xiaomi,Repairable,1.1,0.71,,,2,353,56,497.1830985915493,Recent,Budget,Accessory
Tablet,Sony,Dead,2.7,0.44,128.0,10.2,3,2490,260,5659.090909090909,Recent,Premium,Mobile
Charger,LG,Working,2.3,0.13,,,2,453,80,3484.6153846153843,Recent,Budget,Accessory
Mouse,Samsung,Working,4.5,0.12,,,2,351,70,2925.0,Old,Premium,Computer
Headphones,Xiaomi,Working,0.5,0.39,,,1,1682,204,4312.820512820513,New,Budget,Accessory
Headphones,LG,Dead,2.1,0.27,,,2,354,46,1311.111111111111,Recent,Budget,Accessory
Tablet,Generic,Working,2.3,0.6,512.0,8.7,3,6682,709,11136.666666666668,Recent,Budget,Mobile
Monitor,MSI,Working,2.9,5.02,,28.3,3,5779,627,1151.1952191235061,Recent,Premium,Computer
Keyboard,Xiaomi,Dead,2.9,1.19,,,2,133,25,111.76470588235294,Recent,Budget,Computer
Laptop,LG,Repairable,0.7,2.59,64.0,14.1,1,14003,1430,5406.563706563707,New,Budget,Computer
Charger,Apple,Working,0.7,0.12,,,2,993,134,8275.0,New,Premium,Accessory
Keyboard,Lenovo,Repairable,0.9,0.73,,,3,551,76,754.7945205479452,New,Budget,Computer
Battery,Dell,Dead,1.4,0.33,,,3,220,33,666.6666666666666,Recent,Premium,Accessory
Battery,Sony,Working,0.6,0.7,,,1,1156,151,1651.4285714285716,New,Premium,Accessory
Mouse,HP,Working,2.1,0.19,,,1,681,103,3584.2105263157896,Recent,Budget,Computer
Battery,OnePlus,Repairable,2.0,0.46,,,2,447,65,971.7391304347825,Recent,Budget,Accessory
Speaker,Asus,Repairable,2.7,2.99,,,1,1330,159,444.81605351170566,Recent,Budget,Accessory
Laptop,LG,Working,2.1,2.6,128.0,13.2,2,18458,1890,7099.230769230769,Recent,Budget,Computer
Charger,MSI,Working,2.2,0.29,,,2,433,79,1493.103448275862,Recent,Premium,Accessory
Battery,OnePlus,Working,2.8,0.4,,,1,867,122,2167.5,Recent,Budget,Accessory
Charger,MSI,Repairable,0.7,0.19,,,2,368,56,1936.842105263158,New,Premium,Accessory
Speaker,Local,Repairable,1.4,2.33,,,2,651,90,279.3991416309013,Recent,Budget,Accessory
Speaker,Sony,Working,5.7,1.47,,,3,922,130,627.2108843537416,Very_Old,Premium,Accessory
Headphones,Realme,Working,0.8,0.5,,,3,1300,166,2600.0,New,Budget,Accessory
Mouse,Xiaomi,Repairable,2.1,0.18,,,1,232,43,1288.888888888889,Recent,Budget,Computer
Smartphone,Sony,Working,2.5,0.16,32.0,5.2,3,8800,920,55000.0,Recent,Premium,Mobile
Speaker,Lenovo,Dead,4.0,2.56,,,3,335,48,130.859375,Old,Budget,Accessory
Smartphone,Realme,Repairable,0.6,0.18,1024.0,5.6,3,3056,325,16977.777777777777,New,Budget,Mobile
Speaker,Realme,Working,0.7,2.87,,,1,1873,228,652.6132404181185,New,Budget,Accessory
Keyboard,Dell,Repairable,1.2,0.78,,,3,687,90,880.7692307692307,Recent,Premium,Computer
Battery,Dell,Dead,2.3,0.56,,,1,272,38,485.71428571428567,Recent,Premium,Accessory
Speaker,Acer,Working,1.9,2.98,,,1,2518,292,844.9664429530202,Recent,Budget,Accessory
Charger,LG,Working,1.0,0.29,,,2,426,78,1468.9655172413793,New,Budget,Accessory
Battery,OnePlus,Dead,3.9,0.49,,,3,148,25,302.0408163265306,Old,Budget,Accessory
Smartphone,Acer,Working,4.6,0.23,64.0,5.5,2,4875,522,21195.652173913044,Old,Budget,Mobile
Keyboard,OnePlus,Working,0.7,0.78,,,3,1118,148,1433.3333333333333,New,Budget,Computer
Keyboard,Local,Repairable,2.9,0.74,,,2,272,48,367.56756756756755,Recent,Budget,Computer
Headphones,Realme,Repairable,2.5,0.45,,,3,395,60,877.7777777777777,Recent,Budget,Accessory
Headphones,OnePlus,Working,4.5,0.48,,,3,964,132,2008.3333333333335,Old,Budget,Accessory
Headphones,MSI,Working,2.4,0.43,,,1,1727,208,4016.279069767442,Recent,Premium,Accessory
Keyboard,Sony,Repairable,1.9,0.78,,,2,603,82,773.0769230769231,Recent,Premium,Computer
Headphones,Lenovo,Working,1.4,0.22,,,2,1446,179,6572.727272727273,Recent,Budget,Accessory
Battery,Local,Dead,0.8,0.78,,,3,94,21,120.51282051282051,New,Budget,Accessory
Tablet,Lenovo,Working,7.3,0.57,1024.0,10.5,1,1984,234,3480.701754385965,Very_Old,Budget,Mobile
Keyboard,Asus,Working,1.7,0.57,,,2,1312,167,2301.7543859649127,Recent,Budget,Computer
Monitor,Generic,Repairable,1.0,6.1,,21.0,3,2116,243,346.88524590163934,New,Budget,Computer
Headphones,Dell,Working,0.6,0.43,,,3,2084,244,4846.511627906977,New,Premium,Accessory
Monitor,HP,Working,0.6,7.97,,28.0,3,6435,699,807.4027603513175,New,Budget,Computer
Monitor,Asus,Working,8.0,4.2,,20.6,1,882,131,210.0,Very_Old,Budget,Computer
Charger,Acer,Repairable,1.2,0.12,,,2,258,45,2150.0,Recent,Budget,Accessory
Tablet,Apple,Dead,0.6,0.6,64.0,12.0,2,6007,616,10011.666666666668,New,Premium,Mobile
Keyboard,Xiaomi,Repairable,2.4,0.71,,,3,376,58,529.5774647887324,Recent,Budget,Computer
Headphones,Sony,Working,2.0,0.33,,,1,1806,216,5472.727272727272,Recent,Premium,Accessory
Laptop,Asus,Repairable,4.9,2.17,512.0,14.5,3,5264,555,2425.8064516129034,Old,Budget,Computer
Smartphone,Local,Dead,1.6,0.23,256.0,6.4,3,984,108,4278.260869565217,Recent,Budget,Mobile
Tablet,Local,Dead,0.5,0.57,256.0,8.1,3,1385,149,2429.824561403509,New,Budget,Mobile
Tablet,Local,Repairable,1.1,0.7,128.0,10.6,3,2337,254,3338.571428571429,Recent,Budget,Mobile
Smartphone,Lenovo,Repairable,1.0,0.15,32.0,6.8,3,4100,430,27333.333333333336,New,Budget,Mobile
Charger,Lenovo,Repairable,3.7,0.29,,,2,170,38,586.2068965517242,Old,Budget,Accessory
Mouse,Xiaomi,Dead,0.7,0.15,,,1,119,21,793.3333333333334,New,Budget,Computer
Mouse,Xiaomi,Working,4.2,0.11,,,3,231,58,2100.0,Old,Budget,Computer
Charger,Dell,Repairable,0.8,0.16,,,2,360,56,2250.0,New,Premium,Accessory
Tablet,Apple,Repairable,1.8,0.55,128.0,10.3,2,9461,972,17201.81818181818,Recent,Premium,Mobile
Monitor,Dell,Repairable,3.6,7.46,,29.2,2,3666,401,491.42091152815016,Old,Premium,Computer
Battery,Generic,Repairable,1.3,0.64,,,2,259,46,404.6875,Recent,Budget,Accessory
Battery,Asus,Working,1.1,0.72,,,3,745,110,1034.7222222222222,Recent,Budget,Accessory
Keyboard,Sony,Dead,5.1,0.82,,,1,176,29,214.63414634146343,Very_Old,Premium,Computer
Battery,HP,Repairable,2.7,0.75,,,1,494,71,658.6666666666666,Recent,Budget,Accessory
Charger,Lenovo,Repairable,2.4,0.11,,,2,221,42,2009.090909090909,Recent,Budget,Accessory
Headphones,Asus,Working,0.8,0.42,,,1,2339,269,5569.047619047619,New,Budget,Accessory
Laptop,Xiaomi,Working,2.8,1.56,256.0,15.9,2,11086,1151,7106.410256410256,Recent,Budget,Computer
Headphones,Acer,Working,0.6,0.22,,,3,1310,166,5954.545454545455,New,Budget,Accessory
Headphones,Sony,Repairable,6.8,0.42,,,1,260,47,619.047619047619,Very_Old,Premium,Accessory
Tablet,Xiaomi,Working,1.2,0.54,1024.0,11.2,3,9781,1019,18112.962962962964,Recent,Budget,Mobile
Charger,LG,Repairable,0.9,0.13,,,3,208,40,1600.0,New,Budget,Accessory
Mouse,MSI,Repairable,2.7,0.18,,,1,307,50,1705.5555555555557,Recent,Premium,Computer
Monitor,Asus,Dead,0.5,3.41,,22.8,3,2169,233,636.0703812316715,New,Budget,Computer
Laptop,OnePlus,Repairable,3.4,2.44,1024.0,13.8,2,9120,942,3737.704918032787,Old,Budget,Computer
Speaker,Samsung,Working,0.8,2.23,,,2,3652,404,1637.6681614349775,New,Premium,Accessory
Mouse,HP,Repairable,2.6,0.15,,,1,260,46,1733.3333333333335,Recent,Budget,Computer
Charger,Generic,Repairable,7.4,0.26,,,1,55,26,211.53846153846152,Very_Old,Budget,Accessory
Monitor,Acer,Repairable,8.0,6.01,,28.7,1,477,79,79.36772046589019,Very_Old,Budget,Computer
Mouse,Xiaomi,Dead,3.8,0.17,,,2,56,15,329.4117647058823,Old,Budget,Computer
Mouse,LG,Repairable,1.3,0.19,,,1,318,51,1673.6842105263158,Recent,Budget,Computer
Keyboard,Asus,Dead,1.4,0.8,,,3,263,38,328.75,Recent,Budget,Computer
Battery,Lenovo,Dead,2.4,0.77,,,3,142,26,184.41558441558442,Recent,Budget,Accessory
Speaker,Samsung,Working,0.8,1.39,,,2,3800,418,2733.812949640288,New,Premium,Accessory
Laptop,OnePlus,Dead,2.6,1.93,32.0,16.4,3,4394,453,2276.683937823834,Recent,Budget,Computer
Keyboard,Apple,Working,4.2,1.14,,,1,1151,152,1009.6491228070176,Old,Premium,Computer
Tablet,MSI,Repairable,3.3,0.58,1024.0,11.6,2,6873,713,11850.0,Old,Premium,Mobile
Battery,Sony,Dead,3.5,0.63,,,2,148,25,234.9206349206349,Old,Premium,Accessory
Battery,LG,Working,2.1,0.79,,,3,849,121,1074.6835443037974,Recent,Budget,Accessory
Mouse,Dell,Repairable,0.6,0.12,,,2,360,56,3000.0,New,Premium,Computer
Tablet,OnePlus,Working,3.1,0.73,64.0,10.5,3,7807,821,10694.520547945205,Old,Budget,Mobile
Monitor,Generic,Working,4.2,6.66,,26.7,1,2596,307,389.7897897897898,Old,Budget,Computer
Headphones,Xiaomi,Repairable,1.9,0.29,,,2,665,87,2293.1034482758623,Recent,Budget,Accessory
Mouse,LG,Dead,2.8,0.19,,,1,128,22,673.6842105263158,Recent,Budget,Computer
Charger,Dell,Working,3.4,0.13,,,3,355,70,2730.7692307692305,Old,Premium,Accessory
Laptop,Apple,Dead,0.5,1.87,256.0,17.0,2,10657,1084,5698.9304812834225,New,Premium,Computer
Smartphone,HP,Working,0.7,0.19,32.0,5.4,2,12004,1240,63178.94736842105,New,Budget,Mobile
Keyboard,Realme,Repairable,2.1,1.01,,,3,346,56,342.5742574257426,Recent,Budget,Computer
Monitor,Acer,Working,0.9,4.78,,26.2,2,7747,824,1620.7112970711296,New,Budget,Computer
Mouse,HP,Dead,0.5,0.18,,,3,124,22,688.8888888888889,New,Budget,Computer
Tablet,OnePlus,Dead,3.2,0.48,64.0,9.8,3,2362,247,4920.833333333334,Old,Budget,Mobile
Speaker,Sony,Repairable,1.3,1.3,,,3,1275,150,980.7692307692307,Recent,Premium,Accessory
Charger,HP,Working,4.7,0.3,,,1,284,64,946.6666666666667,Old,Budget,Accessory
Mouse,HP,Repairable,1.7,0.17,,,1,425,62,2500.0,Recent,Budget,Computer
Mouse,Realme,Dead,2.3,0.14,,,3,66,16,471.4285714285714,Recent,Budget,Computer
Battery,OnePlus,Repairable,2.9,0.3,,,3,387,59,1290.0,Recent,Budget,Accessory
Battery,MSI,Repairable,1.4,0.7,,,2,475,68,678.5714285714287,Recent,Premium,Accessory
Battery,Dell,Working,2.3,0.54,,,1,1067,142,1975.9259259259259,Recent,Premium,Accessory
Mouse,Xiaomi,Working,0.6,0.16,,,1,543,89,3393.75,New,Budget,Computer
Tablet,MSI,Repairable,2.1,0.64,32.0,11.9,2,7287,754,11385.9375,Recent,Premium,Mobile
Battery,OnePlus,Repairable,1.1,0.71,,,2,546,75,769.0140845070423,Recent,Budget,Accessory
Headphones,HP,Working,0.7,0.22,,,1,2201,255,10004.545454545454,New,Budget,Accessory
Keyboard,Generic,Working,3.6,1.0,,,2,494,86,494.0,Old,Budget,Computer
Monitor,Apple,Working,2.0,5.2,,23.3,2,9166,966,1762.6923076923076,Recent,Premium,Computer
Speaker,Apple,Dead,1.6,1.18,,,1,853,97,722.8813559322034,Recent,Premium,Accessory
Speaker,Acer,Repairable,2.3,2.47,,,1,1338,158,541.7004048582995,Recent,Budget,Accessory
Monitor,Generic,Dead,5.9,6.21,,27.3,2,305,52,49.11433172302738,Very_Old,Budget,Computer
Smartphone,HP,Dead,3.6,0.16,1024.0,6.5,1,1788,188,11175.0,Old,Budget,Mobile
Keyboard,Local,Working,1.5,0.9,,,2,552,92,613.3333333333334,Recent,Budget,Computer
Monitor,LG,Dead,0.9,4.81,,19.3,2,1649,184,342.82744282744284,New,Budget,Computer
Headphones,LG,Repairable,0.5,0.45,,,2,987,119,2193.3333333333335,New,Budget,Accessory
Headphones,Lenovo,Working,2.0,0.29,,,3,1726,208,5951.724137931035,Recent,Budget,Accessory
Keyboard,Samsung,Dead,1.1,0.8,,,3,377,49,471.25,Recent,Premium,Computer
Charger,Local,Working,4.2,0.14,,,2,145,49,1035.7142857142856,Old,Budget,Accessory
Smartphone,Realme,Dead,1.7,0.2,1024.0,5.1,1,1295,139,6475.0,Recent,Budget,Mobile
Headphones,OnePlus,Dead,3.1,0.35,,,2,331,44,945.7142857142858,Old,Budget,Accessory
Battery,Lenovo,Working,3.1,0.68,,,2,582,94,855.8823529411765,Old,Budget,Accessory
Battery,Realme,Dead,2.4,0.37,,,2,123,23,332.43243243243245,Recent,Budget,Accessory
Charger,Lenovo,Dead,2.6,0.29,,,2,75,18,258.62068965517244,Recent,Budget,Accessory
Keyboard,Xiaomi,Working,0.6,0.7,,,3,786,114,1122.857142857143,New,Budget,Computer
Tablet,Dell,Repairable,1.1,0.76,256.0,9.3,1,8599,886,11314.473684210527,Recent,Premium,Mobile
Mouse,Asus,Dead,3.3,0.14,,,2,121,22,864.2857142857142,Old,Budget,Computer
Laptop,Generic,Repairable,0.6,2.23,32.0,13.3,2,5548,583,2487.892376681614,New,Budget,Computer
Monitor,Samsung,Repairable,5.2,3.7,,24.3,1,2464,273,665.9459459459459,Very_Old,Premium,Computer
Mouse,Xiaomi,Working,1.4,0.19,,,2,350,70,1842.1052631578948,Recent,Budget,Computer
Speaker,Local,Repairable,2.7,2.93,,,2,485,74,165.52901023890783,Recent,Budget,Accessory
Smartphone,OnePlus,Repairable,6.0,0.16,32.0,5.5,1,1878,207,11737.5,Very_Old,Budget,Mobile
Headphones,OnePlus,Dead,3.1,0.49,,,1,337,44,687.7551020408164,Old,Budget,Accessory
Battery,MSI,Dead,2.6,0.4,,,1,227,33,567.5,Recent,Premium,Accessory
Laptop,OnePlus,Working,1.7,2.96,64.0,14.4,2,22674,2313,7660.135135135135,Recent,Budget,Computer
Headphones,Generic,Working,0.7,0.25,,,3,859,120,3436.0,New,Budget,Accessory
Laptop,Sony,Dead,1.1,2.78,256.0,15.1,2,6676,688,2401.4388489208636,Recent,Premium,Computer
Monitor,Lenovo,Repairable,0.7,7.3,,19.9,3,4148,449,568.2191780821918,New,Budget,Computer
Smartphone,Samsung,Repairable,3.0,0.2,256.0,5.8,2,4309,450,21545.0,Recent,Premium,Mobile
Smartphone,Asus,Working,1.8,0.17,64.0,6.5,1,11889,1228,69935.29411764705,Recent,Budget,Mobile
Battery,Asus,Dead,2.7,0.53,,,2,176,28,332.0754716981132,Recent,Budget,Accessory
Laptop,Local,Repairable,2.6,2.32,32.0,15.1,1,3824,407,1648.2758620689656,Recent,Budget,Computer
Speaker,Xiaomi,Working,3.8,1.92,,,3,836,122,435.4166666666667,Old,Budget,Accessory
Headphones,Local,Repairable,3.6,0.26,,,2,269,47,1034.6153846153845,Old,Budget,Accessory
Tablet,Local,Dead,0.9,0.53,32.0,10.5,3,1328,143,2505.66037735849,New,Budget,Mobile
Speaker,Dell,Dead,1.0,2.76,,,3,712,87,257.9710144927536,New,Premium,Accessory
Battery,Local,Working,4.6,0.42,,,1,235,59,559.5238095238095,Old,Budget,Accessory
Monitor,Realme,Dead,8.0,6.86,,19.8,2,102,34,14.868804664723031,Very_Old,Budget,Computer
Mouse,Sony,Working,1.7,0.19,,,3,615,96,3236.842105263158,Recent,Premium,Computer
Laptop,OnePlus,Repairable,1.9,1.66,128.0,16.3,1,13266,1354,7991.566265060242,Recent,Budget,Computer
Battery,HP,Dead,1.5,0.69,,,2,263,37,381.1594202898551,Recent,Budget,Accessory
Speaker,Realme,Working,1.0,2.05,,,3,1318,170,642.9268292682927,New,Budget,Accessory
Smartphone,Asus,Working,3.6,0.21,256.0,6.4,2,7703,810,36680.95238095238,Old,Budget,Mobile
Charger,OnePlus,Dead,1.5,0.28,,,2,120,23,428.57142857142856,Recent,Budget,Accessory
Speaker,Asus,Working,0.8,2.39,,,3,2836,323,1186.6108786610878,New,Budget,Accessory
Headphones,MSI,Working,1.3,0.46,,,1,2736,309,5947.826086956521,Recent,Premium,Accessory
Headphones,Dell,Working,1.1,0.5,,,3,1696,205,3392.0,Recent,Premium,Accessory
Tablet,Acer,Working,1.0,0.47,128.0,11.2,1,14567,1497,30993.617021276597,New,Budget,Mobile
Smartphone,Lenovo,Repairable,0.8,0.19,128.0,5.2,1,6007,625,31615.78947368421,New,Budget,Mobile
Laptop,Dell,Repairable,4.8,2.71,512.0,16.9,2,7443,774,2746.4944649446493,Old,Premium,Computer
Battery,Samsung,Working,1.6,0.79,,,2,1177,154,1489.873417721519,Recent,Premium,Accessory
Laptop,Realme,Repairable,2.5,1.75,128.0,14.7,3,6228,651,3558.8571428571427,Recent,Budget,Computer
Smartphone,Lenovo,Repairable,0.9,0.15,32.0,5.9,3,4747,494,31646.666666666668,New,Budget,Mobile
Mouse,Local,Dead,3.0,0.19,,,1,55,15,289.4736842105263,Recent,Budget,Computer
Mouse,Dell,Repairable,3.1,0.12,,,1,360,56,3000.0,Old,Premium,Computer
Headphones,Lenovo,Working,3.9,0.36,,,1,1361,172,3780.5555555555557,Old,Budget,Accessory
Tablet,LG,Working,1.3,0.59,128.0,10.3,2,13622,1403,23088.13559322034,Recent,Budget,Mobile
Laptop,Sony,Working,1.4,2.24,64.0,14.3,3,25053,2549,11184.374999999998,Recent,Premium,Computer
Keyboard,Realme,Repairable,0.9,1.0,,,2,494,71,494.0,New,Budget,Computer
Tablet,Lenovo,Working,0.7,0.5,256.0,9.7,2,12345,1275,24690.0,New,Budget,Mobile
Speaker,LG,Dead,1.7,2.5,,,2,557,70,222.8,Recent,Budget,Accessory
Charger,LG,Dead,2.4,0.17,,,3,96,19,564.7058823529411,Recent,Budget,Accessory
Speaker,Dell,Working,1.8,2.96,,,2,2792,320,943.2432432432432,Recent,Premium,Accessory
Monitor,Xiaomi,Working,0.8,6.38,,27.9,3,4721,520,739.9686520376175,New,Budget,Computer
Charger,Lenovo,Repairable,0.6,0.13,,,2,326,52,2507.6923076923076,New,Budget,Accessory
Speaker,MSI,Working,1.0,2.67,,,2,2712,311,1015.7303370786517,New,Premium,Accessory
Battery,Sony,Working,2.6,0.65,,,2,876,123,1347.6923076923076,Recent,Premium,Accessory
Speaker,OnePlus,Working,1.2,1.43,,,3,1955,233,1367.1328671328672,Recent,Budget,Accessory
Smartphone,Acer,Repairable,1.2,0.22,1024.0,6.6,1,6391,664,29050.0,Recent,Budget,Mobile
Headphones,Generic,Repairable,3.4,0.44,,,3,358,56,813.6363636363636,Old,Budget,Accessory
Battery,Asus,Repairable,1.1,0.75,,,2,584,80,778.6666666666666,Recent,Budget,Accessory
Monitor,Lenovo,Repairable,2.1,3.55,,25.0,3,3045,331,857.7464788732394,Recent,Budget,Computer
Battery,Samsung,Repairable,4.5,0.57,,,2,322,53,564.9122807017544,Old,Premium,Accessory
Speaker,LG,Repairable,8.0,1.22,,,3,134,35,109.8360655737705,Very_Old,Budget,Accessory
Battery,OnePlus,Working,0.6,0.67,,,3,1140,150,1701.4925373134326,New,Budget,Accessory
Mouse,Realme,Repairable,1.2,0.19,,,1,211,41,1110.5263157894738,Recent,Budget,Computer
Monitor,Asus,Repairable,5.3,6.77,,19.2,1,2264,260,334.41654357459385,Very_Old,Budget,Computer
Speaker,Apple,Repairable,7.1,2.45,,,2,344,59,140.40816326530611,Very_Old,Premium,Accessory
Battery,MSI,Working,4.0,0.44,,,3,681,104,1547.7272727272727,Old,Premium,Accessory
Laptop,Apple,Working,0.7,2.56,64.0,13.4,2,38121,3857,14891.015625,New,Premium,Computer
Mouse,OnePlus,Repairable,1.1,0.1,,,2,360,56,3600.0,Recent,Budget,Computer
Keyboard,Sony,Working,1.2,0.92,,,3,1196,156,1300.0,Recent,Premium,Computer
Speaker,Acer,Repairable,1.2,2.49,,,2,982,123,394.3775100401606,Recent,Budget,Accessory
Smartphone,Xiaomi,Working,5.2,0.24,256.0,6.1,3,3099,344,12912.5,Very_Old,Budget,Mobile
Laptop,Samsung,Dead,5.0,1.78,1024.0,14.0,1,2958,309,1661.7977528089887,Old,Premium,Computer
Headphones,Sony,Repairable,3.7,0.21,,,1,862,106,4104.761904761905,Old,Premium,Accessory
Keyboard,Sony,Repairable,8.0,1.1,,,2,92,31,83.63636363636363,Very_Old,Premium,Computer
Keyboard,Sony,Working,0.6,1.08,,,1,1793,216,1660.185185185185,New,Premium,Computer
Laptop,Apple,Dead,0.7,1.64,1024.0,15.7,1,12191,1237,7433.536585365854,New,Premium,Computer
Tablet,Local,Dead,4.0,0.75,64.0,10.5,2,802,92,1069.3333333333333,Old,Budget,Mobile
Mouse,Dell,Working,1.6,0.13,,,2,665,101,5115.384615384615,Recent,Premium,Computer
Keyboard,HP,Dead,3.5,0.92,,,2,242,36,263.04347826086956,Old,Budget,Computer
Tablet,Asus,Repairable,1.7,0.64,256.0,10.9,1,8516,877,13306.25,Recent,Budget,Mobile
Speaker,Local,Working,2.9,1.47,,,2,852,123,579.5918367346939,Recent,Budget,Accessory
Battery,Apple,Repairable,0.7,0.49,,,1,947,115,1932.6530612244899,New,Premium,Accessory
Laptop,Realme,Working,2.6,2.93,512.0,16.0,1,13792,1425,4707.1672354948805,Recent,Budget,Computer
Charger,HP,Repairable,1.9,0.23,,,1,237,43,1030.4347826086955,Recent,Budget,Accessory
Keyboard,OnePlus,Dead,1.1,0.75,,,2,309,42,412.0,Recent,Budget,Computer
Battery,Realme,Working,0.6,0.37,,,1,635,99,1716.2162162162163,New,Budget,Accessory
Charger,Generic,Repairable,7.6,0.17,,,1,55,25,323.52941176470586,Very_Old,Budget,Accessory
Headphones,Local,Repairable,0.9,0.38,,,1,470,68,1236.842105263158,New,Budget,Accessory
Tablet,Sony,Working,1.0,0.61,128.0,8.0,1,13123,1353,21513.114754098362,New,Premium,Mobile
Charger,Acer,Working,1.0,0.11,,,2,386,73,3509.090909090909,New,Budget,Accessory
Speaker,Dell,Repairable,1.3,2.61,,,2,1580,183,605.3639846743296,Recent,Premium,Accessory
Keyboard,Asus,Repairable,1.9,0.71,,,3,684,89,963.3802816901409,Recent,Budget,Computer
Tablet,OnePlus,Working,1.5,0.43,128.0,8.6,1,14730,1514,34255.813953488374,Recent,Budget,Mobile
Charger,Generic,Repairable,1.3,0.2,,,1,179,37,895.0,Recent,Budget,Accessory
Charger,Apple,Repairable,1.9,0.24,,,1,513,71,2137.5,Recent,Premium,Accessory
Battery,OnePlus,Repairable,0.8,0.44,,,2,546,75,1240.909090909091,New,Budget,Accessory
Keyboard,LG,Repairable,1.6,0.79,,,2,724,94,916.4556962025316,Recent,Budget,Computer
Tablet,Samsung,Repairable,3.0,0.64,64.0,12.0,1,6373,663,9957.8125,Recent,Premium,Mobile
Headphones,HP,Repairable,6.7,0.45,,,1,218,42,484.44444444444446,Very_Old,Budget,Accessory
Keyboard,Realme,Repairable,2.5,0.54,,,3,279,48,516.6666666666666,Recent,Budget,Computer
Mouse,OnePlus,Working,0.6,0.16,,,1,856,120,5350.0,New,Budget,Computer
Mouse,Generic,Dead,0.7,0.14,,,2,81,18,578.5714285714286,New,Budget,Computer
Smartphone,MSI,Repairable,1.4,0.16,512.0,6.4,1,6648,689,41550.0,Recent,Premium,Mobile
Battery,Samsung,Repairable,0.6,0.34,,,2,642,85,1888.2352941176468,New,Premium,Accessory
Monitor,Lenovo,Dead,6.2,6.34,,23.7,1,597,82,94.16403785488959,Very_Old,Budget,Computer
Headphones,Sony,Dead,2.3,0.2,,,1,492,59,2460.0,Recent,Premium,Accessory
Laptop,MSI,Dead,5.4,2.42,64.0,15.9,3,2486,263,1027.2727272727273,Very_Old,Premium,Computer
Speaker,Acer,Working,0.8,2.8,,,3,1749,215,624.6428571428572,New,Budget,Accessory
Battery,Dell,Repairable,2.0,0.37,,,3,375,58,1013.5135135135135,Recent,Premium,Accessory
Monitor,MSI,Working,1.6,4.48,,26.5,2,8147,863,1818.5267857142856,Recent,Premium,Computer
Headphones,Realme,Repairable,0.6,0.24,,,2,698,89,2908.3333333333335,New,Budget,Accessory
Headphones,Lenovo,Repairable,1.3,0.42,,,3,931,114,2216.666666666667,Recent,Budget,Accessory
Mouse,Local,Repairable,4.2,0.17,,,1,92,29,541.1764705882352,Old,Budget,Computer
Battery,Local,Working,2.7,0.44,,,1,334,69,759.0909090909091,Recent,Budget,Accessory
Tablet,Acer,Dead,3.6,0.58,64.0,12.0,1,2098,220,3617.241379310345,Old,Budget,Mobile
Charger,Generic,Working,4.4,0.28,,,3,129,48,460.71428571428567,Old,Budget,Accessory
Battery,Xiaomi,Working,1.3,0.59,,,2,624,98,1057.6271186440679,Recent,Budget,Accessory
Battery,LG,Repairable,2.3,0.65,,,2,450,66,692.3076923076923,Recent,Budget,Accessory
Laptop,LG,Repairable,1.4,1.75,128.0,13.6,2,10900,1119,6228.571428571428,Recent,Budget,Computer
Charger,Xiaomi,Dead,4.9,0.17,,,2,50,15,294.11764705882354,Old,Budget,Accessory
Smartphone,Generic,Dead,0.6,0.21,1024.0,5.6,1,1598,169,7609.52380952381,New,Budget,Mobile
Keyboard,Asus,Repairable,0.6,0.79,,,2,721,94,912.6582278481012,New,Budget,Computer
Laptop,MSI,Repairable,2.8,2.41,64.0,13.9,3,9001,930,3734.854771784232,Recent,Premium,Computer
Monitor,Xiaomi,Working,8.0,5.27,,20.8,3,604,106,114.61100569259963,Very_Old,Budget,Computer
Charger,OnePlus,Repairable,1.8,0.11,,,2,264,46,2400.0,Recent,Budget,Accessory
Keyboard,MSI,Working,7.1,0.77,,,2,204,57,264.93506493506493,Very_Old,Premium,Computer
Smartphone,Apple,Working,0.6,0.19,256.0,5.0,1,17027,1742,89615.78947368421,New,Premium,Mobile
Tablet,Xiaomi,Repairable,3.3,0.58,256.0,12.4,1,3747,395,6460.344827586207,Old,Budget,Mobile
Tablet,Local,Repairable,0.7,0.78,64.0,12.4,3,2670,289,3423.076923076923,New,Budget,Mobile
Headphones,Samsung,Repairable,2.3,0.45,,,1,1397,160,3104.4444444444443,Recent,Premium,Accessory
Charger,Asus,Dead,1.2,0.29,,,1,130,24,448.2758620689655,Recent,Budget,Accessory
Battery,Asus,Working,1.5,0.47,,,2,975,133,2074.468085106383,Recent,Budget,Accessory
Monitor,LG,Repairable,0.8,5.77,,28.9,3,3821,414,662.2183708838822,New,Budget,Computer
Smartphone,HP,Repairable,4.1,0.19,64.0,5.5,2,2947,314,15510.526315789473,Old,Budget,Mobile
Mouse,Asus,Repairable,0.9,0.11,,,1,386,58,3509.090909090909,New,Budget,Computer
Charger,Generic,Working,1.1,0.29,,,3,249,60,858.6206896551724,Recent,Budget,Accessory
Tablet,Xiaomi,Working,1.4,0.63,256.0,10.2,1,8959,936,14220.63492063492,Recent,Budget,Mobile
Laptop,Samsung,Working,2.5,2.23,128.0,17.0,1,23561,2400,10565.470852017937,Recent,Premium,Computer
Tablet,Asus,Dead,4.7,0.65,64.0,11.0,1,1774,188,2729.230769230769,Old,Budget,Mobile
Speaker,Apple,Repairable,0.9,1.79,,,1,2017,225,1126.8156424581005,New,Premium,Accessory
Charger,Acer,Working,1.8,0.21,,,3,327,67,1557.142857142857,Recent,Budget,Accessory
Battery,Realme,Repairable,7.2,0.75,,,3,49,26,65.33333333333333,Very_Old,Budget,Accessory
Laptop,Local,Working,2.0,2.8,32.0,16.2,2,7368,782,2631.4285714285716,Recent,Budget,Computer
Battery,Sony,Dead,0.8,0.7,,,2,241,35,344.28571428571433,New,Premium,Accessory
Tablet,HP,Working,4.7,0.78,32.0,10.3,1,6431,685,8244.871794871795,Old,Budget,Mobile
Speaker,Realme,Repairable,8.0,1.97,,,1,123,36,62.43654822335026,Very_Old,Budget,Accessory
Smartphone,Generic,Dead,2.3,0.19,128.0,5.4,1,983,108,5173.684210526316,Recent,Budget,Mobile
Speaker,OnePlus,Working,3.4,1.77,,,2,1855,224,1048.0225988700565,Old,Budget,Accessory
Smartphone,MSI,Dead,1.9,0.21,64.0,6.8,2,2588,268,12323.809523809525,Recent,Premium,Mobile
Laptop,HP,Repairable,1.5,2.74,512.0,15.3,1,16128,1642,5886.131386861313,Recent,Budget,Computer
Smartphone,Sony,Dead,6.7,0.17,64.0,6.5,2,484,58,2847.0588235294117,Very_Old,Premium,Mobile
Speaker,LG,Working,1.7,2.69,,,2,2635,303,979.553903345725,Recent,Budget,Accessory
Keyboard,MSI,Working,0.6,1.12,,,2,1536,190,1371.4285714285713,New,Premium,Computer
Smartphone,Lenovo,Working,1.9,0.21,32.0,5.0,3,8723,912,41538.09523809524,Recent,Budget,Mobile
Battery,OnePlus,Working,1.8,0.64,,,3,899,125,1404.6875,Recent,Budget,Accessory
Battery,LG,Repairable,2.9,0.37,,,1,381,59,1029.7297297297298,Recent,Budget,Accessory
Mouse,OnePlus,Repairable,1.4,0.18,,,1,351,55,1950.0,Recent,Budget,Computer
Headphones,Samsung,Repairable,1.0,0.49,,,1,1143,135,2332.6530612244896,New,Premium,Accessory
Tablet,OnePlus,Working,8.0,0.67,512.0,9.4,2,1942,230,2898.507462686567,Very_Old,Budget,Mobile
Laptop,Lenovo,Repairable,0.5,2.61,1024.0,16.0,3,14215,1451,5446.360153256705,New,Budget,Computer
Monitor,Apple,Working,0.8,6.77,,27.6,3,12651,1319,1868.685376661743,New,Premium,Computer
Laptop,Xiaomi,Repairable,3.4,2.77,32.0,13.4,2,6065,637,2189.5306859205775,Old,Budget,Computer
Tablet,Samsung,Working,1.8,0.43,64.0,10.0,3,12367,1277,28760.46511627907,Recent,Premium,Mobile
Tablet,Xiaomi,Dead,0.6,0.54,512.0,12.0,2,2069,217,3831.4814814814813,New,Budget,Mobile
Headphones,Dell,Working,6.4,0.22,,,3,626,97,2845.4545454545455,Very_Old,Premium,Accessory
Headphones,Acer,Dead,2.0,0.29,,,3,256,36,882.7586206896552,Recent,Budget,Accessory
Smartphone,Sony,Dead,1.9,0.23,128.0,5.1,2,2445,254,10630.434782608696,Recent,Premium,Mobile
Headphones,Acer,Dead,0.7,0.32,,,2,378,48,1181.25,New,Budget,Accessory
Keyboard,Xiaomi,Repairable,1.0,0.7,,,1,608,81,868.5714285714287,New,Budget,Computer
Speaker,Dell,Working,5.8,1.81,,,1,1313,170,725.414364640884,Very_Old,Premium,Accessory
Laptop,Local,Repairable,1.3,2.21,1024.0,15.6,1,5570,586,2520.3619909502263,Recent,Budget,Computer
Mouse,Apple,Working,8.0,0.16,,,3,99,44,618.75,Very_Old,Premium,Computer
Monitor,Apple,Repairable,2.6,3.61,,25.5,2,6010,633,1664.819944598338,Recent,Premium,Computer
Tablet,Dell,Dead,1.7,0.63,32.0,8.4,2,3259,336,5173.015873015873,Recent,Premium,Mobile
Battery,HP,Working,2.8,0.42,,,2,843,120,2007.142857142857,Recent,Budget,Accessory
Charger,Lenovo,Dead,4.0,0.26,,,2,70,18,269.2307692307692,Old,Budget,Accessory
Laptop,OnePlus,Repairable,2.0,1.71,32.0,14.1,1,13642,1392,7977.777777777778,Recent,Budget,Computer
Mouse,Apple,Dead,1.9,0.13,,,1,196,29,1507.6923076923076,Recent,Premium,Computer
Keyboard,Generic,Working,2.5,0.54,,,3,540,90,999.9999999999999,Recent,Budget,Computer
Charger,Samsung,Repairable,1.3,0.1,,,1,365,56,3650.0,Recent,Premium,Accessory
Monitor,Lenovo,Repairable,0.6,4.38,,19.8,2,4642,493,1059.8173515981734,New,Budget,Computer
Speaker,HP,Repairable,4.2,1.01,,,2,749,96,741.5841584158416,Old,Budget,Accessory
Keyboard,MSI,Dead,3.2,0.72,,,3,182,29,252.7777777777778,Old,Premium,Computer
Mouse,MSI,Dead,1.4,0.13,,,1,202,30,1553.8461538461538,Recent,Premium,Computer
Battery,Apple,Working,1.3,0.69,,,2,1713,207,2482.608695652174,Recent,Premium,Accessory
Smartphone,Sony,Working,1.6,0.24,1024.0,6.7,2,10713,1111,44637.5,Recent,Premium,Mobile
Headphones,Samsung,Working,0.7,0.41,,,3,2245,260,5475.609756097561,New,Premium,Accessory
Battery,Xiaomi,Dead,1.5,0.62,,,3,144,25,232.25806451612902,Recent,Budget,Accessory
Tablet,Acer,Working,0.5,0.47,32.0,11.3,3,11935,1234,25393.617021276597,New,Budget,Mobile
Mouse,LG,Repairable,7.3,0.18,,,2,56,25,311.11111111111114,Very_Old,Budget,Computer
Laptop,Realme,Working,2.9,1.95,64.0,16.1,2,8744,918,4484.102564102564,Recent,Budget,Computer
Battery,Samsung,Repairable,2.6,0.32,,,1,525,73,1640.625,Recent,Premium,Accessory
Tablet,HP,Working,6.8,0.6,128.0,10.2,3,2514,287,4190.0,Very_Old,Budget,Mobile
Battery,Acer,Dead,1.0,0.48,,,2,188,29,391.6666666666667,New,Budget,Accessory
Keyboard,Lenovo,Working,0.6,1.04,,,3,1155,152,1110.576923076923,New,Budget,Computer
Tablet,MSI,Dead,4.0,0.74,32.0,11.2,1,1973,208,2666.2162162162163,Old,Premium,Mobile
Tablet,Xiaomi,Repairable,1.8,0.75,256.0,11.3,1,4708,492,6277.333333333333,Recent,Budget,Mobile
Charger,MSI,Working,2.4,0.16,,,2,411,76,2568.75,Recent,Premium,Accessory
Headphones,Generic,Working,2.6,0.42,,,1,821,118,1954.7619047619048,Recent,Budget,Accessory
Headphones,Generic,Repairable,2.6,0.32,,,2,470,68,1468.75,Recent,Budget,Accessory
Monitor,Generic,Dead,0.9,7.45,,23.8,1,969,121,130.06711409395973,New,Budget,Computer
Monitor,Sony,Working,0.6,3.56,,22.5,1,10417,1088,2926.123595505618,New,Premium,Computer
Headphones,Lenovo,Dead,4.1,0.2,,,1,263,36,1315.0,Old,Budget,Accessory
Battery,Generic,Repairable,1.3,0.31,,,3,203,41,654.8387096774194,Recent,Budget,Accessory
Monitor,Samsung,Repairable,1.6,5.46,,25.9,3,4112,442,753.1135531135532,Recent,Premium,Computer
Tablet,Samsung,Working,2.3,0.4,64.0,12.7,1,14287,1469,35717.5,Recent,Premium,Mobile
Battery,Sony,Repairable,2.0,0.64,,,3,432,64,675.0,Recent,Premium,Accessory
Laptop,Realme,Repairable,3.5,2.66,32.0,16.9,1,5518,581,2074.436090225564,Old,Budget,Computer
Laptop,HP,Dead,0.8,1.53,256.0,16.2,3,6248,642,4083.660130718954,New,Budget,Computer
Laptop,Local,Dead,0.8,1.9,128.0,14.2,1,2106,224,1108.421052631579,New,Budget,Computer
Keyboard,Apple,Working,3.5,0.86,,,2,1275,164,1482.5581395348838,Old,Premium,Computer
Battery,Xiaomi,Working,1.4,0.3,,,2,597,95,1990.0,Recent,Budget,Accessory
Tablet,Sony,Working,2.6,0.79,64.0,8.1,1,14565,1498,18436.708860759492,Recent,Premium,Mobile
Keyboard,Local,Working,5.1,1.05,,,2,280,65,266.66666666666663,Very_Old,Budget,Computer
Speaker,HP,Repairable,1.7,1.8,,,2,1232,147,684.4444444444445,Recent,Budget,Accessory
Mouse,Xiaomi,Working,0.6,0.12,,,1,477,82,3975.0,New,Budget,Computer
Tablet,LG,Working,1.8,0.7,512.0,8.3,1,13424,1383,19177.14285714286,Recent,Budget,Mobile
Mouse,MSI,Working,6.8,0.19,,,2,173,52,910.5263157894736,Very_Old,Premium,Computer
Charger,Xiaomi,Repairable,8.0,0.21,,,2,50,25,238.0952380952381,Very_Old,Budget,Accessory
Speaker,OnePlus,Working,0.7,1.73,,,1,2798,317,1617.3410404624278,New,Budget,Accessory
Smartphone,Sony,Repairable,0.9,0.16,32.0,6.4,3,5747,599,35918.75,New,Premium,Mobile
Headphones,Apple,Dead,2.2,0.24,,,2,670,77,2791.666666666667,Recent,Premium,Accessory
Charger,MSI,Repairable,2.5,0.18,,,1,300,50,1666.6666666666667,Recent,Premium,Accessory
Tablet,Samsung,Working,1.1,0.54,64.0,9.4,1,20280,2069,37555.555555555555,Recent,Premium,Mobile
Smartphone,MSI,Dead,1.8,0.24,64.0,5.1,2,2484,258,10350.0,Recent,Premium,Mobile
Battery,Sony,Dead,0.8,0.3,,,3,250,36,833.3333333333334,New,Premium,Accessory
Tablet,Dell,Working,1.7,0.45,128.0,10.6,3,14325,1473,31833.333333333332,Recent,Premium,Mobile
Charger,Local,Repairable,1.1,0.2,,,3,117,31,585.0,Recent,Budget,Accessory
Charger,Realme,Repairable,0.7,0.15,,,2,202,40,1346.6666666666667,New,Budget,Accessory
Monitor,Generic,Dead,1.7,5.73,,19.6,3,753,96,131.41361256544502,Recent,Budget,Computer
Keyboard,OnePlus,Working,0.9,0.81,,,2,1230,160,1518.5185185185185,New,Budget,Computer
Laptop,Apple,Working,0.6,2.77,64.0,16.2,1,49848,5030,17995.6678700361,New,Premium,Computer
Keyboard,Apple,Working,4.3,0.67,,,2,1341,170,2001.4925373134326,Old,Premium,Computer
Tablet,Sony,Repairable,0.9,0.78,128.0,11.5,1,10696,1096,13712.820512820512,New,Premium,Mobile
Tablet,Realme,Repairable,8.0,0.63,64.0,10.1,3,399,60,633.3333333333334,Very_Old,Budget,Mobile
Mouse,Generic,Working,2.3,0.11,,,1,326,67,2963.6363636363635,Recent,Budget,Computer
Battery,Realme,Working,8.0,0.4,,,2,76,43,190.0,Very_Old,Budget,Accessory
Tablet,Dell,Repairable,5.3,0.78,256.0,10.6,3,3883,410,4978.205128205128,Very_Old,Premium,Mobile
Keyboard,Asus,Working,8.0,1.03,,,3,122,49,118.44660194174757,Very_Old,Budget,Computer
Mouse,Acer,Dead,1.8,0.17,,,2,106,20,623.5294117647059,Recent,Budget,Computer
Charger,HP,Repairable,2.5,0.23,,,3,183,38,795.6521739130435,Recent,Budget,Accessory
Battery,Lenovo,Repairable,2.2,0.69,,,1,468,67,678.2608695652175,Recent,Budget,Accessory
Tablet,Acer,Working,0.5,0.4,1024.0,12.5,3,11406,1181,28515.0,New,Budget,Mobile
Battery,Generic,Dead,1.0,0.62,,,3,95,20,153.2258064516129,New,Budget,Accessory
Smartphone,Dell,Repairable,1.3,0.23,512.0,5.2,1,7608,785,33078.260869565216,Recent,Premium,Mobile
Speaker,Samsung,Dead,1.6,1.06,,,1,741,86,699.0566037735849,Recent,Premium,Accessory
Laptop,HP,Working,2.7,1.68,128.0,14.6,1,18586,1901,11063.095238095239,Recent,Budget,Computer
Laptop,Generic,Repairable,5.5,2.99,1024.0,16.0,3,2024,228,676.9230769230769,Very_Old,Budget,Computer
Charger,Xiaomi,Working,1.4,0.18,,,1,419,76,2327.777777777778,Recent,Budget,Accessory
Laptop,Sony,Working,5.5,2.93,32.0,14.4,3,9329,978,3183.9590443686006,Very_Old,Premium,Computer
Smartphone,LG,Repairable,3.6,0.18,256.0,5.6,3,3330,353,18500.0,Old,Budget,Mobile
Battery,Xiaomi,Dead,2.6,0.42,,,2,109,21,259.5238095238095,Recent,Budget,Accessory
Battery,Samsung,Dead,5.5,0.35,,,3,96,20,274.2857142857143,Very_Old,Premium,Accessory
Speaker,Asus,Dead,1.0,1.08,,,1,568,68,525.9259259259259,New,Budget,Accessory
Keyboard,Samsung,Dead,0.9,1.11,,,1,376,49,338.73873873873873,New,Premium,Computer
Smartphone,Sony,Working,6.5,0.21,32.0,6.0,1,2990,334,14238.095238095239,Very_Old,Premium,Mobile
Tablet,Local,Working,2.0,0.7,1024.0,9.7,1,5457,586,7795.714285714286,Recent,Budget,Mobile
Laptop,Sony,Repairable,5.0,2.92,512.0,14.7,3,7296,760,2498.6301369863013,Old,Premium,Computer
Smartphone,LG,Dead,3.5,0.2,64.0,5.4,2,1434,153,7170.0,Old,Budget,Mobile
Battery,Dell,Working,2.3,0.39,,,2,856,121,2194.871794871795,Recent,Premium,Accessory
Monitor,LG,Repairable,4.4,4.04,,19.9,3,1626,190,402.4752475247525,Old,Budget,Computer
Mouse,Lenovo,Repairable,6.2,0.15,,,1,105,30,700.0,Very_Old,Budget,Computer
Laptop,Apple,Working,3.8,2.75,512.0,15.8,3,20574,2103,7481.454545454545,Old,Premium,Computer
Tablet,Apple,Working,3.4,0.66,256.0,12.3,1,14426,1483,21857.575757575756,Old,Premium,Mobile
Speaker,Xiaomi,Working,2.0,1.56,,,1,1687,206,1081.4102564102564,Recent,Budget,Accessory
Tablet,Asus,Working,0.6,0.45,32.0,8.0,2,16015,1642,35588.88888888889,New,Budget,Mobile
Laptop,Lenovo,Dead,1.6,2.28,256.0,16.9,2,4218,436,1850.0000000000002,Recent,Budget,Computer
Headphones,Samsung,Repairable,1.0,0.29,,,2,1192,140,4110.344827586207,New,Premium,Accessory
Charger,Local,Working,1.0,0.1,,,1,275,62,2750.0,New,Budget,Accessory
Smartphone,Lenovo,Repairable,7.3,0.17,128.0,6.3,1,839,103,4935.294117647059,Very_Old,Budget,Mobile
Headphones,Realme,Working,4.3,0.33,,,3,548,90,1660.6060606060605,Old,Budget,Accessory
Laptop,Samsung,Repairable,1.3,2.57,512.0,13.7,2,17940,1824,6980.544747081713,Recent,Premium,Computer
Speaker,HP,Repairable,1.4,2.8,,,3,1412,167,504.28571428571433,Recent,Budget,Accessory
Mouse,LG,Dead,8.0,0.18,,,2,50,15,277.77777777777777,Very_Old,Budget,Computer
Keyboard,Realme,Dead,2.3,0.96,,,2,126,24,131.25,Recent,Budget,Computer
Laptop,LG,Dead,2.1,2.56,1024.0,16.1,1,4531,468,1769.921875,Recent,Budget,Computer
Speaker,Local,Repairable,2.3,2.9,,,2,414,67,142.75862068965517,Recent,Budget,Accessory
Speaker,Dell,Working,1.1,2.2,,,3,2426,281,1102.7272727272727,Recent,Premium,Accessory
Tablet,Dell,Dead,3.0,0.7,64.0,10.5,1,2309,241,3298.571428571429,Recent,Premium,Mobile
Battery,Samsung,Dead,1.9,0.48,,,2,285,39,593.75,Recent,Premium,Accessory
Tablet,Generic,Repairable,4.0,0.68,128.0,10.3,3,2134,234,3138.235294117647,Old,Budget,Mobile
Laptop,Samsung,Working,5.6,2.54,256.0,16.4,2,12544,1299,4938.582677165355,Very_Old,Premium,Computer
Headphones,OnePlus,Repairable,1.1,0.44,,,3,864,107,1963.6363636363637,Recent,Budget,Accessory
Speaker,Realme,Repairable,1.3,1.67,,,2,985,121,589.8203592814372,Recent,Budget,Accessory
Battery,Dell,Working,4.4,0.65,,,2,653,101,1004.6153846153845,Old,Premium,Accessory
Laptop,Local,Working,2.2,2.92,32.0,14.5,3,7523,798,2576.3698630136987,Recent,Budget,Computer
Mouse,Local,Working,0.9,0.18,,,2,317,66,1761.111111111111,New,Budget,Computer
Battery,Asus,Repairable,1.5,0.31,,,2,587,79,1893.5483870967741,Recent,Budget,Accessory
Smartphone,Dell,Working,0.5,0.22,64.0,5.8,2,14156,1455,64345.454545454544,New,Premium,Mobile
Battery,Apple,Working,1.0,0.65,,,3,1566,192,2409.230769230769,New,Premium,Accessory
Monitor,Apple,Repairable,2.1,7.84,,25.6,3,4177,453,532.780612244898,Recent,Premium,Computer
Charger,Apple,Working,3.0,0.27,,,3,470,83,1740.7407407407406,Recent,Premium,Accessory
Headphones,Lenovo,Dead,3.7,0.37,,,3,238,34,643.2432432432432,Old,Budget,Accessory
Laptop,Generic,Working,0.8,2.8,128.0,14.2,3,9583,1004,3422.5,New,Budget,Computer
Keyboard,MSI,Dead,1.2,1.11,,,1,393,51,354.054054054054,Recent,Premium,Computer
Battery,Realme,Repairable,3.7,0.43,,,1,237,44,551.1627906976744,Old,Budget,Accessory
Monitor,Local,Dead,2.2,7.16,,19.2,3,693,93,96.7877094972067,Recent,Budget,Computer
Mouse,Generic,Working,2.7,0.11,,,1,296,64,2690.909090909091,Recent,Budget,Computer
Tablet,Samsung,Working,1.2,0.52,512.0,11.0,2,16129,1653,31017.30769230769,Recent,Premium,Mobile
Mouse,Local,Repairable,1.3,0.17,,,1,156,35,917.6470588235294,Recent,Budget,Computer
Monitor,Generic,Working,0.6,6.92,,24.6,1,4368,485,631.2138728323699,New,Budget,Computer
Smartphone,Local,Working,2.8,0.18,64.0,5.7,1,2929,327,16272.222222222223,Recent,Budget,Mobile
Keyboard,OnePlus,Working,6.3,0.95,,,3,366,73,385.2631578947369,Very_Old,Budget,Computer
Smartphone,HP,Working,2.5,0.17,512.0,6.4,2,8714,911,51258.82352941176,Recent,Budget,Mobile
Keyboard,Realme,Repairable,0.7,0.69,,,2,409,61,592.7536231884059,New,Budget,Computer
Headphones,Acer,Dead,1.6,0.49,,,1,331,44,675.5102040816327,Recent,Budget,Accessory
Smartphone,LG,Working,2.0,0.17,512.0,5.2,3,9589,998,56405.882352941175,Recent,Budget,Mobile
Monitor,Generic,Working,1.5,6.69,,24.5,1,4567,504,682.660687593423,Recent,Budget,Computer
Monitor,Lenovo,Repairable,1.4,4.99,,21.7,2,3481,378,697.5951903807614,Recent,Budget,Computer
Smartphone,Xiaomi,Dead,1.8,0.18,1024.0,6.2,1,1562,166,8677.777777777777,Recent,Budget,Mobile
Smartphone,HP,Working,7.4,0.21,128.0,5.1,3,980,133,4666.666666666667,Very_Old,Budget,Mobile
Headphones,LG,Dead,6.5,0.29,,,3,82,19,282.7586206896552,Very_Old,Budget,Accessory
Keyboard,Lenovo,Working,2.3,0.94,,,2,1097,146,1167.0212765957447,Recent,Budget,Computer
Mouse,Generic,Repairable,1.1,0.1,,,2,216,41,2160.0,Recent,Budget,Computer
Smartphone,OnePlus,Dead,1.1,0.22,128.0,6.1,2,2537,263,11531.818181818182,Recent,Budget,Mobile
Speaker,Realme,Working,1.3,1.54,,,2,1596,197,1036.3636363636363,Recent,Budget,Accessory
Keyboard,Samsung,Working,4.5,1.16,,,1,776,114,668.9655172413793,Old,Premium,Computer
Charger,Generic,Working,0.8,0.29,,,2,309,66,1065.5172413793105,New,Budget,Accessory
Headphones,HP,Working,4.8,0.26,,,3,924,128,3553.846153846154,Old,Budget,Accessory
Smartphone,MSI,Dead,2.9,0.22,512.0,5.0,2,2021,212,9186.363636363636,Recent,Premium,Mobile
Charger,Asus,Working,2.2,0.15,,,1,495,84,3300.0,Recent,Budget,Accessory
Keyboard,Lenovo,Working,6.8,0.78,,,2,299,66,383.3333333333333,Very_Old,Budget,Computer
Battery,Acer,Working,0.9,0.64,,,3,932,129,1456.25,New,Budget,Accessory
Speaker,Generic,Working,0.7,1.02,,,3,1252,162,1227.450980392157,New,Budget,Accessory
Monitor,Asus,Repairable,0.7,6.74,,24.6,3,4844,517,718.6943620178041,New,Budget,Computer
Charger,OnePlus,Working,1.1,0.19,,,1,649,99,3415.7894736842104,Recent,Budget,Accessory
Mouse,Dell,Working,0.5,0.16,,,2,830,118,5187.5,New,Premium,Computer
Headphones,Acer,Dead,2.5,0.27,,,3,308,41,1140.7407407407406,Recent,Budget,Accessory
Tablet,Asus,Dead,0.7,0.48,1024.0,11.6,1,4592,470,9566.666666666668,New,Budget,Mobile
Charger,HP,Repairable,0.5,0.15,,,2,280,48,1866.6666666666667,New,Budget,Accessory
Charger,Sony,Working,1.1,0.15,,,1,532,88,3546.666666666667,Recent,Premium,Accessory
Laptop,Xiaomi,Working,1.7,2.6,1024.0,15.7,2,16617,1706,6391.153846153846,Recent,Budget,Computer
Speaker,Samsung,Repairable,0.7,2.9,,,1,2242,250,773.1034482758621,New,Premium,Accessory
Laptop,Generic,Repairable,3.8,2.73,512.0,15.2,1,5675,597,2078.7545787545787,Old,Budget,Computer
Smartphone,Generic,Dead,0.9,0.21,64.0,6.3,3,1189,128,5661.904761904762,New,Budget,Mobile
Charger,LG,Dead,2.0,0.11,,,3,86,18,781.8181818181819,Recent,Budget,Accessory
Keyboard,Dell,Working,5.6,0.91,,,3,507,87,557.1428571428571,Very_Old,Premium,Computer
Laptop,Xiaomi,Working,1.1,2.05,64.0,15.7,2,18296,1873,8924.878048780489,Recent,Budget,Computer
Smartphone,Apple,Repairable,3.6,0.2,64.0,5.4,3,5082,533,25410.0,Old,Premium,Mobile
Tablet,Realme,Dead,2.9,0.57,256.0,11.2,3,1325,143,2324.561403508772,Recent,Budget,Mobile
Laptop,Dell,Repairable,6.0,1.6,1024.0,14.2,2,5542,582,3463.75,Very_Old,Premium,Computer
Battery,Xiaomi,Working,1.7,0.31,,,1,628,98,2025.8064516129032,Recent,Budget,Accessory
Monitor,Acer,Working,1.9,3.28,,31.1,1,6600,707,2012.1951219512196,Recent,Budget,Computer
Charger,MSI,Dead,0.7,0.25,,,1,152,25,608.0,New,Premium,Accessory
Smartphone,Asus,Repairable,2.6,0.18,64.0,5.3,2,3744,394,20800.0,Recent,Budget,Mobile
Charger,Lenovo,Working,0.6,0.14,,,2,566,91,4042.8571428571427,New,Budget,Accessory
Speaker,Lenovo,Working,4.8,2.63,,,3,1172,157,445.6273764258555,Old,Budget,Accessory
Headphones,Lenovo,Repairable,0.7,0.29,,,2,977,118,3368.9655172413795,New,Budget,Accessory
Mouse,Sony,Repairable,1.1,0.15,,,2,401,60,2673.3333333333335,Recent,Premium,Computer
Tablet,Sony,Dead,1.4,0.54,256.0,11.9,2,4038,414,7477.777777777777,Recent,Premium,Mobile
Monitor,Dell,Dead,1.2,7.57,,23.2,3,2129,237,281.2417437252312,Recent,Premium,Computer
Battery,Apple,Working,1.4,0.55,,,3,1546,190,2810.9090909090905,Recent,Premium,Accessory
Tablet,HP,Repairable,4.7,0.44,512.0,10.7,2,3856,406,8763.636363636364,Old,Budget,Mobile
Laptop,Sony,Repairable,1.9,1.79,32.0,15.7,2,14059,1434,7854.189944134078,Recent,Premium,Computer
Headphones,MSI,Repairable,4.1,0.46,,,1,838,104,1821.7391304347825,Old,Premium,Accessory
Smartphone,Asus,Working,1.7,0.21,32.0,6.2,1,8853,925,42157.14285714286,Recent,Budget,Mobile
Laptop,LG,Repairable,0.9,2.54,32.0,13.5,2,10720,1102,4220.472440944882,New,Budget,Computer
Keyboard,Acer,Working,0.9,0.5,,,2,1261,162,2522.0,New,Budget,Computer
Smartphone,Lenovo,Repairable,3.1,0.2,32.0,5.2,2,3135,333,15675.0,Old,Budget,Mobile
Headphones,Realme,Repairable,0.5,0.25,,,1,879,107,3516.0,New,Budget,Accessory
Laptop,OnePlus,Repairable,1.1,2.03,32.0,13.9,1,11820,1211,5822.6600985221685,Recent,Budget,Computer
Laptop,Xiaomi,Working,2.0,2.41,64.0,13.2,3,11181,1163,4639.419087136929,Recent,Budget,Computer
Mouse,HP,Working,1.5,0.12,,,2,568,91,4733.333333333334,Recent,Budget,Computer
Tablet,Apple,Repairable,6.9,0.65,64.0,10.0,2,2217,242,3410.7692307692305,Very_Old,Premium,Mobile
Keyboard,Sony,Working,1.6,0.88,,,1,1620,199,1840.909090909091,Recent,Premium,Computer
Laptop,Local,Working,2.9,1.76,512.0,14.6,2,8159,859,4635.795454545455,Recent,Budget,Computer
Tablet,Samsung,Dead,4.6,0.65,32.0,8.6,3,1715,182,2638.4615384615386,Old,Premium,Mobile
Laptop,Local,Working,2.4,1.68,64.0,13.6,2,7572,800,4507.142857142857,Recent,Budget,Computer
Headphones,Lenovo,Repairable,2.9,0.26,,,1,792,100,3046.153846153846,Recent,Budget,Accessory
Tablet,Generic,Working,5.0,0.48,128.0,10.1,2,3130,349,6520.833333333334,Old,Budget,Mobile
Charger,LG,Repairable,0.5,0.26,,,1,264,47,1015.3846153846154,New,Budget,Accessory
Smartphone,Apple,Dead,1.8,0.21,1024.0,6.2,2,3672,377,17485.714285714286,Recent,Premium,Mobile
Charger,Sony,Dead,1.1,0.1,,,3,133,23,1330.0,Recent,Premium,Accessory
Headphones,Local,Repairable,2.0,0.45,,,2,450,66,1000.0,Recent,Budget,Accessory
Charger,Dell,Working,4.2,0.2,,,2,313,66,1565.0,Old,Premium,Accessory
Keyboard,Lenovo,Dead,3.6,0.82,,,2,164,28,200.0,Old,Budget,Computer
Keyboard,MSI,Repairable,4.4,1.12,,,3,382,60,341.07142857142856,Old,Premium,Computer
Tablet,Samsung,Working,0.7,0.56,1024.0,12.4,1,22621,2303,40394.642857142855,New,Premium,Mobile
Tablet,Samsung,Repairable,1.0,0.43,512.0,9.9,2,10919,1117,25393.023255813954,New,Premium,Mobile
Speaker,Asus,Repairable,2.1,2.94,,,2,1039,129,353.4013605442177,Recent,Budget,Accessory
Charger,Realme,Working,2.6,0.11,,,2,238,58,2163.6363636363635,Recent,Budget,Accessory
Tablet,Xiaomi,Dead,3.8,0.57,32.0,10.7,3,1408,151,2470.1754385964914,Old,Budget,Mobile
Keyboard,Apple,Working,1.3,0.65,,,2,1857,221,2856.9230769230767,Recent,Premium,Computer
Smartphone,Acer,Dead,1.4,0.16,512.0,5.8,3,1756,185,10975.0,Recent,Budget,Mobile
Speaker,Acer,Repairable,3.1,2.31,,,3,858,110,371.42857142857144,Old,Budget,Accessory
Charger,OnePlus,Repairable,0.5,0.14,,,3,302,50,2157.142857142857,New,Budget,Accessory
Laptop,LG,Repairable,1.8,1.51,64.0,16.1,2,11851,1213,7848.3443708609275,Recent,Budget,Computer
Battery,Dell,Dead,2.1,0.33,,,2,242,35,733.3333333333333,Recent,Premium,Accessory
Speaker,Apple,Working,2.3,2.56,,,3,3357,375,1311.328125,Recent,Premium,Accessory
Mouse,Generic,Repairable,3.7,0.15,,,2,100,30,666.6666666666667,Old,Budget,Computer
Tablet,Samsung,Dead,2.7,0.65,128.0,8.8,1,3425,353,5269.230769230769,Recent,Premium,Mobile
Headphones,Apple,Repairable,0.9,0.47,,,2,1854,206,3944.6808510638302,New,Premium,Accessory
Battery,LG,Dead,5.3,0.68,,,1,103,21,151.47058823529412,Very_Old,Budget,Accessory
Keyboard,MSI,Repairable,2.6,1.12,,,1,711,93,634.8214285714286,Recent,Premium,Computer
Keyboard,Xiaomi,Working,2.5,0.61,,,3,648,100,1062.295081967213,Recent,Budget,Computer
Smartphone,Samsung,Repairable,3.0,0.18,32.0,5.6,2,4144,434,23022.222222222223,Recent,Premium,Mobile
Smartphone,Generic,Working,1.1,0.17,512.0,6.6,3,4876,522,28682.35294117647,Recent,Budget,Mobile
Headphones,Local,Repairable,1.9,0.26,,,1,371,58,1426.923076923077,Recent,Budget,Accessory
Keyboard,Sony,Working,2.9,0.77,,,1,1368,173,1776.6233766233765,Recent,Premium,Computer
Monitor,Generic,Repairable,2.7,6.98,,28.0,2,1548,188,221.77650429799425,Recent,Budget,Computer
Speaker,Realme,Repairable,1.1,2.88,,,2,897,115,311.45833333333337,Recent,Budget,Accessory
Keyboard,Samsung,Working,1.3,0.69,,,2,1346,170,1950.7246376811595,Recent,Premium,Computer
Smartphone,Sony,Working,2.9,0.17,1024.0,5.5,3,8493,889,49958.82352941176,Recent,Premium,Mobile
Headphones,OnePlus,Repairable,2.7,0.44,,,3,851,106,1934.090909090909,Recent,Budget,Accessory
Smartphone,Local,Working,3.4,0.17,64.0,6.3,3,2170,252,12764.70588235294,Old,Budget,Mobile
Battery,Samsung,Working,1.4,0.52,,,1,1015,137,1951.923076923077,Recent,Premium,Accessory
Laptop,Local,Dead,1.1,1.55,64.0,14.0,2,2624,275,1692.9032258064515,Recent,Budget,Computer
Monitor,Acer,Working,2.1,3.19,,23.2,3,5602,606,1756.1128526645768,Recent,Budget,Computer
Smartphone,Local,Repairable,5.1,0.24,1024.0,6.6,2,1042,124,4341.666666666667,Very_Old,Budget,Mobile
Keyboard,Xiaomi,Repairable,8.0,1.08,,,3,58,27,53.7037037037037,Very_Old,Budget,Computer
Tablet,Xiaomi,Working,1.1,0.63,1024.0,8.5,1,9033,944,14338.095238095239,Recent,Budget,Mobile
Battery,Generic,Repairable,8.0,0.46,,,3,45,25,97.82608695652173,Very_Old,Budget,Accessory
Tablet,Acer,Repairable,3.8,0.74,1024.0,9.2,3,4520,473,6108.108108108108,Old,Budget,Mobile
Laptop,LG,Repairable,0.6,2.12,512.0,13.1,3,10547,1083,4975.0,New,Budget,Computer
Mouse,Local,Working,1.4,0.18,,,3,250,60,1388.888888888889,Recent,Budget,Computer
Monitor,Lenovo,Working,1.3,6.27,,19.2,2,6465,699,1031.1004784688996,Recent,Budget,Computer
Headphones,Xiaomi,Dead,3.4,0.39,,,1,258,36,661.5384615384615,Old,Budget,Accessory
Speaker,Acer,Dead,0.6,2.67,,,2,583,73,218.35205992509364,New,Budget,Accessory
Mouse,Generic,Working,2.2,0.16,,,3,296,64,1850.0,Recent,Budget,Computer
Mouse,Asus,Working,2.3,0.16,,,1,744,109,4650.0,Recent,Budget,Computer
Headphones,Asus,Working,3.3,0.33,,,2,1531,189,4639.393939393939,Old,Budget,Accessory
Tablet,OnePlus,Repairable,1.5,0.49,1024.0,12.5,2,7871,813,16063.26530612245,Recent,Budget,Mobile
Laptop,MSI,Working,5.8,2.01,256.0,13.8,2,9999,1043,4974.626865671642,Very_Old,Premium,Computer
Battery,Asus,Repairable,8.0,0.79,,,3,60,28,75.94936708860759,Very_Old,Budget,Accessory
Headphones,Local,Dead,3.8,0.41,,,3,114,22,278.0487804878049,Old,Budget,Accessory
Mouse,Samsung,Working,0.6,0.15,,,1,994,134,6626.666666666667,New,Premium,Computer
Smartphone,HP,Working,2.8,0.19,64.0,5.3,3,8227,862,43300.0,Recent,Budget,Mobile
Headphones,Dell,Dead,1.9,0.41,,,2,487,59,1187.8048780487807,Recent,Premium,Accessory
Headphones,HP,Dead,2.6,0.28,,,1,352,46,1257.142857142857,Recent,Budget,Accessory
Keyboard,Samsung,Repairable,2.5,0.92,,,2,598,81,650.0,Recent,Premium,Computer
Mouse,Generic,Working,2.9,0.15,,,2,271,62,1806.6666666666667,Recent,Budget,Computer
Battery,HP,Repairable,4.1,0.38,,,3,232,44,610.5263157894736,Old,Budget,Accessory
Headphones,Acer,Repairable,3.5,0.38,,,3,592,80,1557.8947368421052,Old,Budget,Accessory
Battery,LG,Dead,4.1,0.7,,,3,134,24,191.42857142857144,Old,Budget,Accessory
Charger,OnePlus,Working,2.0,0.2,,,3,410,76,2050.0,Recent,Budget,Accessory
Monitor,Realme,Dead,0.8,5.86,,31.0,3,933,115,159.21501706484642,New,Budget,Computer
Keyboard,Generic,Working,2.3,0.91,,,2,532,90,584.6153846153846,Recent,Budget,Computer
Charger,MSI,Repairable,0.6,0.11,,,3,294,49,2672.7272727272725,New,Premium,Accessory
Monitor,MSI,Repairable,0.7,6.03,,30.5,1,6340,671,1051.4096185737976,New,Premium,Computer
Keyboard,Dell,Dead,2.7,0.65,,,1,332,44,510.7692307692308,Recent,Premium,Computer
Tablet,Acer,Repairable,4.8,0.48,256.0,9.4,1,3933,414,8193.75,Old,Budget,Mobile
Headphones,OnePlus,Working,3.7,0.5,,,1,1162,152,2324.0,Old,Budget,Accessory
Headphones,Apple,Working,5.1,0.39,,,3,1458,181,3738.461538461538,Very_Old,Premium,Accessory
Tablet,Apple,Working,1.8,0.74,128.0,9.6,2,15134,1554,20451.35135135135,Recent,Premium,Mobile
Speaker,Generic,Repairable,0.6,2.95,,,2,878,113,297.62711864406776,New,Budget,Accessory
Speaker,OnePlus,Working,4.3,2.88,,,3,1133,154,393.40277777777777,Old,Budget,Accessory
Charger,OnePlus,Working,1.5,0.11,,,1,497,84,4518.181818181818,Recent,Budget,Accessory
Laptop,MSI,Repairable,1.0,2.2,256.0,13.4,2,13989,1427,6358.636363636363,New,Premium,Computer
Battery,Samsung,Working,0.9,0.37,,,3,1303,166,3521.6216216216217,New,Premium,Accessory
Charger,Sony,Working,3.3,0.29,,,1,438,79,1510.344827586207,Old,Premium,Accessory
Speaker,OnePlus,Repairable,1.2,2.6,,,2,1338,158,514.6153846153846,Recent,Budget,Accessory
Smartphone,Samsung,Repairable,1.2,0.17,256.0,5.5,1,6486,673,38152.94117647059,Recent,Premium,Mobile
Speaker,Local,Repairable,1.4,2.35,,,3,432,68,183.82978723404256,Recent,Budget,Accessory
Charger,LG,Dead,1.0,0.26,,,3,90,20,346.15384615384613,New,Budget,Accessory
Battery,Lenovo,Repairable,1.3,0.73,,,1,462,67,632.8767123287671,Recent,Budget,Accessory
Mouse,Generic,Dead,0.7,0.15,,,2,76,17,506.6666666666667,New,Budget,Computer
Mouse,Xiaomi,Repairable,2.2,0.18,,,1,194,39,1077.7777777777778,Recent,Budget,Computer
Monitor,Sony,Repairable,2.2,5.53,,27.1,3,3101,341,560.7594936708861,Recent,Premium,Computer
Tablet,MSI,Repairable,1.1,0.6,32.0,10.3,2,6579,683,10965.0,Recent,Premium,Mobile
Monitor,Asus,Repairable,1.2,7.11,,24.4,1,3905,424,549.2264416315049,Recent,Budget,Computer
Battery,Generic,Working,1.7,0.66,,,2,479,83,725.7575757575758,Recent,Budget,Accessory
Battery,Asus,Dead,2.7,0.69,,,1,230,34,333.33333333333337,Recent,Budget,Accessory
Tablet,Apple,Repairable,1.3,0.62,128.0,12.8,1,13289,1354,21433.870967741936,Recent,Premium,Mobile
Laptop,Apple,Working,4.9,2.06,128.0,15.0,2,14814,1525,7191.26213592233,Old,Premium,Computer
Speaker,Generic,Working,3.2,1.99,,,1,1049,143,527.1356783919598,Old,Budget,Accessory
Battery,Xiaomi,Repairable,4.1,0.48,,,2,244,45,508.33333333333337,Old,Budget,Accessory
Smartphone,LG,Repairable,1.5,0.18,512.0,6.4,1,5624,587,31244.444444444445,Recent,Budget,Mobile
Speaker,Samsung,Dead,0.8,1.39,,,2,896,102,644.6043165467627,New,Premium,Accessory
Laptop,Sony,Dead,0.9,2.35,32.0,15.0,1,6909,710,2940.0,New,Premium,Computer
Headphones,Realme,Working,2.6,0.27,,,3,863,122,3196.296296296296,Recent,Budget,Accessory
Keyboard,LG,Working,1.4,0.96,,,2,1019,138,1061.4583333333335,Recent,Budget,Computer
Keyboard,Dell,Repairable,2.2,0.63,,,1,671,88,1065.079365079365,Recent,Premium,Computer
Battery,MSI,Dead,1.0,0.39,,,2,291,40,746.1538461538461,New,Premium,Accessory
Tablet,Lenovo,Repairable,1.2,0.77,1024.0,10.8,2,8613,888,11185.714285714286,Recent,Budget,Mobile
Smartphone,OnePlus,Dead,0.8,0.19,64.0,5.7,1,3004,310,15810.526315789473,New,Budget,Mobile
Smartphone,Realme,Repairable,0.7,0.21,512.0,6.4,2,4214,441,20066.666666666668,New,Budget,Mobile
Laptop,Lenovo,Working,0.9,2.51,1024.0,13.9,3,19629,2007,7820.3187250996025,New,Budget,Computer
Charger,HP,Repairable,4.6,0.15,,,2,136,33,906.6666666666667,Old,Budget,Accessory
Mouse,Dell,Working,0.5,0.19,,,1,976,132,5136.8421052631575,New,Premium,Computer
Headphones,HP,Working,2.5,0.43,,,2,1410,177,3279.0697674418607,Recent,Budget,Accessory
Speaker,Generic,Working,1.7,1.7,,,3,936,131,550.5882352941177,Recent,Budget,Accessory
Mouse,Xiaomi,Repairable,1.8,0.19,,,1,197,39,1036.842105263158,Recent,Budget,Computer
Laptop,Lenovo,Working,1.2,1.81,1024.0,16.6,2,21096,2153,11655.24861878453,Recent,Budget,Computer
Charger,Sony,Working,1.8,0.19,,,2,585,93,3078.9473684210525,Recent,Premium,Accessory
Laptop,Lenovo,Repairable,0.8,2.23,64.0,15.4,2,11840,1213,5309.417040358744,New,Budget,Computer
Keyboard,Sony,Repairable,8.0,1.04,,,2,87,30,83.65384615384615,Very_Old,Premium,Computer
Speaker,Dell,Repairable,4.0,1.34,,,2,769,99,573.8805970149253,Old,Premium,Accessory
Charger,LG,Working,1.0,0.17,,,2,505,85,2970.5882352941176,New,Budget,Accessory
Monitor,Acer,Repairable,2.4,7.55,,25.5,2,3002,335,397.6158940397351,Recent,Budget,Computer
Charger,Dell,Repairable,0.6,0.11,,,2,345,54,3136.3636363636365,New,Premium,Accessory
Keyboard,Xiaomi,Repairable,1.7,1.09,,,3,346,56,317.43119266055044,Recent,Budget,Computer
Keyboard,OnePlus,Working,0.6,0.81,,,2,1296,166,1600.0,New,Budget,Computer
Laptop,Generic,Working,0.6,2.59,64.0,15.4,3,9629,1007,3717.760617760618,New,Budget,Computer
Monitor,Lenovo,Repairable,1.2,3.87,,29.4,2,3765,404,972.8682170542636,Recent,Budget,Computer
Laptop,Local,Working,1.5,2.63,512.0,16.1,2,8723,917,3316.730038022814,Recent,Budget,Computer
Speaker,Realme,Repairable,1.0,2.35,,,2,885,113,376.59574468085106,New,Budget,Accessory
Smartphone,OnePlus,Working,5.8,0.19,512.0,5.0,2,3234,358,17021.052631578947,Very_Old,Budget,Mobile
Tablet,Sony,Working,4.0,0.61,512.0,9.1,3,9658,1006,15832.786885245901,Old,Premium,Mobile
Headphones,Dell,Repairable,1.3,0.21,,,2,1365,156,6500.0,Recent,Premium,Accessory
Battery,Sony,Repairable,2.7,0.77,,,2,418,63,542.8571428571429,Recent,Premium,Accessory
Speaker,Asus,Working,2.4,2.36,,,2,2059,245,872.4576271186442,Recent,Budget,Accessory
Keyboard,Dell,Working,4.3,1.16,,,3,850,122,732.7586206896552,Old,Premium,Computer
Tablet,Acer,Repairable,3.2,0.51,128.0,12.7,1,4328,453,8486.274509803921,Old,Budget,Mobile
Keyboard,HP,Working,0.5,1.0,,,2,1587,195,1587.0,New,Budget,Computer
Smartphone,Asus,Working,2.4,0.25,128.0,5.6,2,7704,810,30816.0,Recent,Budget,Mobile
Keyboard,Local,Working,0.7,0.81,,,3,484,85,597.5308641975308,New,Budget,Computer
Charger,Samsung,Repairable,1.3,0.27,,,2,388,59,1437.037037037037,Recent,Premium,Accessory
Headphones,Generic,Repairable,0.9,0.31,,,2,658,86,2122.5806451612902,New,Budget,Accessory
Speaker,Dell,Working,0.6,1.18,,,2,2714,308,2300.0,New,Premium,Accessory
Speaker,Asus,Dead,2.3,1.3,,,1,681,81,523.8461538461538,Recent,Budget,Accessory
Headphones,LG,Dead,1.7,0.35,,,1,389,49,1111.4285714285716,Recent,Budget,Accessory
Battery,Sony,Dead,1.8,0.63,,,2,252,36,400.0,Recent,Premium,Accessory
Keyboard,Local,Repairable,3.3,0.9,,,2,246,46,273.3333333333333,Old,Budget,Computer
Tablet,Xiaomi,Working,3.9,0.7,32.0,8.0,2,4549,490,6498.571428571429,Old,Budget,Mobile
Headphones,HP,Working,1.0,0.4,,,1,2185,254,5462.5,New,Budget,Accessory
Speaker,Acer,Dead,1.5,2.77,,,2,570,73,205.77617328519855,Recent,Budget,Accessory
Battery,MSI,Working,5.3,0.46,,,1,547,90,1189.1304347826087,Very_Old,Premium,Accessory
Keyboard,Xiaomi,Working,1.1,0.63,,,1,868,122,1377.7777777777778,Recent,Budget,Computer
Battery,Apple,Working,1.3,0.51,,,1,1845,220,3617.6470588235293,Recent,Premium,Accessory
Speaker,Dell,Working,0.8,2.47,,,2,3094,349,1252.6315789473683,New,Premium,Accessory
Speaker,Dell,Working,1.2,1.99,,,1,2928,331,1471.356783919598,Recent,Premium,Accessory
Tablet,OnePlus,Dead,2.3,0.57,512.0,8.6,3,2234,234,3919.2982456140353,Recent,Budget,Mobile
Smartphone,Local,Repairable,2.1,0.24,1024.0,6.3,3,1823,202,7595.833333333334,Recent,Budget,Mobile
Laptop,HP,Repairable,2.6,2.9,256.0,15.3,3,11298,1160,3895.862068965517,Recent,Budget,Computer
Tablet,HP,Dead,2.6,0.76,512.0,9.6,1,2876,299,3784.2105263157896,Recent,Budget,Mobile
Speaker,Generic,Dead,0.5,2.65,,,2,379,52,143.0188679245283,New,Budget,Accessory
Mouse,Lenovo,Working,0.7,0.16,,,2,646,99,4037.5,New,Budget,Computer
Keyboard,Realme,Repairable,0.8,1.19,,,1,431,65,362.18487394957987,New,Budget,Computer
Battery,Dell,Working,0.6,0.6,,,1,1418,177,2363.3333333333335,New,Premium,Accessory
Mouse,Asus,Repairable,0.6,0.17,,,1,435,63,2558.8235294117644,New,Budget,Computer
Laptop,Dell,Repairable,0.7,1.76,512.0,14.2,2,16482,1677,9364.772727272728,New,Premium,Computer
Mouse,OnePlus,Dead,6.1,0.18,,,1,64,16,355.55555555555554,Very_Old,Budget,Computer
Tablet,Local,Repairable,1.1,0.79,32.0,9.7,3,2659,287,3365.8227848101264,Recent,Budget,Mobile
Battery,OnePlus,Repairable,0.6,0.33,,,3,567,77,1718.181818181818,New,Budget,Accessory
Mouse,LG,Working,1.7,0.12,,,3,536,88,4466.666666666667,Recent,Budget,Computer
Battery,Sony,Repairable,1.1,0.59,,,3,503,71,852.542372881356,Recent,Premium,Accessory
Speaker,Samsung,Repairable,4.0,2.64,,,1,1111,136,420.8333333333333,Old,Premium,Accessory
Monitor,Local,Dead,1.4,4.81,,23.3,1,924,112,192.09979209979213,Recent,Budget,Computer
Mouse,LG,Working,1.0,0.11,,,1,683,103,6209.090909090909,New,Budget,Computer
Smartphone,Realme,Repairable,1.8,0.23,512.0,5.7,1,3098,329,13469.565217391304,Recent,Budget,Mobile
Monitor,Acer,Dead,3.8,7.12,,25.0,2,934,117,131.17977528089887,Old,Budget,Computer
Laptop,Dell,Repairable,1.2,2.9,512.0,16.7,1,13978,1428,4820.0,Recent,Premium,Computer
Mouse,LG,Repairable,2.8,0.15,,,2,208,40,1386.6666666666667,Recent,Budget,Computer
Battery,MSI,Working,1.8,0.5,,,2,859,121,1718.0,Recent,Premium,Accessory
Mouse,Xiaomi,Working,2.6,0.2,,,2,367,71,1835.0,Recent,Budget,Computer
Keyboard,Lenovo,Dead,3.0,0.55,,,2,204,31,370.9090909090909,Recent,Budget,Computer
Battery,Acer,Working,0.7,0.61,,,3,945,130,1549.1803278688526,New,Budget,Accessory
Laptop,Acer,Working,2.7,1.62,1024.0,15.2,3,14340,1477,8851.85185185185,Recent,Budget,Computer
Laptop,HP,Repairable,1.5,2.75,128.0,15.4,3,12214,1252,4441.454545454545,Recent,Budget,Computer
Speaker,Acer,Repairable,1.4,1.51,,,1,1079,130,714.5695364238411,Recent,Budget,Accessory
Battery,Asus,Working,1.4,0.51,,,1,1146,150,2247.0588235294117,Recent,Budget,Accessory
Tablet,Xiaomi,Dead,2.6,0.43,256.0,8.9,1,1914,202,4451.162790697675,Recent,Budget,Mobile
Headphones,HP,Working,0.8,0.45,,,2,1728,208,3840.0,New,Budget,Accessory
Battery,Local,Dead,1.6,0.38,,,2,105,21,276.3157894736842,Recent,Budget,Accessory
Mouse,Lenovo,Repairable,2.1,0.12,,,2,288,48,2400.0,Recent,Budget,Computer
Tablet,Asus,Repairable,3.1,0.78,32.0,12.3,1,5154,542,6607.692307692308,Old,Budget,Mobile
Mouse,Lenovo,Working,5.9,0.19,,,3,198,54,1042.1052631578948,Very_Old,Budget,Computer
Mouse,OnePlus,Repairable,2.5,0.14,,,2,324,52,2314.285714285714,Recent,Budget,Computer
Smartphone,Sony,Working,2.0,0.22,32.0,6.3,3,8421,882,38277.27272727273,Recent,Premium,Mobile
Laptop,Lenovo,Dead,4.0,1.72,128.0,15.2,2,3403,353,1978.4883720930234,Old,Budget,Computer
Battery,Realme,Working,4.2,0.52,,,1,354,71,680.7692307692307,Old,Budget,Accessory
Laptop,Local,Working,5.4,1.88,128.0,14.9,3,4100,449,2180.8510638297876,Very_Old,Budget,Computer
Mouse,Local,Repairable,1.9,0.13,,,2,139,33,1069.2307692307693,Recent,Budget,Computer
Headphones,HP,Repairable,1.3,0.21,,,1,1063,126,5061.904761904762,Recent,Budget,Accessory
Battery,Realme,Working,0.5,0.79,,,1,837,120,1059.493670886076,New,Budget,Accessory
Mouse,Samsung,Repairable,1.5,0.17,,,2,377,57,2217.6470588235293,Recent,Premium,Computer
Charger,Samsung,Dead,2.7,0.26,,,3,121,23,465.38461538461536,Recent,Premium,Accessory
Mouse,Generic,Dead,1.5,0.18,,,1,74,17,411.11111111111114,Recent,Budget,Computer
Keyboard,LG,Repairable,8.0,0.52,,,3,72,28,138.46153846153845,Very_Old,Budget,Computer
Charger,MSI,Repairable,2.7,0.24,,,2,209,40,870.8333333333334,Recent,Premium,Accessory
Speaker,Generic,Working,6.1,1.36,,,1,483,86,355.1470588235294,Very_Old,Budget,Accessory
Laptop,LG,Repairable,1.0,1.96,64.0,14.7,2,12078,1236,6162.244897959184,New,Budget,Computer
Monitor,MSI,Working,0.8,3.85,,28.8,3,7979,845,2072.4675324675322,New,Premium,Computer
Mouse,OnePlus,Working,5.1,0.11,,,3,261,61,2372.7272727272725,Very_Old,Budget,Computer
Monitor,Lenovo,Working,0.7,3.08,,26.8,2,8368,882,2716.8831168831166,New,Budget,Computer
Charger,Samsung,Repairable,0.9,0.15,,,1,311,51,2073.3333333333335,New,Premium,Accessory
Charger,Sony,Working,4.1,0.29,,,2,293,65,1010.344827586207,Old,Premium,Accessory
Tablet,Acer,Repairable,1.0,0.75,64.0,10.1,2,7211,748,9614.666666666666,New,Budget,Mobile
Monitor,HP,Repairable,0.6,3.2,,24.1,3,4334,459,1354.375,New,Budget,Computer
Monitor,HP,Working,0.6,5.92,,29.2,1,7687,820,1298.4797297297298,New,Budget,Computer
Speaker,Sony,Working,1.2,1.08,,,1,3296,366,3051.8518518518517,Recent,Premium,Accessory
Laptop,Asus,Dead,1.5,2.96,256.0,14.1,2,5783,599,1953.7162162162163,Recent,Budget,Computer
Mouse,Apple,Dead,3.0,0.13,,,2,201,30,1546.1538461538462,Recent,Premium,Computer
Charger,Xiaomi,Dead,1.4,0.21,,,3,59,15,280.95238095238096,Recent,Budget,Accessory
Speaker,Generic,Working,1.6,2.66,,,1,1557,195,585.3383458646616,Recent,Budget,Accessory
Mouse,Lenovo,Working,1.0,0.12,,,3,638,98,5316.666666666667,New,Budget,Computer
Tablet,Apple,Repairable,5.8,0.44,256.0,9.7,2,4129,433,9384.09090909091,Very_Old,Premium,Mobile
Mouse,Apple,Repairable,4.6,0.11,,,2,250,45,2272.7272727272725,Old,Premium,Computer
Tablet,Xiaomi,Dead,3.3,0.42,1024.0,10.2,2,1590,170,3785.714285714286,Old,Budget,Mobile
Charger,Acer,Working,1.3,0.18,,,2,444,79,2466.666666666667,Recent,Budget,Accessory
Battery,Realme,Working,0.9,0.59,,,2,683,104,1157.6271186440679,New,Budget,Accessory
Headphones,Dell,Repairable,3.4,0.25,,,1,765,96,3060.0,Old,Premium,Accessory
Keyboard,Realme,Working,1.1,0.75,,,1,837,120,1116.0,Recent,Budget,Computer
Battery,HP,Repairable,2.8,0.33,,,3,306,51,927.2727272727273,Recent,Budget,Accessory
Charger,Generic,Repairable,1.5,0.24,,,2,121,32,504.1666666666667,Recent,Budget,Accessory
Speaker,Dell,Dead,2.6,1.52,,,2,620,75,407.89473684210526,Recent,Premium,Accessory
Laptop,Acer,Working,5.0,1.95,64.0,14.6,2,8117,855,4162.5641025641025,Old,Budget,Computer
Battery,HP,Working,1.1,0.64,,,3,1033,139,1614.0625,Recent,Budget,Accessory
Tablet,Xiaomi,Dead,2.7,0.73,64.0,8.8,2,1556,166,2131.5068493150684,Recent,Budget,Mobile
Tablet,Local,Dead,3.2,0.54,512.0,9.3,2,1086,119,2011.111111111111,Old,Budget,Mobile
Charger,MSI,Repairable,0.7,0.3,,,1,317,52,1056.6666666666667,New,Premium,Accessory
Speaker,Apple,Working,8.0,2.95,,,2,523,93,177.28813559322032,Very_Old,Premium,Accessory
Smartphone,HP,Dead,2.7,0.21,256.0,5.5,3,2071,217,9861.904761904761,Recent,Budget,Mobile
Laptop,Xiaomi,Repairable,1.8,2.43,128.0,14.7,2,7410,771,3049.3827160493825,Recent,Budget,Computer
Mouse,OnePlus,Dead,1.3,0.16,,,1,190,29,1187.5,Recent,Budget,Computer
Smartphone,LG,Working,1.0,0.24,1024.0,6.5,3,10050,1045,41875.0,New,Budget,Mobile
Monitor,Realme,Repairable,2.1,6.9,,29.6,2,1774,211,257.1014492753623,Recent,Budget,Computer
Tablet,MSI,Working,0.6,0.76,128.0,9.4,2,18769,1918,24696.052631578947,New,Premium,Mobile
Keyboard,MSI,Repairable,1.0,1.04,,,3,650,87,625.0,New,Premium,Computer
Battery,Realme,Working,4.5,0.35,,,2,267,62,762.8571428571429,Old,Budget,Accessory
Tablet,Generic,Working,8.0,0.67,128.0,9.6,2,888,124,1325.3731343283582,Very_Old,Budget,Mobile
Speaker,Realme,Repairable,2.8,2.19,,,3,610,85,278.53881278538813,Recent,Budget,Accessory
Laptop,Dell,Working,2.8,2.36,128.0,14.1,2,19081,1953,8085.169491525424,Recent,Premium,Computer
Headphones,Acer,Working,3.4,0.27,,,2,1243,160,4603.7037037037035,Old,Budget,Accessory
Headphones,Local,Repairable,1.0,0.39,,,3,457,66,1171.7948717948718,New,Budget,Accessory
Charger,Acer,Repairable,1.0,0.11,,,3,189,38,1718.1818181818182,New,Budget,Accessory
Battery,Dell,Working,2.4,0.72,,,1,812,117,1127.7777777777778,Recent,Premium,Accessory
Monitor,Asus,Working,3.1,4.71,,31.1,3,5245,573,1113.588110403397,Old,Budget,Computer
Laptop,HP,Working,1.3,2.2,32.0,13.3,1,20415,2085,9279.545454545454,Recent,Budget,Computer
Keyboard,OnePlus,Working,1.1,0.52,,,3,1282,164,2465.3846153846152,Recent,Budget,Computer
Mouse,MSI,Dead,1.6,0.15,,,1,151,25,1006.6666666666667,Recent,Premium,Computer
Speaker,Dell,Working,1.2,2.33,,,3,3089,348,1325.7510729613734,Recent,Premium,Accessory
Battery,Lenovo,Working,0.6,0.75,,,3,923,129,1230.6666666666667,New,Budget,Accessory
Keyboard,Asus,Working,2.2,0.85,,,2,950,132,1117.6470588235295,Recent,Budget,Computer
Tablet,Apple,Working,0.7,0.64,128.0,12.5,3,18064,1847,28225.0,New,Premium,Mobile
Charger,Generic,Repairable,1.5,0.13,,,3,135,33,1038.4615384615383,Recent,Budget,Accessory
Mouse,Local,Working,1.2,0.15,,,2,300,65,2000.0,Recent,Budget,Computer
Mouse,Dell,Repairable,5.1,0.18,,,2,189,38,1050.0,Very_Old,Premium,Computer
Speaker,LG,Repairable,2.8,2.89,,,2,939,119,324.9134948096886,Recent,Budget,Accessory
Headphones,Local,Working,0.5,0.28,,,2,813,117,2903.5714285714284,New,Budget,Accessory
Laptop,Xiaomi,Working,2.7,2.45,256.0,13.1,1,15443,1589,6303.265306122448,Recent,Budget,Computer
Headphones,Apple,Working,3.1,0.3,,,3,2115,247,7050.0,Old,Premium,Accessory
Tablet,Sony,Working,2.1,0.54,512.0,8.5,1,13060,1347,24185.185185185182,Recent,Premium,Mobile
Keyboard,MSI,Repairable,4.1,1.14,,,1,539,75,472.8070175438597,Old,Premium,Computer
Battery,MSI,Working,0.7,0.5,,,1,1394,175,2788.0,New,Premium,Accessory
Smartphone,OnePlus,Working,3.5,0.16,256.0,6.3,3,5375,577,33593.75,Old,Budget,Mobile
Battery,LG,Working,1.4,0.43,,,3,646,100,1502.3255813953488,Recent,Budget,Accessory
Battery,Generic,Working,2.1,0.73,,,1,570,93,780.8219178082192,Recent,Budget,Accessory
Battery,Asus,Working,2.2,0.56,,,3,646,100,1153.5714285714284,Recent,Budget,Accessory
Speaker,MSI,Repairable,2.1,1.76,,,1,1562,180,887.5,Recent,Premium,Accessory
Mouse,MSI,Working,1.5,0.12,,,1,639,98,5325.0,Recent,Premium,Computer
Laptop,Dell,Working,1.3,1.64,32.0,16.9,2,21735,2216,13253.048780487805,Recent,Premium,Computer
Speaker,Xiaomi,Working,1.7,2.06,,,2,1903,229,923.7864077669902,Recent,Budget,Accessory
Monitor,Sony,Working,8.0,5.91,,23.3,1,1255,172,212.35194585448392,Very_Old,Premium,Computer
Mouse,Apple,Working,1.2,0.14,,,1,1178,152,8414.285714285714,Recent,Premium,Computer
Headphones,Dell,Repairable,2.8,0.29,,,3,696,90,2400.0,Recent,Premium,Accessory
Monitor,Samsung,Working,2.5,3.64,,28.0,2,7884,835,2165.934065934066,Recent,Premium,Computer
Charger,LG,Working,2.9,0.25,,,3,386,73,1544.0,Recent,Budget,Accessory
Charger,Xiaomi,Repairable,1.9,0.25,,,1,199,39,796.0,Recent,Budget,Accessory
Laptop,Generic,Dead,0.9,1.54,64.0,14.8,1,2825,295,1834.4155844155844,New,Budget,Computer
Battery,Samsung,Repairable,2.4,0.72,,,1,506,71,702.7777777777778,Recent,Premium,Accessory
Headphones,Generic,Working,0.8,0.49,,,1,981,134,2002.0408163265306,New,Budget,Accessory
Monitor,LG,Dead,1.8,5.93,,20.1,2,1578,179,266.1045531197302,Recent,Budget,Computer
Smartphone,HP,Repairable,0.6,0.16,32.0,6.0,2,6047,629,37793.75,New,Budget,Mobile
Monitor,Xiaomi,Working,1.0,6.19,,19.5,3,5575,609,900.6462035541194,New,Budget,Computer
Charger,Dell,Repairable,1.9,0.24,,,1,278,47,1158.3333333333335,Recent,Premium,Accessory
Mouse,OnePlus,Working,1.2,0.16,,,2,774,112,4837.5,Recent,Budget,Computer
Headphones,HP,Working,3.8,0.37,,,1,1529,188,4132.4324324324325,Old,Budget,Accessory
Monitor,Samsung,Working,1.4,6.2,,21.5,2,8963,948,1445.6451612903224,Recent,Premium,Computer
Smartphone,Dell,Dead,2.9,0.21,512.0,6.6,1,2177,227,10366.666666666668,Recent,Premium,Mobile
Monitor,Apple,Dead,0.5,4.58,,29.0,2,2506,269,547.1615720524018,New,Premium,Computer
Keyboard,Acer,Repairable,2.9,0.73,,,2,488,69,668.4931506849315,Recent,Budget,Computer
Laptop,HP,Working,1.5,2.63,32.0,14.6,2,21976,2242,8355.893536121674,Recent,Budget,Computer
Charger,Local,Dead,6.0,0.15,,,3,45,14,300.0,Very_Old,Budget,Accessory
Smartphone,Apple,Working,2.3,0.25,64.0,5.1,3,10876,1127,43504.0,Recent,Premium,Mobile
Laptop,Dell,Repairable,1.3,2.26,128.0,15.6,3,10461,1076,4628.761061946903,Recent,Premium,Computer
Charger,MSI,Dead,8.0,0.19,,,3,45,14,236.8421052631579,Very_Old,Premium,Accessory
Smartphone,Acer,Working,1.5,0.16,1024.0,5.7,1,11157,1155,69731.25,Recent,Budget,Mobile
Smartphone,Xiaomi,Repairable,1.5,0.22,512.0,6.2,1,4070,427,18500.0,Recent,Budget,Mobile
Keyboard,HP,Repairable,0.6,1.07,,,2,917,113,857.0093457943925,New,Budget,Computer
Charger,Acer,Repairable,2.6,0.29,,,3,149,35,513.7931034482759,Recent,Budget,Accessory
Speaker,Local,Dead,1.8,2.2,,,1,267,40,121.36363636363636,Recent,Budget,Accessory
Mouse,Dell,Repairable,1.5,0.13,,,3,285,48,2192.3076923076924,Recent,Premium,Computer
Mouse,Sony,Repairable,1.5,0.12,,,3,367,56,3058.3333333333335,Recent,Premium,Computer
Mouse,LG,Repairable,1.0,0.11,,,3,311,51,2827.2727272727275,New,Budget,Computer
Speaker,Generic,Working,2.3,2.74,,,2,1164,156,424.81751824817513,Recent,Budget,Accessory
Charger,Acer,Working,1.3,0.26,,,3,401,76,1542.3076923076922,Recent,Budget,Accessory
Battery,HP,Repairable,0.7,0.58,,,2,671,88,1156.896551724138,New,Budget,Accessory
Mouse,Dell,Repairable,1.5,0.13,,,2,320,52,2461.5384615384614,Recent,Premium,Computer
Charger,Samsung,Working,0.8,0.19,,,2,683,103,3594.736842105263,New,Premium,Accessory
Smartphone,Generic,Dead,0.7,0.24,64.0,6.1,3,1227,132,5112.5,New,Budget,Mobile
Monitor,Samsung,Repairable,4.0,3.4,,27.2,1,3332,360,980.0,Old,Premium,Computer
Speaker,Asus,Dead,4.0,2.57,,,2,341,49,132.68482490272373,Old,Budget,Accessory
Mouse,Realme,Repairable,6.2,0.11,,,1,79,27,718.1818181818181,Very_Old,Budget,Computer
Charger,HP,Repairable,7.6,0.14,,,1,55,25,392.85714285714283,Very_Old,Budget,Accessory
Monitor,Asus,Repairable,0.6,5.03,,26.5,3,4237,453,842.3459244532803,New,Budget,Computer
Laptop,Xiaomi,Dead,6.0,2.51,32.0,16.2,2,1167,131,464.94023904382476,Very_Old,Budget,Computer
Battery,Generic,Working,6.5,0.31,,,3,139,49,448.38709677419354,Very_Old,Budget,Accessory
Speaker,Lenovo,Repairable,0.7,2.63,,,3,1158,140,440.3041825095057,New,Budget,Accessory
Headphones,Samsung,Dead,0.8,0.33,,,3,542,65,1642.4242424242423,New,Premium,Accessory
Laptop,Samsung,Repairable,1.5,1.58,512.0,16.6,2,16084,1636,10179.746835443037,Recent,Premium,Computer
Monitor,OnePlus,Repairable,1.5,4.08,,19.6,2,4038,431,989.7058823529411,Recent,Budget,Computer
Tablet,OnePlus,Repairable,3.9,0.73,256.0,9.7,3,4580,479,6273.972602739726,Old,Budget,Mobile
Speaker,Sony,Repairable,3.7,2.11,,,3,1030,127,488.1516587677725,Old,Premium,Accessory
Battery,Local,Working,2.5,0.69,,,3,320,68,463.768115942029,Recent,Budget,Accessory
Mouse,LG,Repairable,1.6,0.2,,,2,316,51,1580.0,Recent,Budget,Computer
Mouse,Realme,Repairable,2.4,0.12,,,2,183,38,1525.0,Recent,Budget,Computer
Charger,OnePlus,Dead,2.2,0.14,,,2,87,18,621.4285714285713,Recent,Budget,Accessory
Charger,LG,Dead,2.4,0.25,,,2,95,19,380.0,Recent,Budget,Accessory
Charger,Realme,Working,1.0,0.23,,,2,267,61,1160.8695652173913,New,Budget,Accessory
Battery,MSI,Repairable,1.7,0.38,,,3,428,63,1126.3157894736842,Recent,Premium,Accessory
Charger,Xiaomi,Repairable,1.0,0.18,,,2,162,36,900.0,New,Budget,Accessory
Smartphone,Lenovo,Repairable,1.5,0.2,512.0,5.7,1,5692,594,28460.0,Recent,Budget,Mobile
Headphones,Apple,Working,4.2,0.24,,,1,1920,227,8000.0,Old,Premium,Accessory
Charger,Apple,Dead,0.6,0.11,,,3,185,28,1681.8181818181818,New,Premium,Accessory
Headphones,Local,Repairable,2.2,0.46,,,2,395,60,858.695652173913,Recent,Budget,Accessory
Speaker,Dell,Working,6.9,1.1,,,2,488,85,443.6363636363636,Very_Old,Premium,Accessory
Tablet,Dell,Working,0.6,0.47,512.0,11.2,1,19290,1970,41042.553191489365,New,Premium,Mobile
Headphones,MSI,Working,0.6,0.48,,,2,2674,303,5570.833333333334,New,Premium,Accessory
Speaker,Local,Working,1.2,1.15,,,1,1063,143,924.3478260869566,Recent,Budget,Accessory
Charger,MSI,Repairable,0.8,0.12,,,2,331,53,2758.3333333333335,New,Premium,Accessory
Speaker,Generic,Dead,1.1,1.72,,,2,374,50,217.4418604651163,Recent,Budget,Accessory
Headphones,Apple,Repairable,2.8,0.48,,,2,1076,128,2241.666666666667,Recent,Premium,Accessory
Laptop,MSI,Working,1.5,2.33,128.0,13.0,2,20146,2059,8646.351931330471,Recent,Premium,Computer
Battery,LG,Dead,2.7,0.62,,,1,177,28,285.48387096774195,Recent,Budget,Accessory
Monitor,Acer,Repairable,1.8,5.08,,23.4,2,2666,296,524.8031496062993,Recent,Budget,Computer
Smartphone,Asus,Dead,0.9,0.16,256.0,6.1,1,3446,354,21537.5,New,Budget,Mobile
Mouse,Apple,Working,3.1,0.13,,,2,703,105,5407.692307692308,Old,Premium,Computer
Charger,OnePlus,Repairable,1.0,0.12,,,1,284,48,2366.666666666667,New,Budget,Accessory
Battery,Xiaomi,Dead,3.7,0.64,,,2,102,21,159.375,Old,Budget,Accessory
Laptop,HP,Repairable,1.8,2.88,256.0,14.1,1,11562,1187,4014.5833333333335,Recent,Budget,Computer
Charger,Samsung,Repairable,1.4,0.26,,,3,351,56,1350.0,Recent,Premium,Accessory
Mouse,LG,Working,1.1,0.19,,,2,703,105,3700.0,Recent,Budget,Computer
Battery,MSI,Repairable,1.0,0.5,,,3,521,73,1042.0,New,Premium,Accessory
Keyboard,OnePlus,Working,8.0,0.63,,,2,175,53,277.77777777777777,Very_Old,Budget,Computer
Speaker,HP,Repairable,1.3,2.46,,,3,1236,148,502.4390243902439,Recent,Budget,Accessory
Mouse,HP,Working,2.2,0.18,,,1,708,105,3933.3333333333335,Recent,Budget,Computer
Battery,Sony,Repairable,4.5,0.33,,,2,338,54,1024.2424242424242,Old,Premium,Accessory
Laptop,Asus,Repairable,0.8,2.12,128.0,14.6,2,13547,1383,6390.094339622641,New,Budget,Computer
Charger,Sony,Repairable,2.0,0.3,,,1,260,47,866.6666666666667,Recent,Premium,Accessory
Headphones,Dell,Dead,2.8,0.32,,,2,331,44,1034.375,Recent,Premium,Accessory
Keyboard,Realme,Working,0.8,1.16,,,1,1043,141,899.1379310344828,New,Budget,Computer
Monitor,HP,Repairable,5.3,7.96,,23.6,1,1783,214,223.99497487437185,Very_Old,Budget,Computer
Laptop,Samsung,Repairable,2.7,2.23,64.0,14.4,3,10094,1038,4526.457399103139,Recent,Premium,Computer
Tablet,Generic,Dead,2.3,0.63,128.0,10.3,1,1240,135,1968.2539682539682,Recent,Budget,Mobile
Laptop,Lenovo,Repairable,2.1,2.36,32.0,16.0,2,8911,921,3775.8474576271187,Recent,Budget,Computer
Mouse,HP,Working,0.6,0.14,,,2,805,115,5749.999999999999,New,Budget,Computer
Headphones,OnePlus,Repairable,2.2,0.28,,,3,900,111,3214.2857142857138,Recent,Budget,Accessory
Tablet,Acer,Repairable,2.2,0.72,32.0,11.0,2,5636,589,7827.777777777778,Recent,Budget,Mobile
Mouse,Apple,Working,1.8,0.11,,,1,913,126,8300.0,Recent,Premium,Computer
Monitor,MSI,Repairable,1.6,6.0,,22.7,1,4880,520,813.3333333333334,Recent,Premium,Computer
Keyboard,Asus,Dead,0.5,0.85,,,1,340,46,400.0,New,Budget,Computer
Headphones,Asus,Dead,3.2,0.21,,,2,344,44,1638.095238095238,Old,Budget,Accessory
Laptop,Apple,Working,6.2,1.76,1024.0,13.4,2,11400,1184,6477.272727272727,Very_Old,Premium,Computer
Battery,OnePlus,Dead,2.5,0.58,,,1,200,31,344.82758620689657,Recent,Budget,Accessory
Charger,Xiaomi,Dead,2.0,0.28,,,2,64,17,228.57142857142856,Recent,Budget,Accessory
Tablet,HP,Repairable,0.5,0.74,256.0,12.4,2,8954,921,12100.0,New,Budget,Mobile
Smartphone,Apple,Working,2.3,0.23,512.0,6.3,2,13584,1398,59060.86956521739,Recent,Premium,Mobile
Keyboard,LG,Repairable,5.4,0.9,,,1,260,48,288.88888888888886,Very_Old,Budget,Computer
Charger,Sony,Repairable,1.1,0.14,,,1,312,51,2228.5714285714284,Recent,Premium,Accessory
Mouse,Lenovo,Dead,1.2,0.16,,,2,146,24,912.5,Recent,Budget,Computer
Battery,Local,Dead,1.6,0.61,,,3,68,17,111.47540983606558,Recent,Budget,Accessory
Mouse,Lenovo,Working,0.7,0.12,,,2,660,101,5500.0,New,Budget,Computer
Battery,Asus,Working,1.0,0.44,,,3,890,125,2022.7272727272727,New,Budget,Accessory
Mouse,Asus,Repairable,3.8,0.1,,,2,242,44,2420.0,Old,Budget,Computer
Monitor,LG,Working,2.7,6.99,,19.3,1,7484,802,1070.6723891273248,Recent,Budget,Computer
Headphones,Local,Repairable,0.8,0.47,,,2,467,67,993.6170212765958,New,Budget,Accessory
Tablet,HP,Repairable,2.2,0.67,512.0,12.6,2,7288,754,10877.611940298506,Recent,Budget,Mobile
Monitor,Generic,Working,8.0,6.6,,30.4,2,428,90,64.84848484848486,Very_Old,Budget,Computer
Mouse,Local,Working,0.6,0.12,,,3,315,66,2625.0,New,Budget,Computer
Tablet,Asus,Dead,1.1,0.49,64.0,12.2,2,2672,278,5453.061224489796,Recent,Budget,Mobile
Mouse,OnePlus,Dead,1.9,0.17,,,1,136,23,799.9999999999999,Recent,Budget,Computer
Charger,Generic,Dead,3.3,0.25,,,3,45,14,180.0,Old,Budget,Accessory
Charger,Local,Dead,1.6,0.14,,,3,52,15,371.4285714285714,Recent,Budget,Accessory
Headphones,Xiaomi,Repairable,2.6,0.48,,,3,479,68,997.9166666666667,Recent,Budget,Accessory
Headphones,Dell,Dead,3.5,0.43,,,1,402,51,934.8837209302326,Old,Premium,Accessory
Tablet,Apple,Dead,7.2,0.56,512.0,11.3,2,689,79,1230.3571428571427,Very_Old,Premium,Mobile
Speaker,Realme,Repairable,3.1,2.15,,,2,543,78,252.55813953488374,Old,Budget,Accessory
Monitor,Asus,Working,1.9,4.56,,27.4,1,7718,820,1692.5438596491229,Recent,Budget,Computer
Keyboard,Dell,Repairable,3.2,0.66,,,2,539,74,816.6666666666666,Old,Premium,Computer
Charger,Dell,Dead,1.1,0.14,,,2,151,25,1078.5714285714284,Recent,Premium,Accessory
Tablet,Dell,Working,5.3,0.55,32.0,12.4,2,6770,718,12309.090909090908,Very_Old,Premium,Mobile
Smartphone,Local,Working,4.2,0.17,256.0,5.7,1,3459,380,20347.05882352941,Old,Budget,Mobile
Monitor,MSI,Working,1.3,3.31,,20.4,1,9362,983,2828.3987915407856,Recent,Premium,Computer
Keyboard,Generic,Repairable,1.1,0.72,,,2,410,62,569.4444444444445,Recent,Budget,Computer
Keyboard,Local,Working,4.7,0.71,,,2,324,68,456.3380281690141,Old,Budget,Computer
Smartphone,Realme,Repairable,4.4,0.23,256.0,6.2,3,1474,167,6408.695652173913,Old,Budget,Mobile
Battery,Realme,Dead,6.3,0.64,,,2,50,16,78.125,Very_Old,Budget,Accessory
Mouse,OnePlus,Repairable,1.9,0.16,,,3,293,49,1831.25,Recent,Budget,Computer
Smartphone,OnePlus,Working,0.8,0.18,256.0,6.6,3,11737,1213,65205.555555555555,New,Budget,Mobile
Smartphone,Local,Dead,0.8,0.25,512.0,6.2,2,1042,114,4168.0,New,Budget,Mobile
Smartphone,OnePlus,Working,3.3,0.23,1024.0,5.6,3,8244,864,35843.47826086956,Old,Budget,Mobile
Monitor,Lenovo,Repairable,4.4,3.66,,28.6,3,2123,239,580.0546448087431,Old,Budget,Computer
Headphones,Xiaomi,Working,2.8,0.28,,,1,1309,166,4675.0,Recent,Budget,Accessory
Smartphone,Acer,Repairable,0.9,0.16,64.0,5.9,2,5090,534,31812.5,New,Budget,Mobile
Keyboard,Samsung,Repairable,4.3,0.77,,,1,452,67,587.012987012987,Old,Premium,Computer
Speaker,Local,Repairable,4.1,2.1,,,1,342,58,162.85714285714286,Old,Budget,Accessory
Battery,Sony,Repairable,3.0,0.56,,,1,501,71,894.6428571428571,Recent,Premium,Accessory
Speaker,Local,Repairable,1.7,2.66,,,1,694,94,260.90225563909775,Recent,Budget,Accessory
Keyboard,Samsung,Working,3.0,0.57,,,2,1323,168,2321.0526315789475,Recent,Premium,Computer
Tablet,Acer,Repairable,2.7,0.68,32.0,12.3,1,4920,513,7235.294117647059,Recent,Budget,Mobile
Keyboard,Asus,Working,3.1,0.58,,,2,944,130,1627.5862068965519,Old,Budget,Computer
Battery,Acer,Dead,4.8,0.32,,,2,113,22,353.125,Old,Budget,Accessory
Tablet,LG,Repairable,2.8,0.65,32.0,9.2,3,4180,439,6430.7692307692305,Recent,Budget,Mobile
Charger,Realme,Dead,6.2,0.16,,,3,45,14,281.25,Very_Old,Budget,Accessory
Tablet,Generic,Working,1.5,0.46,1024.0,10.7,1,6224,663,13530.434782608696,Recent,Budget,Mobile
Headphones,Lenovo,Repairable,7.9,0.31,,,3,98,30,316.1290322580645,Very_Old,Budget,Accessory
Headphones,Asus,Working,1.3,0.36,,,3,1735,209,4819.444444444444,Recent,Budget,Accessory
Monitor,Apple,Repairable,4.7,5.53,,20.8,1,3637,394,657.6853526220615,Old,Premium,Computer
Keyboard,Xiaomi,Dead,8.0,0.67,,,2,50,16,74.62686567164178,Very_Old,Budget,Computer
Smartphone,Realme,Dead,2.7,0.21,64.0,5.8,1,1132,123,5390.476190476191,Recent,Budget,Mobile
Keyboard,Xiaomi,Repairable,3.6,0.64,,,1,395,60,617.1875,Old,Budget,Computer
Speaker,Apple,Working,2.6,1.84,,,2,3166,355,1720.6521739130435,Recent,Premium,Accessory
Speaker,Asus,Repairable,1.1,2.5,,,3,1319,156,527.6,Recent,Budget,Accessory
Smartphone,Dell,Working,1.3,0.21,1024.0,5.8,2,14101,1450,67147.61904761905,Recent,Premium,Mobile
Tablet,Generic,Working,5.6,0.54,512.0,9.0,3,2082,244,3855.555555555555,Very_Old,Budget,Mobile
Headphones,Sony,Dead,1.6,0.27,,,1,416,52,1540.7407407407406,Recent,Premium,Accessory
Battery,Dell,Working,5.4,0.72,,,1,538,89,747.2222222222223,Very_Old,Premium,Accessory
Speaker,Realme,Dead,0.9,1.24,,,1,341,46,275.0,New,Budget,Accessory
Keyboard,Acer,Repairable,3.1,1.15,,,3,384,60,333.9130434782609,Old,Budget,Computer
Laptop,MSI,Working,0.8,2.27,128.0,14.5,3,22607,2305,9959.030837004406,New,Premium,Computer
Laptop,MSI,Repairable,2.4,2.58,512.0,13.1,1,11583,1188,4489.53488372093,Recent,Premium,Computer
Keyboard,Dell,Working,8.0,0.66,,,3,125,48,189.39393939393938,Very_Old,Premium,Computer
Charger,OnePlus,Repairable,0.9,0.11,,,1,316,51,2872.7272727272725,New,Budget,Accessory
Monitor,Realme,Working,3.7,4.71,,27.8,2,2968,340,630.1486199575371,Old,Budget,Computer
Mouse,Samsung,Repairable,1.9,0.19,,,2,434,63,2284.2105263157896,Recent,Premium,Computer
Headphones,LG,Repairable,0.5,0.43,,,2,1069,127,2486.046511627907,New,Budget,Accessory
Mouse,Realme,Dead,8.0,0.15,,,2,50,15,333.33333333333337,Very_Old,Budget,Computer
Tablet,Realme,Repairable,3.3,0.5,512.0,12.9,3,2975,318,5950.0,Old,Budget,Mobile
Keyboard,Xiaomi,Dead,4.4,0.57,,,3,111,22,194.73684210526318,Old,Budget,Computer
Monitor,Acer,Working,1.3,3.03,,22.1,1,6962,742,2297.689768976898,Recent,Budget,Computer
Laptop,Apple,Repairable,3.9,2.01,32.0,13.0,3,11940,1223,5940.298507462687,Old,Premium,Computer
Monitor,MSI,Repairable,1.2,4.21,,19.9,2,4176,445,991.9239904988124,Recent,Premium,Computer
Smartphone,Sony,Working,0.9,0.21,1024.0,5.8,1,12539,1293,59709.52380952381,New,Premium,Mobile
Monitor,Acer,Working,1.4,7.38,,25.4,3,6788,733,919.7831978319783,Recent,Budget,Computer
Headphones,Lenovo,Repairable,1.3,0.23,,,2,1152,135,5008.695652173913,Recent,Budget,Accessory
Smartphone,Samsung,Repairable,0.6,0.18,128.0,5.6,2,6270,652,34833.333333333336,New,Premium,Mobile
Speaker,Realme,Dead,0.9,2.57,,,3,286,43,111.284046692607,New,Budget,Accessory
Monitor,Sony,Dead,2.5,3.62,,30.8,3,1221,139,337.292817679558,Recent,Premium,Computer
Keyboard,Local,Repairable,0.9,1.07,,,1,350,57,327.10280373831773,New,Budget,Computer
Tablet,Xiaomi,Working,0.7,0.78,256.0,12.2,3,8476,889,10866.666666666666,New,Budget,Mobile
Mouse,Local,Working,0.9,0.19,,,3,210,56,1105.2631578947369,New,Budget,Computer
Battery,Local,Repairable,1.9,0.68,,,3,214,42,314.70588235294116,Recent,Budget,Accessory
Headphones,Realme,Repairable,5.3,0.45,,,2,309,51,686.6666666666666,Very_Old,Budget,Accessory
Mouse,Apple,Working,0.9,0.13,,,2,956,130,7353.846153846153,New,Premium,Computer
Charger,Samsung,Dead,1.4,0.18,,,1,156,25,866.6666666666667,Recent,Premium,Accessory
Smartphone,Sony,Dead,0.8,0.22,1024.0,5.6,2,2522,262,11463.636363636364,New,Premium,Mobile
Tablet,Realme,Repairable,1.9,0.72,64.0,11.2,2,4145,435,5756.944444444444,Recent,Budget,Mobile
Headphones,Acer,Dead,0.8,0.36,,,3,306,41,850.0,New,Budget,Accessory
Headphones,LG,Working,1.4,0.32,,,3,1310,167,4093.75,Recent,Budget,Accessory
Charger,Xiaomi,Dead,1.1,0.29,,,2,98,20,337.93103448275866,Recent,Budget,Accessory
Mouse,Lenovo,Working,1.4,0.1,,,2,519,86,5190.0,Recent,Budget,Computer
Smartphone,MSI,Working,1.5,0.24,32.0,6.4,2,8902,930,37091.66666666667,Recent,Premium,Mobile
Smartphone,MSI,Repairable,0.7,0.25,512.0,6.4,1,7207,745,28828.0,New,Premium,Mobile
Charger,Local,Repairable,1.3,0.23,,,3,94,29,408.695652173913,Recent,Budget,Accessory
Headphones,MSI,Working,0.8,0.48,,,3,2407,276,5014.583333333334,New,Premium,Accessory
Laptop,Generic,Dead,4.9,2.44,512.0,13.3,2,1604,175,657.3770491803278,Old,Budget,Computer
Tablet,HP,Repairable,1.3,0.53,256.0,9.7,2,8221,848,15511.32075471698,Recent,Budget,Mobile
Mouse,Samsung,Working,0.8,0.16,,,3,833,118,5206.25,New,Premium,Computer
Speaker,Generic,Working,1.5,1.26,,,2,1124,150,892.063492063492,Recent,Budget,Accessory
Smartphone,Samsung,Repairable,1.0,0.18,1024.0,6.1,3,6769,701,37605.555555555555,New,Premium,Mobile
Smartphone,Realme,Dead,2.9,0.19,1024.0,5.4,3,1148,124,6042.105263157895,Recent,Budget,Mobile
Charger,HP,Working,1.8,0.26,,,1,470,83,1807.6923076923076,Recent,Budget,Accessory
Charger,MSI,Repairable,0.7,0.28,,,1,343,55,1224.9999999999998,New,Premium,Accessory
Tablet,Dell,Working,2.8,0.41,32.0,9.5,3,10868,1127,26507.317073170732,Recent,Premium,Mobile
Mouse,OnePlus,Working,0.6,0.16,,,2,649,99,4056.25,New,Budget,Computer
Mouse,Sony,Working,1.5,0.11,,,3,536,88,4872.727272727273,Recent,Premium,Computer
Headphones,Realme,Working,1.2,0.23,,,1,1496,184,6504.347826086956,Recent,Budget,Accessory
Speaker,Local,Working,0.5,1.97,,,2,1038,142,526.9035532994924,New,Budget,Accessory
Tablet,Apple,Repairable,1.2,0.77,1024.0,12.7,1,11284,1155,14654.545454545454,Recent,Premium,Mobile
Battery,Apple,Working,1.0,0.67,,,2,1573,193,2347.7611940298507,New,Premium,Accessory
Speaker,Local,Repairable,4.8,2.11,,,3,271,51,128.43601895734596,Old,Budget,Accessory
Keyboard,Realme,Working,0.9,0.62,,,2,947,130,1527.4193548387098,New,Budget,Computer
Monitor,Acer,Dead,1.3,4.86,,23.4,3,1509,170,310.4938271604938,Recent,Budget,Computer
Laptop,Local,Dead,6.6,2.61,256.0,16.5,2,624,77,239.08045977011494,Very_Old,Budget,Computer
Laptop,Generic,Dead,0.6,1.89,1024.0,13.9,2,3170,331,1677.2486772486773,New,Budget,Computer
Keyboard,Lenovo,Repairable,3.2,1.14,,,3,414,63,363.15789473684214,Old,Budget,Computer
Keyboard,Xiaomi,Working,1.3,1.17,,,1,944,131,806.8376068376069,Recent,Budget,Computer
Speaker,Lenovo,Dead,1.8,1.7,,,2,602,73,354.11764705882354,Recent,Budget,Accessory
Charger,MSI,Dead,2.2,0.25,,,2,129,22,516.0,Recent,Premium,Accessory
Keyboard,Apple,Working,1.3,0.8,,,1,2475,284,3093.75,Recent,Premium,Computer
Keyboard,Xiaomi,Dead,1.4,1.06,,,1,258,37,243.39622641509433,Recent,Budget,Computer
Charger,Realme,Repairable,2.5,0.25,,,2,154,35,616.0,Recent,Budget,Accessory
Battery,Generic,Repairable,4.2,0.5,,,1,141,35,282.0,Old,Budget,Accessory
Mouse,Asus,Working,1.5,0.17,,,2,627,97,3688.235294117647,Recent,Budget,Computer
Keyboard,LG,Repairable,3.3,0.75,,,1,539,75,718.6666666666666,Old,Budget,Computer
Monitor,OnePlus,Working,0.9,6.75,,21.7,2,8502,904,1259.5555555555557,New,Budget,Computer
Laptop,Sony,Working,1.2,2.62,1024.0,13.9,2,27654,2810,10554.961832061068,Recent,Premium,Computer
Battery,Realme,Dead,7.3,0.66,,,2,50,16,75.75757575757575,Very_Old,Budget,Accessory
Monitor,Dell,Repairable,1.6,5.38,,25.8,1,5625,598,1045.5390334572492,Recent,Premium,Computer
Speaker,Generic,Repairable,3.0,1.5,,,2,526,75,350.6666666666667,Recent,Budget,Accessory
Keyboard,Sony,Repairable,0.8,0.64,,,3,592,80,925.0,New,Premium,Computer
Tablet,Lenovo,Dead,0.6,0.79,32.0,11.3,2,2747,286,3477.215189873418,New,Budget,Mobile
Speaker,MSI,Dead,4.2,2.1,,,2,333,47,158.57142857142856,Old,Premium,Accessory
Smartphone,Samsung,Working,3.1,0.21,64.0,6.4,3,8428,882,40133.333333333336,Old,Premium,Mobile
Smartphone,MSI,Working,7.9,0.21,64.0,6.2,2,1187,153,5652.380952380952,Very_Old,Premium,Mobile
Headphones,LG,Repairable,0.6,0.47,,,2,909,111,1934.0425531914896,New,Budget,Accessory
Monitor,Asus,Dead,1.3,7.08,,24.1,1,2083,232,294.2090395480226,Recent,Budget,Computer
Headphones,Local,Dead,1.8,0.46,,,2,165,27,358.695652173913,Recent,Budget,Accessory
Charger,Samsung,Repairable,4.6,0.12,,,2,195,39,1625.0,Old,Premium,Accessory
Mouse,LG,Dead,4.3,0.12,,,3,70,17,583.3333333333334,Old,Budget,Computer
Smartphone,Sony,Dead,0.9,0.22,32.0,6.1,1,2911,301,13231.818181818182,New,Premium,Mobile
Mouse,Generic,Dead,0.9,0.12,,,1,73,17,608.3333333333334,New,Budget,Computer
Headphones,Generic,Working,1.3,0.37,,,2,1129,148,3051.3513513513512,Recent,Budget,Accessory
Speaker,LG,Repairable,2.7,1.87,,,3,1107,134,591.9786096256685,Recent,Budget,Accessory
Battery,LG,Repairable,3.0,0.77,,,1,411,63,533.7662337662338,Recent,Budget,Accessory
Tablet,Xiaomi,Working,1.1,0.42,512.0,8.6,2,10828,1123,25780.95238095238,Recent,Budget,Mobile
Charger,Generic,Repairable,1.2,0.21,,,1,163,36,776.1904761904763,Recent,Budget,Accessory
Tablet,Dell,Working,2.3,0.47,1024.0,11.0,1,14093,1450,29985.106382978724,Recent,Premium,Mobile
Keyboard,Asus,Repairable,7.5,1.01,,,3,88,30,87.12871287128714,Very_Old,Budget,Computer
Laptop,Dell,Repairable,3.4,2.39,256.0,15.7,3,8183,848,3423.849372384937,Old,Premium,Computer
Speaker,Local,Repairable,2.5,2.2,,,1,537,77,244.09090909090907,Recent,Budget,Accessory
Mouse,LG,Repairable,2.0,0.13,,,2,295,49,2269.230769230769,Recent,Budget,Computer
Charger,HP,Working,0.9,0.26,,,2,487,84,1873.076923076923,New,Budget,Accessory
Speaker,Xiaomi,Dead,0.7,1.87,,,1,515,65,275.40106951871655,New,Budget,Accessory
Mouse,Lenovo,Repairable,1.7,0.13,,,2,314,51,2415.3846153846152,Recent,Budget,Computer
Charger,Apple,Dead,1.4,0.29,,,2,210,32,724.1379310344828,Recent,Premium,Accessory
Charger,Samsung,Repairable,1.9,0.17,,,3,298,49,1752.941176470588,Recent,Premium,Accessory
Laptop,Dell,Repairable,0.6,2.21,512.0,16.7,3,13673,1396,6186.877828054298,New,Premium,Computer
Headphones,Xiaomi,Repairable,0.5,0.37,,,2,866,107,2340.5405405405404,New,Budget,Accessory
Speaker,Samsung,Working,1.8,1.17,,,2,3393,376,2900.0,Recent,Premium,Accessory
Laptop,Asus,Repairable,2.0,2.42,512.0,14.9,2,10994,1129,4542.975206611571,Recent,Budget,Computer
Smartphone,Local,Working,1.6,0.16,32.0,6.5,2,3318,366,20737.5,Recent,Budget,Mobile
Mouse,Local,Repairable,1.0,0.12,,,3,139,33,1158.3333333333335,New,Budget,Computer
Battery,Sony,Dead,3.4,0.33,,,3,160,27,484.8484848484848,Old,Premium,Accessory
Headphones,Dell,Working,0.8,0.21,,,3,1694,204,8066.666666666667,New,Premium,Accessory
Headphones,Acer,Dead,4.1,0.24,,,1,206,30,858.3333333333334,Old,Budget,Accessory
Keyboard,Realme,Working,1.7,1.09,,,1,722,109,662.3853211009174,Recent,Budget,Computer
Headphones,MSI,Repairable,1.6,0.21,,,1,1188,138,5657.142857142858,Recent,Premium,Accessory
Keyboard,Samsung,Working,2.2,0.9,,,1,1375,174,1527.7777777777778,Recent,Premium,Computer
Headphones,Lenovo,Working,1.3,0.23,,,1,1885,223,8195.652173913044,Recent,Budget,Accessory
Headphones,Apple,Repairable,0.7,0.43,,,2,2054,226,4776.7441860465115,New,Premium,Accessory
Speaker,Acer,Working,7.5,2.73,,,2,270,67,98.9010989010989,Very_Old,Budget,Accessory
Tablet,Lenovo,Dead,2.9,0.51,64.0,10.2,2,2264,237,4439.21568627451,Recent,Budget,Mobile
Mouse,Generic,Working,1.8,0.18,,,3,251,60,1394.4444444444446,Recent,Budget,Computer
Tablet,Realme,Dead,1.3,0.77,64.0,10.4,3,1312,143,1703.8961038961038,Recent,Budget,Mobile
Battery,MSI,Working,5.4,0.61,,,2,454,81,744.2622950819672,Very_Old,Premium,Accessory
Tablet,HP,Repairable,1.1,0.54,128.0,10.7,1,9150,941,16944.44444444444,Recent,Budget,Mobile
Headphones,MSI,Dead,1.9,0.23,,,1,400,50,1739.1304347826085,Recent,Premium,Accessory
Keyboard,LG,Repairable,7.1,0.76,,,2,119,33,156.57894736842104,Very_Old,Budget,Computer
Mouse,HP,Working,0.7,0.17,,,3,754,110,4435.294117647059,New,Budget,Computer
Keyboard,Lenovo,Working,2.2,0.59,,,3,978,133,1657.6271186440679,Recent,Budget,Computer
Smartphone,Lenovo,Dead,3.4,0.19,256.0,6.2,2,1857,195,9773.684210526315,Old,Budget,Mobile
Charger,OnePlus,Repairable,5.1,0.22,,,1,122,32,554.5454545454545,Very_Old,Budget,Accessory
Mouse,Asus,Working,1.2,0.12,,,3,699,104,5825.0,Recent,Budget,Computer
Speaker,Local,Repairable,3.4,2.35,,,1,419,66,178.29787234042553,Old,Budget,Accessory
Headphones,Lenovo,Dead,0.9,0.43,,,1,481,59,1118.6046511627908,New,Budget,Accessory
Speaker,LG,Repairable,1.0,2.23,,,2,1106,134,495.9641255605381,New,Budget,Accessory
Monitor,Acer,Repairable,1.3,5.34,,31.8,3,2741,305,513.2958801498128,Recent,Budget,Computer
Mouse,Sony,Repairable,1.0,0.11,,,3,318,51,2890.909090909091,New,Premium,Computer
Charger,OnePlus,Working,3.4,0.19,,,1,417,76,2194.7368421052633,Old,Budget,Accessory
Laptop,Apple,Repairable,0.5,1.55,512.0,16.3,1,24536,2481,15829.677419354839,New,Premium,Computer
Keyboard,Sony,Working,4.8,0.56,,,1,801,116,1430.3571428571427,Old,Premium,Computer
Monitor,Apple,Working,5.4,4.94,,20.7,1,6153,665,1245.5465587044534,Very_Old,Premium,Computer
Speaker,Asus,Dead,6.0,2.5,,,1,261,41,104.4,Very_Old,Budget,Accessory
Speaker,Asus,Working,2.8,1.73,,,3,2192,257,1267.0520231213873,Recent,Budget,Accessory
Laptop,Generic,Repairable,1.1,2.0,256.0,16.1,2,7581,787,3790.5,Recent,Budget,Computer
Speaker,MSI,Dead,5.8,1.41,,,3,238,36,168.79432624113477,Very_Old,Premium,Accessory
Tablet,Lenovo,Working,3.2,0.43,1024.0,9.4,3,8327,873,19365.116279069767,Old,Budget,Mobile
Keyboard,Local,Dead,1.2,1.19,,,3,122,24,102.52100840336135,Recent,Budget,Computer
Charger,Lenovo,Working,3.0,0.3,,,1,383,74,1276.6666666666667,Recent,Budget,Accessory
Smartphone,LG,Working,3.7,0.19,32.0,5.3,1,7530,793,39631.57894736842,Old,Budget,Mobile
Headphones,Dell,Repairable,6.4,0.27,,,2,295,50,1092.5925925925926,Very_Old,Premium,Accessory
Monitor,Realme,Working,3.3,4.97,,24.8,2,3441,389,692.354124748491,Old,Budget,Computer
Laptop,Dell,Repairable,3.2,1.84,256.0,14.2,1,9773,1006,5311.413043478261,Old,Premium,Computer
Laptop,Local,Repairable,1.8,1.75,128.0,14.6,1,4975,521,2842.8571428571427,Recent,Budget,Computer
Laptop,Samsung,Repairable,0.6,2.37,128.0,13.6,3,16526,1682,6972.995780590717,New,Premium,Computer
Smartphone,Local,Repairable,2.3,0.22,1024.0,6.3,2,2023,222,9195.454545454546,Recent,Budget,Mobile
Smartphone,Asus,Working,1.6,0.2,64.0,6.2,3,6832,723,34160.0,Recent,Budget,Mobile
Battery,Realme,Working,2.7,0.32,,,3,393,75,1228.125,Recent,Budget,Accessory
Keyboard,Xiaomi,Repairable,8.0,0.79,,,3,50,27,63.291139240506325,Very_Old,Budget,Computer
Laptop,OnePlus,Working,5.3,2.58,256.0,16.2,3,10160,1061,3937.984496124031,Very_Old,Budget,Computer
Keyboard,Samsung,Repairable,4.5,0.82,,,3,401,62,489.0243902439025,Old,Premium,Computer
Charger,Sony,Repairable,1.5,0.29,,,2,322,53,1110.344827586207,Recent,Premium,Accessory
Laptop,Sony,Repairable,0.7,2.79,128.0,13.3,1,15921,1623,5706.451612903225,New,Premium,Computer
Keyboard,MSI,Dead,2.1,0.79,,,2,336,45,425.3164556962025,Recent,Premium,Computer
Tablet,OnePlus,Working,1.0,0.73,256.0,8.3,2,15450,1586,21164.383561643837,New,Budget,Mobile
Headphones,Acer,Working,7.6,0.35,,,1,197,55,562.8571428571429,Very_Old,Budget,Accessory
Charger,Xiaomi,Working,1.8,0.27,,,2,301,66,1114.8148148148148,Recent,Budget,Accessory
Monitor,Dell,Working,0.9,3.65,,29.1,1,9145,961,2505.4794520547944,New,Premium,Computer
Speaker,HP,Repairable,1.8,1.45,,,1,1255,148,865.5172413793103,Recent,Budget,Accessory
Mouse,Asus,Working,1.3,0.19,,,2,617,96,3247.3684210526317,Recent,Budget,Computer
Keyboard,Apple,Working,8.0,0.84,,,1,224,59,266.6666666666667,Very_Old,Premium,Computer
Smartphone,LG,Working,4.9,0.2,1024.0,6.8,2,5268,566,26340.0,Old,Budget,Mobile
Keyboard,Asus,Dead,0.6,0.57,,,2,364,47,638.5964912280702,New,Budget,Computer
Speaker,HP,Dead,1.2,1.37,,,1,553,68,403.6496350364963,Recent,Budget,Accessory
Tablet,Xiaomi,Repairable,0.5,0.71,256.0,10.3,3,4449,465,6266.197183098592,New,Budget,Mobile
Speaker,Apple,Working,2.4,1.86,,,2,2702,309,1452.6881720430106,Recent,Premium,Accessory
Smartphone,Dell,Repairable,3.6,0.15,128.0,6.6,3,3855,405,25700.0,Old,Premium,Mobile
Laptop,Xiaomi,Repairable,1.6,2.3,512.0,14.6,1,9492,979,4126.956521739131,Recent,Budget,Computer
Laptop,Samsung,Repairable,4.9,2.84,512.0,15.5,1,7988,829,2812.6760563380285,Old,Premium,Computer
Monitor,LG,Working,5.7,7.81,,24.9,3,2449,295,313.572343149808,Very_Old,Budget,Computer
Battery,Sony,Working,1.2,0.78,,,2,930,130,1192.3076923076924,Recent,Premium,Accessory
Mouse,Dell,Working,2.2,0.13,,,3,510,86,3923.076923076923,Recent,Premium,Computer
Monitor,MSI,Working,1.5,7.99,,26.5,1,7519,807,941.0513141426783,Recent,Premium,Computer
Laptop,Samsung,Working,0.7,1.73,256.0,15.0,1,34447,3487,19911.56069364162,New,Premium,Computer
Charger,OnePlus,Working,1.1,0.16,,,1,497,84,3106.25,Recent,Budget,Accessory
Speaker,Apple,Working,1.2,2.93,,,3,4247,465,1449.4880546075085,Recent,Premium,Accessory
Speaker,LG,Dead,1.3,2.14,,,1,713,85,333.1775700934579,Recent,Budget,Accessory
Keyboard,Samsung,Working,0.5,1.07,,,1,2220,259,2074.766355140187,New,Premium,Computer
Laptop,Acer,Repairable,0.7,1.74,128.0,15.2,2,13289,1356,7637.356321839081,New,Budget,Computer
Keyboard,Acer,Working,0.5,0.68,,,1,1318,167,1938.2352941176468,New,Budget,Computer
Headphones,OnePlus,Repairable,2.9,0.42,,,1,1082,129,2576.190476190476,Recent,Budget,Accessory
Tablet,Realme,Repairable,1.2,0.62,512.0,10.0,1,5142,540,8293.548387096775,Recent,Budget,Mobile
Keyboard,Realme,Dead,0.9,1.18,,,2,214,33,181.35593220338984,New,Budget,Computer
Headphones,Sony,Repairable,1.9,0.38,,,2,939,114,2471.0526315789475,Recent,Premium,Accessory
Monitor,Samsung,Dead,2.1,6.47,,31.9,3,1706,193,263.6785162287481,Recent,Premium,Computer
Speaker,Sony,Dead,2.4,1.74,,,3,554,68,318.39080459770116,Recent,Premium,Accessory
Mouse,HP,Repairable,0.9,0.14,,,2,352,55,2514.285714285714,New,Budget,Computer
Monitor,Lenovo,Working,1.6,6.91,,29.3,1,7578,811,1096.671490593343,Recent,Budget,Computer
Tablet,Asus,Dead,2.2,0.54,256.0,9.2,2,3276,338,6066.666666666666,Recent,Budget,Mobile
Tablet,Asus,Dead,1.0,0.6,32.0,8.0,2,2865,297,4775.0,New,Budget,Mobile
Headphones,HP,Repairable,2.6,0.35,,,2,848,105,2422.857142857143,Recent,Budget,Accessory
Keyboard,Apple,Working,7.3,0.9,,,1,365,73,405.55555555555554,Very_Old,Premium,Computer
Mouse,Dell,Working,0.8,0.16,,,1,964,131,6025.0,New,Premium,Computer
Mouse,Samsung,Working,2.2,0.17,,,1,698,104,4105.882352941177,Recent,Premium,Computer
Keyboard,Realme,Repairable,0.7,0.82,,,2,430,65,524.390243902439,New,Budget,Computer
Charger,HP,Dead,4.5,0.15,,,2,79,17,526.6666666666667,Old,Budget,Accessory
Laptop,HP,Repairable,6.8,1.87,64.0,16.6,2,2540,278,1358.288770053476,Very_Old,Budget,Computer
Monitor,Samsung,Repairable,7.3,5.22,,25.8,2,677,97,129.69348659003833,Very_Old,Premium,Computer
Battery,Dell,Working,2.8,0.44,,,2,921,128,2093.181818181818,Recent,Premium,Accessory
Tablet,LG,Working,0.6,0.42,256.0,9.7,3,12540,1295,29857.14285714286,New,Budget,Mobile
Charger,Lenovo,Working,1.3,0.2,,,1,493,84,2465.0,Recent,Budget,Accessory
Speaker,Apple,Working,0.9,1.62,,,1,5465,589,3373.4567901234564,New,Premium,Accessory
Keyboard,Xiaomi,Repairable,1.6,0.81,,,3,419,63,517.283950617284,Recent,Budget,Computer
Monitor,Local,Working,8.0,4.21,,28.3,1,460,89,109.26365795724466,Very_Old,Budget,Computer
Speaker,Local,Working,2.4,1.18,,,3,892,126,755.9322033898305,Recent,Budget,Accessory
Monitor,Samsung,Repairable,0.6,5.98,,21.7,2,5980,635,999.9999999999999,New,Premium,Computer
Monitor,Realme,Repairable,4.2,3.15,,25.0,2,1659,191,526.6666666666666,Old,Budget,Computer
Smartphone,Acer,Repairable,1.0,0.16,64.0,5.1,1,6004,625,37525.0,New,Budget,Mobile
Battery,Realme,Working,0.9,0.47,,,3,574,93,1221.276595744681,New,Budget,Accessory
Tablet,Local,Repairable,2.1,0.45,32.0,9.2,2,2398,260,5328.888888888889,Recent,Budget,Mobile
Smartphone,Apple,Dead,1.0,0.19,1024.0,5.4,3,3816,391,20084.21052631579,New,Premium,Mobile
Smartphone,LG,Repairable,1.4,0.19,256.0,6.7,3,5664,591,29810.526315789473,Recent,Budget,Mobile
Laptop,Xiaomi,Repairable,3.7,1.86,32.0,14.3,2,4507,474,2423.1182795698924,Old,Budget,Computer
Smartphone,Acer,Repairable,1.1,0.2,64.0,6.5,1,5569,581,27845.0,Recent,Budget,Mobile
Headphones,HP,Repairable,4.2,0.31,,,1,739,94,2383.8709677419356,Old,Budget,Accessory
Keyboard,Asus,Working,1.3,0.54,,,3,1281,164,2372.222222222222,Recent,Budget,Computer
Speaker,Acer,Repairable,0.5,1.82,,,3,1103,134,606.043956043956,New,Budget,Accessory
Keyboard,MSI,Working,2.9,1.04,,,3,914,128,878.8461538461538,Recent,Premium,Computer
Tablet,MSI,Dead,3.8,0.52,1024.0,11.6,2,2284,239,4392.307692307692,Old,Premium,Mobile
Smartphone,Generic,Repairable,2.9,0.25,256.0,6.2,3,1810,201,7240.0,Recent,Budget,Mobile
Charger,OnePlus,Working,2.4,0.28,,,2,383,74,1367.8571428571427,Recent,Budget,Accessory
Headphones,Acer,Dead,3.3,0.37,,,2,247,35,667.5675675675676,Old,Budget,Accessory
Monitor,MSI,Repairable,1.8,4.67,,30.6,2,4416,470,945.610278372591,Recent,Premium,Computer
Charger,Acer,Dead,2.2,0.23,,,2,89,18,386.95652173913044,Recent,Budget,Accessory
Charger,Local,Working,0.6,0.15,,,2,241,59,1606.6666666666667,New,Budget,Accessory
Keyboard,Realme,Working,1.2,0.63,,,2,780,114,1238.095238095238,Recent,Budget,Computer
Mouse,Acer,Working,1.3,0.13,,,3,487,83,3746.153846153846,Recent,Budget,Computer
Monitor,Dell,Dead,0.8,7.64,,28.2,1,2669,291,349.3455497382199,New,Premium,Computer
Laptop,Asus,Repairable,0.7,2.66,512.0,16.1,3,14973,1527,5628.9473684210525,New,Budget,Computer
Monitor,MSI,Repairable,0.7,6.22,,26.5,1,6237,660,1002.7331189710611,New,Premium,Computer
Charger,Local,Working,2.6,0.19,,,2,181,53,952.6315789473684,Recent,Budget,Accessory
Headphones,Apple,Working,0.6,0.39,,,2,2712,307,6953.846153846153,New,Premium,Accessory
Keyboard,OnePlus,Repairable,1.6,0.7,,,1,760,97,1085.7142857142858,Recent,Budget,Computer
Mouse,Asus,Dead,0.8,0.17,,,3,164,26,964.7058823529411,New,Budget,Computer
Keyboard,Realme,Working,0.9,0.57,,,2,697,105,1222.8070175438597,New,Budget,Computer
Laptop,HP,Dead,4.7,2.29,256.0,13.4,1,3280,343,1432.3144104803494,Old,Budget,Computer
Battery,Local,Working,2.6,0.73,,,3,341,70,467.1232876712329,Recent,Budget,Accessory
Laptop,Samsung,Working,2.5,1.61,32.0,13.2,2,18838,1926,11700.621118012421,Recent,Premium,Computer
Keyboard,Dell,Dead,1.1,0.59,,,2,306,41,518.6440677966102,Recent,Premium,Computer
Smartphone,Lenovo,Repairable,1.5,0.24,1024.0,6.5,2,5440,569,22666.666666666668,Recent,Budget,Mobile
Tablet,Xiaomi,Working,3.0,0.45,256.0,9.3,3,7211,762,16024.444444444443,Recent,Budget,Mobile
Smartphone,Lenovo,Working,2.5,0.18,32.0,5.5,3,8102,850,45011.11111111111,Recent,Budget,Mobile
Monitor,Generic,Dead,1.2,7.65,,28.1,2,749,99,97.90849673202614,Recent,Budget,Computer
Battery,Realme,Working,3.1,0.72,,,2,510,87,708.3333333333334,Old,Budget,Accessory
Charger,Xiaomi,Repairable,7.9,0.11,,,2,50,25,454.54545454545456,Very_Old,Budget,Accessory
Mouse,Xiaomi,Repairable,2.6,0.16,,,2,164,36,1025.0,Recent,Budget,Computer
Headphones,Dell,Dead,2.6,0.49,,,1,516,62,1053.061224489796,Recent,Premium,Accessory
Charger,Lenovo,Dead,1.7,0.11,,,1,109,20,990.9090909090909,Recent,Budget,Accessory
Charger,Lenovo,Repairable,4.0,0.24,,,1,174,37,725.0,Old,Budget,Accessory
Tablet,Acer,Repairable,0.6,0.57,64.0,12.5,3,5774,603,10129.82456140351,New,Budget,Mobile
Tablet,Dell,Working,2.5,0.52,32.0,8.3,3,10755,1116,20682.69230769231,Recent,Premium,Mobile
Speaker,Dell,Repairable,7.7,1.72,,,2,180,41,104.65116279069768,Very_Old,Premium,Accessory
Monitor,OnePlus,Repairable,1.4,6.41,,28.3,2,4465,479,696.5678627145086,Recent,Budget,Computer
Charger,Dell,Working,1.1,0.16,,,2,499,84,3118.75,Recent,Premium,Accessory
Tablet,OnePlus,Working,2.6,0.42,32.0,12.3,2,11152,1156,26552.380952380954,Recent,Budget,Mobile
Keyboard,MSI,Working,4.9,0.81,,,2,685,105,845.679012345679,Old,Premium,Computer
Charger,Dell,Working,0.7,0.23,,,3,629,97,2734.782608695652,New,Premium,Accessory
Mouse,Sony,Repairable,1.1,0.14,,,1,493,69,3521.428571428571,Recent,Premium,Computer
Headphones,MSI,Dead,4.7,0.27,,,2,260,37,962.9629629629629,Old,Premium,Accessory
Tablet,MSI,Repairable,0.9,0.44,256.0,12.0,2,10397,1065,23629.545454545456,New,Premium,Mobile
Laptop,Acer,Repairable,3.4,1.57,32.0,14.8,1,9074,935,5779.617834394904,Old,Budget,Computer
Mouse,Samsung,Working,1.3,0.15,,,2,642,99,4280.0,Recent,Premium,Computer
Monitor,Xiaomi,Working,3.3,5.91,,21.4,2,3296,376,557.6988155668358,Old,Budget,Computer
Speaker,Asus,Working,0.9,1.11,,,2,2881,325,2595.495495495495,New,Budget,Accessory
Headphones,HP,Working,4.2,0.21,,,2,951,130,4528.571428571428,Old,Budget,Accessory
Keyboard,Asus,Repairable,2.2,1.07,,,1,632,85,590.6542056074766,Recent,Budget,Computer
Mouse,LG,Working,1.4,0.16,,,2,541,89,3381.25,Recent,Budget,Computer
Speaker,OnePlus,Dead,0.6,2.47,,,3,632,78,255.87044534412954,New,Budget,Accessory
Charger,LG,Working,2.2,0.25,,,3,406,75,1624.0,Recent,Budget,Accessory
Charger,LG,Working,1.0,0.17,,,1,471,82,2770.5882352941176,New,Budget,Accessory
Charger,Lenovo,Dead,0.8,0.24,,,3,122,22,508.33333333333337,New,Budget,Accessory
Laptop,HP,Repairable,7.1,2.44,256.0,13.4,3,1882,213,771.3114754098361,Very_Old,Budget,Computer
Battery,MSI,Repairable,3.9,0.59,,,1,418,62,708.4745762711865,Old,Premium,Accessory
Battery,Acer,Dead,3.5,0.65,,,1,163,27,250.76923076923077,Old,Budget,Accessory
Speaker,Realme,Working,0.6,2.5,,,1,2119,251,847.6,New,Budget,Accessory
Keyboard,Generic,Repairable,1.2,0.95,,,2,333,55,350.5263157894737,Recent,Budget,Computer
Speaker,MSI,Working,6.8,1.07,,,1,706,107,659.8130841121495,Very_Old,Premium,Accessory
Headphones,LG,Working,0.9,0.41,,,2,1665,202,4060.9756097560976,New,Budget,Accessory
Speaker,MSI,Dead,1.0,1.99,,,1,880,102,442.2110552763819,New,Premium,Accessory
Battery,Lenovo,Repairable,1.0,0.37,,,1,617,82,1667.5675675675675,New,Budget,Accessory
Headphones,Generic,Repairable,1.9,0.47,,,2,418,62,889.3617021276597,Recent,Budget,Accessory
Keyboard,HP,Working,2.6,0.66,,,1,1019,137,1543.9393939393938,Recent,Budget,Computer
Headphones,Lenovo,Dead,2.8,0.38,,,3,326,43,857.8947368421052,Recent,Budget,Accessory
Keyboard,Samsung,Repairable,1.2,0.81,,,3,726,94,896.2962962962962,Recent,Premium,Computer
Battery,Dell,Repairable,8.0,0.45,,,2,63,27,140.0,Very_Old,Premium,Accessory
Monitor,Apple,Working,1.4,5.82,,30.9,1,11576,1209,1989.0034364261167,Recent,Premium,Computer
Laptop,Realme,Repairable,1.1,2.84,512.0,15.6,2,6889,719,2425.7042253521126,Recent,Budget,Computer
Battery,Generic,Working,5.3,0.38,,,2,253,61,665.7894736842105,Very_Old,Budget,Accessory
Laptop,Sony,Repairable,1.7,2.92,512.0,14.2,1,16423,1673,5624.315068493151,Recent,Premium,Computer
Headphones,Dell,Repairable,0.9,0.29,,,1,1121,133,3865.5172413793107,New,Premium,Accessory
Keyboard,Local,Repairable,0.8,0.57,,,2,307,51,538.5964912280702,New,Budget,Computer
Smartphone,Lenovo,Working,3.7,0.16,1024.0,6.2,3,5030,543,31437.5,Old,Budget,Mobile
Charger,Apple,Working,0.9,0.12,,,2,724,107,6033.333333333334,New,Premium,Accessory
Laptop,OnePlus,Working,5.6,2.73,1024.0,15.6,1,10203,1065,3737.3626373626375,Very_Old,Budget,Computer
Laptop,Realme,Dead,2.0,2.52,512.0,15.5,2,3297,344,1308.3333333333333,Recent,Budget,Computer
Charger,Generic,Dead,1.1,0.11,,,3,55,15,500.0,Recent,Budget,Accessory
Headphones,Asus,Repairable,4.9,0.37,,,2,588,79,1589.1891891891892,Old,Budget,Accessory
Mouse,Realme,Working,8.0,0.12,,,1,55,40,458.33333333333337,Very_Old,Budget,Computer
Tablet,OnePlus,Working,2.7,0.79,256.0,11.4,2,13853,1427,17535.443037974685,Recent,Budget,Mobile
Tablet,Samsung,Working,1.1,0.72,512.0,11.8,1,16110,1652,22375.0,Recent,Premium,Mobile
Monitor,MSI,Dead,5.3,4.91,,24.6,2,896,109,182.4847250509165,Very_Old,Premium,Computer
Mouse,Generic,Repairable,1.7,0.13,,,2,185,38,1423.076923076923,Recent,Budget,Computer
Laptop,LG,Repairable,6.0,2.91,32.0,16.5,1,3610,387,1240.549828178694,Very_Old,Budget,Computer
Tablet,Local,Working,3.2,0.5,128.0,9.3,2,3311,367,6622.0,Old,Budget,Mobile
Charger,Dell,Dead,5.4,0.23,,,3,54,15,234.78260869565216,Very_Old,Premium,Accessory
Speaker,OnePlus,Dead,1.1,2.44,,,2,507,65,207.78688524590166,Recent,Budget,Accessory
Headphones,Apple,Repairable,1.4,0.39,,,1,1485,169,3807.6923076923076,Recent,Premium,Accessory
Tablet,Generic,Repairable,4.0,0.49,1024.0,10.0,1,2804,301,5722.448979591837,Old,Budget,Mobile
Tablet,HP,Working,2.3,0.44,32.0,12.5,2,9112,952,20709.090909090908,Recent,Budget,Mobile
Laptop,Samsung,Working,1.1,2.73,256.0,13.8,3,32836,3328,12027.838827838828,Recent,Premium,Computer
Smartphone,HP,Working,1.1,0.22,1024.0,6.6,2,13251,1365,60231.818181818184,Recent,Budget,Mobile
Smartphone,Xiaomi,Working,1.9,0.23,128.0,6.8,1,5658,605,24600.0,Recent,Budget,Mobile
Headphones,Asus,Working,7.2,0.25,,,1,322,67,1288.0,Very_Old,Budget,Accessory
Laptop,Local,Repairable,0.7,1.91,512.0,14.5,3,6257,654,3275.916230366492,New,Budget,Computer
Tablet,Asus,Working,0.7,0.54,32.0,11.1,1,18745,1915,34712.96296296296,New,Budget,Mobile
Headphones,Realme,Working,1.6,0.25,,,1,1449,179,5796.0,Recent,Budget,Accessory
Mouse,MSI,Repairable,3.9,0.13,,,1,220,42,1692.3076923076922,Old,Premium,Computer
Speaker,Samsung,Working,0.6,1.24,,,2,3487,385,2812.0967741935483,New,Premium,Accessory
Smartphone,OnePlus,Working,5.8,0.2,64.0,5.8,3,3640,399,18200.0,Very_Old,Budget,Mobile
Tablet,Local,Dead,3.0,0.69,32.0,9.8,3,752,86,1089.8550724637682,Recent,Budget,Mobile
Laptop,Local,Working,2.5,1.61,512.0,15.1,3,7447,787,4625.465838509316,Recent,Budget,Computer
Keyboard,Sony,Repairable,8.0,0.83,,,1,113,33,136.14457831325302,Very_Old,Premium,Computer
Laptop,Dell,Dead,1.6,2.69,256.0,16.5,2,6298,649,2341.2639405204463,Recent,Premium,Computer
Mouse,HP,Repairable,1.6,0.16,,,3,321,52,2006.25,Recent,Budget,Computer
Charger,Samsung,Repairable,1.6,0.13,,,2,265,46,2038.4615384615383,Recent,Premium,Accessory
Keyboard,MSI,Working,0.5,1.11,,,1,1563,193,1408.108108108108,New,Premium,Computer
Smartphone,Samsung,Working,1.0,0.22,32.0,5.9,2,11147,1154,50668.181818181816,New,Premium,Mobile
Keyboard,Realme,Repairable,0.9,1.17,,,2,499,71,426.4957264957265,New,Budget,Computer
Keyboard,HP,Repairable,4.5,0.78,,,1,470,69,602.5641025641025,Old,Budget,Computer
Battery,HP,Dead,0.8,0.3,,,3,177,28,590.0,New,Budget,Accessory
Keyboard,Asus,Working,2.3,0.82,,,1,1252,162,1526.829268292683,Recent,Budget,Computer
Keyboard,Asus,Working,0.5,0.8,,,2,1594,196,1992.5,New,Budget,Computer
Laptop,Samsung,Working,1.7,2.6,256.0,16.3,2,24910,2536,9580.76923076923,Recent,Premium,Computer
Laptop,Acer,Dead,2.3,1.82,64.0,15.5,1,3741,388,2055.4945054945056,Recent,Budget,Computer
Monitor,Sony,Working,4.0,5.08,,30.3,3,4287,473,843.8976377952756,Old,Premium,Computer
Battery,Samsung,Working,2.7,0.52,,,2,918,127,1765.3846153846152,Recent,Premium,Accessory
Keyboard,Lenovo,Dead,1.0,0.94,,,3,247,36,262.7659574468085,New,Budget,Computer
Speaker,Lenovo,Dead,8.0,1.96,,,3,59,19,30.102040816326532,Very_Old,Budget,Accessory
Battery,Sony,Repairable,2.2,0.76,,,2,563,78,740.7894736842105,Recent,Premium,Accessory
Battery,Xiaomi,Repairable,1.7,0.66,,,1,381,59,577.2727272727273,Recent,Budget,Accessory
Keyboard,Samsung,Working,1.9,0.63,,,2,1385,174,2198.4126984126983,Recent,Premium,Computer
Monitor,Asus,Dead,1.1,7.57,,31.4,1,1926,217,254.42536327608983,Recent,Budget,Computer
Smartphone,Generic,Working,2.0,0.21,1024.0,5.2,1,5472,587,26057.14285714286,Recent,Budget,Mobile
Tablet,LG,Repairable,1.4,0.44,128.0,10.2,1,7393,765,16802.272727272728,Recent,Budget,Mobile
Speaker,Realme,Working,3.5,1.44,,,1,1005,138,697.9166666666667,Old,Budget,Accessory
Mouse,MSI,Repairable,1.5,0.19,,,2,405,60,2131.578947368421,Recent,Premium,Computer
Headphones,Asus,Repairable,1.6,0.36,,,2,849,105,2358.3333333333335,Recent,Budget,Accessory
Mouse,Sony,Dead,8.0,0.17,,,2,50,15,294.11764705882354,Very_Old,Premium,Computer
Smartphone,MSI,Working,2.3,0.16,256.0,5.3,3,10778,1117,67362.5,Recent,Premium,Mobile
Laptop,LG,Repairable,2.6,1.87,256.0,16.1,2,11086,1137,5928.3422459893045,Recent,Budget,Computer
Smartphone,Apple,Working,2.7,0.21,1024.0,5.1,3,13589,1398,64709.52380952381,Recent,Premium,Mobile
Headphones,Local,Repairable,1.3,0.27,,,2,530,74,1962.9629629629628,Recent,Budget,Accessory
Tablet,Lenovo,Repairable,1.5,0.69,256.0,9.0,3,6713,697,9728.985507246378,Recent,Budget,Mobile
Speaker,Asus,Repairable,1.0,1.56,,,2,1426,165,914.1025641025641,New,Budget,Accessory
Mouse,Realme,Repairable,1.0,0.1,,,2,248,44,2480.0,New,Budget,Computer
Tablet,OnePlus,Working,7.2,0.54,128.0,8.0,2,1985,234,3675.9259259259256,Very_Old,Budget,Mobile
Battery,Realme,Repairable,2.8,0.71,,,3,189,39,266.19718309859155,Recent,Budget,Accessory
Headphones,Sony,Working,0.8,0.44,,,2,2398,275,5450.0,New,Premium,Accessory
Tablet,Generic,Working,0.6,0.65,1024.0,9.8,2,7354,776,11313.846153846154,New,Budget,Mobile
Charger,LG,Working,3.4,0.26,,,2,325,68,1250.0,Old,Budget,Accessory
Charger,LG,Working,6.4,0.18,,,2,147,49,816.6666666666667,Very_Old,Budget,Accessory
Monitor,HP,Repairable,1.8,7.49,,20.1,2,4596,494,613.6181575433911,Recent,Budget,Computer
Laptop,Generic,Working,6.0,2.74,128.0,13.8,1,4694,509,1713.1386861313867,Very_Old,Budget,Computer
Mouse,Sony,Working,3.8,0.19,,,2,421,77,2215.7894736842104,Old,Premium,Computer
Battery,Realme,Repairable,6.6,0.32,,,2,66,27,206.25,Very_Old,Budget,Accessory
Smartphone,Acer,Repairable,2.0,0.21,32.0,5.0,3,3800,400,18095.238095238095,Recent,Budget,Mobile
Battery,Realme,Working,7.0,0.32,,,2,94,45,293.75,Very_Old,Budget,Accessory
Keyboard,Samsung,Repairable,0.5,0.9,,,1,1188,140,1320.0,New,Premium,Computer
Keyboard,OnePlus,Dead,2.7,1.08,,,2,196,31,181.48148148148147,Recent,Budget,Computer
Tablet,Realme,Working,2.1,0.58,256.0,8.4,1,8233,864,14194.827586206897,Recent,Budget,Mobile
Laptop,Generic,Dead,2.8,2.25,64.0,14.9,1,2544,268,1130.6666666666667,Recent,Budget,Computer
Smartphone,Lenovo,Dead,0.8,0.21,256.0,6.6,3,1925,202,9166.666666666668,New,Budget,Mobile
Speaker,Acer,Dead,2.4,1.31,,,3,455,58,347.32824427480915,Recent,Budget,Accessory
Speaker,Samsung,Repairable,2.0,1.15,,,1,1722,194,1497.3913043478262,Recent,Premium,Accessory
Speaker,MSI,Repairable,1.1,2.61,,,2,1781,203,682.3754789272031,Recent,Premium,Accessory
Charger,MSI,Working,8.0,0.2,,,3,59,40,295.0,Very_Old,Premium,Accessory
Mouse,MSI,Working,3.3,0.11,,,2,520,87,4727.272727272727,Old,Premium,Computer
Charger,HP,Repairable,2.1,0.12,,,1,267,46,2225.0,Recent,Budget,Accessory
Mouse,Xiaomi,Repairable,4.3,0.19,,,2,114,31,600.0,Old,Budget,Computer
Smartphone,Asus,Repairable,0.7,0.18,64.0,5.2,2,6636,688,36866.66666666667,New,Budget,Mobile
Monitor,Asus,Dead,3.0,3.51,,23.6,3,1305,147,371.7948717948718,Recent,Budget,Computer
Keyboard,Lenovo,Dead,3.6,0.66,,,2,198,30,300.0,Old,Budget,Computer
Speaker,Generic,Dead,1.0,2.43,,,2,364,51,149.79423868312756,New,Budget,Accessory
Speaker,Acer,Repairable,0.8,2.73,,,2,1313,156,480.95238095238096,New,Budget,Accessory
Charger,Xiaomi,Working,0.8,0.19,,,1,358,70,1884.2105263157894,New,Budget,Accessory
Headphones,Generic,Repairable,2.9,0.43,,,2,346,55,804.6511627906976,Recent,Budget,Accessory
Laptop,Asus,Working,1.9,2.72,256.0,15.1,1,29951,3040,11011.397058823528,Recent,Budget,Computer
Headphones,Asus,Working,6.5,0.36,,,2,493,85,1369.4444444444446,Very_Old,Budget,Accessory
Monitor,LG,Working,4.3,5.46,,25.4,1,4517,497,827.2893772893773,Old,Budget,Computer
Smartphone,HP,Dead,4.3,0.23,128.0,5.6,2,1256,135,5460.869565217391,Old,Budget,Mobile
Mouse,LG,Repairable,1.9,0.16,,,3,239,43,1493.75,Recent,Budget,Computer
Monitor,Dell,Working,3.7,5.43,,20.4,1,5790,630,1066.2983425414366,Old,Premium,Computer
Headphones,Asus,Repairable,1.0,0.48,,,2,1022,123,2129.166666666667,New,Budget,Accessory
Smartphone,Acer,Repairable,0.9,0.2,32.0,5.1,1,4754,495,23770.0,New,Budget,Mobile
Laptop,Sony,Repairable,1.3,2.32,32.0,14.4,3,12347,1264,5321.98275862069,Recent,Premium,Computer
Battery,Local,Working,1.7,0.78,,,2,369,73,473.07692307692304,Recent,Budget,Accessory
Laptop,LG,Dead,1.1,1.87,1024.0,16.0,3,4879,501,2609.090909090909,Recent,Budget,Computer
Monitor,Samsung,Repairable,1.0,6.55,,24.4,2,4183,451,638.6259541984733,New,Premium,Computer
Laptop,OnePlus,Repairable,3.5,2.01,512.0,13.8,3,8656,894,4306.467661691543,Old,Budget,Computer
Mouse,Lenovo,Repairable,3.2,0.11,,,1,298,49,2709.090909090909,Old,Budget,Computer
Speaker,Samsung,Dead,0.9,2.75,,,2,705,86,256.3636363636364,New,Premium,Accessory
Speaker,Acer,Working,3.1,1.64,,,3,1708,208,1041.4634146341464,Old,Budget,Accessory
Monitor,Local,Repairable,0.8,3.89,,20.1,1,2082,236,535.2185089974292,New,Budget,Computer
Tablet,HP,Dead,0.9,0.78,256.0,9.8,2,4205,432,5391.025641025641,New,Budget,Mobile
Speaker,Apple,Repairable,5.6,2.09,,,2,750,99,358.85167464114835,Very_Old,Premium,Accessory
Laptop,Sony,Repairable,2.9,2.49,256.0,14.1,2,13657,1395,5484.738955823293,Recent,Premium,Computer
Headphones,Local,Dead,2.7,0.22,,,1,142,24,645.4545454545455,Recent,Budget,Accessory
Keyboard,Acer,Working,0.5,1.2,,,2,1370,174,1141.6666666666667,New,Budget,Computer
Speaker,Apple,Dead,3.6,2.02,,,2,564,70,279.2079207920792,Old,Premium,Accessory
Smartphone,Acer,Dead,0.8,0.18,1024.0,6.4,1,2339,243,12994.444444444445,New,Budget,Mobile
Mouse,LG,Working,2.1,0.11,,,3,389,73,3536.3636363636365,Recent,Budget,Computer
Charger,Local,Dead,0.7,0.18,,,1,70,17,388.8888888888889,New,Budget,Accessory
Monitor,Generic,Repairable,2.5,7.01,,23.7,1,1914,225,273.0385164051355,Recent,Budget,Computer
Battery,Local,Dead,0.7,0.74,,,1,127,23,171.6216216216216,New,Budget,Accessory
Laptop,Local,Dead,0.9,2.27,64.0,15.5,1,2563,271,1129.0748898678414,New,Budget,Computer
Tablet,Local,Repairable,6.3,0.63,128.0,8.2,3,781,99,1239.6825396825398,Very_Old,Budget,Mobile
Battery,MSI,Working,0.6,0.39,,,3,860,122,2205.128205128205,New,Premium,Accessory
Keyboard,Xiaomi,Repairable,3.2,1.01,,,3,266,48,263.36633663366337,Old,Budget,Computer
Charger,Acer,Repairable,4.1,0.13,,,3,118,31,907.6923076923076,Old,Budget,Accessory
Laptop,Generic,Working,1.1,2.06,128.0,15.0,2,10685,1112,5186.893203883495,Recent,Budget,Computer
Charger,LG,Repairable,1.5,0.3,,,3,187,39,623.3333333333334,Recent,Budget,Accessory
Charger,Xiaomi,Repairable,0.8,0.11,,,3,192,39,1745.4545454545455,New,Budget,Accessory
Tablet,Asus,Repairable,0.6,0.73,1024.0,10.6,1,9477,973,12982.191780821919,New,Budget,Mobile
Battery,HP,Repairable,2.1,0.39,,,2,414,62,1061.5384615384614,Recent,Budget,Accessory
Laptop,Samsung,Working,1.3,2.39,512.0,13.5,3,23526,2397,9843.514644351464,Recent,Premium,Computer
Tablet,Generic,Repairable,7.5,0.41,256.0,11.9,3,466,67,1136.5853658536587,Very_Old,Budget,Mobile
Charger,Xiaomi,Repairable,1.2,0.13,,,3,148,34,1138.4615384615383,Recent,Budget,Accessory
Headphones,Dell,Repairable,2.9,0.39,,,3,892,110,2287.1794871794873,Recent,Premium,Accessory
Headphones,HP,Working,6.0,0.41,,,2,565,92,1378.048780487805,Very_Old,Budget,Accessory
Battery,Local,Working,1.1,0.72,,,3,337,69,468.0555555555556,Recent,Budget,Accessory
Speaker,HP,Working,0.7,2.41,,,1,3021,342,1253.5269709543568,New,Budget,Accessory
Mouse,Asus,Repairable,5.6,0.17,,,1,127,32,747.0588235294117,Very_Old,Budget,Computer
Laptop,Xiaomi,Working,6.4,1.89,1024.0,14.6,3,3908,429,2067.7248677248676,Very_Old,Budget,Computer
Smartphone,LG,Repairable,0.6,0.2,512.0,5.7,1,5508,575,27540.0,New,Budget,Mobile
Laptop,Sony,Working,1.4,2.66,512.0,13.6,1,33384,3383,12550.375939849624,Recent,Premium,Computer
Mouse,LG,Dead,1.4,0.14,,,3,106,20,757.1428571428571,Recent,Budget,Computer
Keyboard,Samsung,Working,3.7,1.0,,,1,976,134,976.0,Old,Premium,Computer
Headphones,Lenovo,Repairable,1.4,0.23,,,2,1010,121,4391.304347826087,Recent,Budget,Accessory
Battery,Generic,Working,0.8,0.79,,,1,647,101,818.9873417721518,New,Budget,Accessory
Headphones,Acer,Repairable,1.5,0.37,,,2,1003,121,2710.810810810811,Recent,Budget,Accessory
Battery,MSI,Working,2.1,0.39,,,1,992,135,2543.5897435897436,Recent,Premium,Accessory
Headphones,HP,Repairable,4.2,0.39,,,3,597,80,1530.7692307692307,Old,Budget,Accessory
Charger,Realme,Repairable,4.5,0.28,,,2,105,31,374.99999999999994,Old,Budget,Accessory
Smartphone,Xiaomi,Working,0.7,0.2,128.0,6.4,3,7049,744,35245.0,New,Budget,Mobile
Battery,Asus,Working,2.4,0.38,,,2,932,129,2452.6315789473683,Recent,Budget,Accessory
Battery,Acer,Repairable,3.0,0.34,,,1,364,57,1070.5882352941176,Recent,Budget,Accessory
Mouse,Apple,Working,0.9,0.13,,,3,758,110,5830.7692307692305,New,Premium,Computer
Keyboard,Local,Working,1.5,0.88,,,2,558,92,634.0909090909091,Recent,Budget,Computer
Speaker,Acer,Repairable,2.7,2.67,,,1,923,117,345.6928838951311,Recent,Budget,Accessory
Headphones,OnePlus,Repairable,0.8,0.46,,,2,983,119,2136.9565217391305,New,Budget,Accessory
Battery,Asus,Working,7.9,0.72,,,3,105,46,145.83333333333334,Very_Old,Budget,Accessory
Mouse,Apple,Repairable,8.0,0.11,,,1,64,26,581.8181818181819,Very_Old,Premium,Computer
Mouse,Xiaomi,Dead,2.5,0.14,,,3,88,18,628.5714285714286,Recent,Budget,Computer
Tablet,Samsung,Working,0.6,0.62,512.0,11.2,2,19253,1966,31053.225806451614,New,Premium,Mobile
Headphones,Samsung,Working,1.1,0.31,,,3,2426,278,7825.806451612903,Recent,Premium,Accessory
Keyboard,Generic,Dead,0.9,1.08,,,1,182,30,168.5185185185185,New,Budget,Computer
Charger,Local,Repairable,3.4,0.24,,,3,66,26,275.0,Old,Budget,Accessory
Headphones,Realme,Dead,2.2,0.46,,,3,203,31,441.30434782608694,Recent,Budget,Accessory
Mouse,Sony,Repairable,7.3,0.15,,,1,55,25,366.6666666666667,Very_Old,Premium,Computer
Keyboard,MSI,Dead,1.5,1.17,,,2,297,41,253.84615384615387,Recent,Premium,Computer
Keyboard,Apple,Working,4.6,1.12,,,1,1084,145,967.8571428571428,Old,Premium,Computer
Tablet,Apple,Repairable,0.7,0.69,64.0,11.8,3,9604,986,13918.840579710146,New,Premium,Mobile
Battery,Samsung,Dead,1.7,0.54,,,3,251,36,464.8148148148148,Recent,Premium,Accessory
Smartphone,Xiaomi,Working,1.5,0.19,1024.0,5.7,2,6687,708,35194.73684210526,Recent,Budget,Mobile
Keyboard,Xiaomi,Working,2.0,1.07,,,3,672,104,628.0373831775701,Recent,Budget,Computer
Tablet,Samsung,Working,2.0,0.67,64.0,9.4,3,11300,1171,16865.671641791043,Recent,Premium,Mobile
Tablet,Generic,Working,5.9,0.69,512.0,11.2,3,2325,268,3369.5652173913045,Very_Old,Budget,Mobile
Speaker,Local,Repairable,0.6,2.24,,,1,717,95,320.08928571428567,New,Budget,Accessory
Smartphone,OnePlus,Dead,2.1,0.19,64.0,5.3,2,1681,178,8847.368421052632,Recent,Budget,Mobile
Laptop,HP,Dead,6.5,2.11,1024.0,13.2,1,1655,179,784.3601895734597,Very_Old,Budget,Computer
Charger,Apple,Working,0.6,0.24,,,3,794,114,3308.3333333333335,New,Premium,Accessory
Laptop,LG,Working,1.9,1.86,32.0,13.7,3,19090,1953,10263.440860215052,Recent,Budget,Computer
Tablet,Apple,Working,0.9,0.58,1024.0,9.2,2,20997,2140,36201.724137931036,New,Premium,Mobile
Keyboard,Asus,Dead,2.6,0.96,,,2,280,40,291.6666666666667,Recent,Budget,Computer
Smartphone,Sony,Dead,1.6,0.16,1024.0,6.8,2,2364,246,14775.0,Recent,Premium,Mobile
Keyboard,Sony,Dead,2.3,1.0,,,3,204,32,204.0,Recent,Premium,Computer
Speaker,Dell,Working,2.0,1.08,,,1,2904,327,2688.8888888888887,Recent,Premium,Accessory
Headphones,Sony,Dead,5.6,0.49,,,3,176,28,359.18367346938777,Very_Old,Premium,Accessory
Mouse,Realme,Working,1.7,0.19,,,2,387,73,2036.842105263158,Recent,Budget,Computer
Tablet,HP,Dead,0.6,0.59,256.0,10.3,1,3623,373,6140.677966101695,New,Budget,Mobile
Monitor,Dell,Working,1.7,5.91,,21.1,2,7609,812,1287.4788494077834,Recent,Premium,Computer
Tablet,Samsung,Working,1.9,0.73,256.0,9.7,3,14822,1523,20304.109589041098,Recent,Premium,Mobile
Headphones,Local,Repairable,6.0,0.47,,,1,143,35,304.25531914893617,Very_Old,Budget,Accessory
Laptop,Generic,Working,0.6,2.61,64.0,16.9,2,14327,1477,5489.272030651341,New,Budget,Computer
Battery,Xiaomi,Working,4.9,0.6,,,2,325,68,541.6666666666667,Old,Budget,Accessory
Laptop,MSI,Repairable,0.6,1.87,128.0,15.5,2,14540,1483,7775.401069518716,New,Premium,Computer
Battery,Asus,Repairable,2.1,0.67,,,1,473,68,705.9701492537313,Recent,Budget,Accessory
Charger,Xiaomi,Repairable,2.2,0.12,,,2,159,35,1325.0,Recent,Budget,Accessory
Tablet,Local,Repairable,3.3,0.68,1024.0,9.4,2,2782,299,4091.176470588235,Old,Budget,Mobile
Laptop,Lenovo,Repairable,1.9,1.99,32.0,16.4,3,9140,943,4592.964824120603,Recent,Budget,Computer
Keyboard,Lenovo,Working,2.8,1.12,,,1,921,129,822.3214285714284,Recent,Budget,Computer
Headphones,Generic,Working,4.6,0.22,,,2,606,95,2754.5454545454545,Old,Budget,Accessory
Speaker,Apple,Repairable,1.3,1.63,,,3,1923,215,1179.754601226994,Recent,Premium,Accessory
Mouse,Samsung,Repairable,6.1,0.1,,,2,124,32,1240.0,Very_Old,Premium,Computer
Keyboard,Asus,Repairable,4.4,0.78,,,3,314,53,402.56410256410254,Old,Budget,Computer
Charger,Lenovo,Repairable,1.6,0.18,,,3,261,46,1450.0,Recent,Budget,Accessory
Smartphone,Samsung,Repairable,3.4,0.2,256.0,5.8,1,6293,654,31465.0,Old,Premium,Mobile
Tablet,Generic,Working,0.6,0.5,32.0,8.8,2,7053,746,14106.0,New,Budget,Mobile
Headphones,Sony,Repairable,6.4,0.43,,,2,287,49,667.4418604651163,Very_Old,Premium,Accessory
Keyboard,Realme,Dead,2.3,1.01,,,2,179,29,177.22772277227722,Recent,Budget,Computer
Tablet,HP,Working,4.8,0.61,1024.0,10.8,3,7268,767,11914.754098360656,Old,Budget,Mobile
Headphones,Generic,Repairable,2.1,0.23,,,2,401,60,1743.4782608695652,Recent,Budget,Accessory
Smartphone,Apple,Working,2.0,0.18,32.0,6.3,1,11861,1226,65894.44444444445,Recent,Premium,Mobile
Keyboard,Xiaomi,Repairable,0.6,0.92,,,3,475,69,516.3043478260869,New,Budget,Computer
Speaker,Acer,Repairable,7.4,1.97,,,2,129,36,65.48223350253807,Very_Old,Budget,Accessory
Speaker,Sony,Repairable,2.1,2.68,,,3,1469,171,548.1343283582089,Recent,Premium,Accessory
Battery,MSI,Working,1.6,0.46,,,1,1310,167,2847.8260869565215,Recent,Premium,Accessory
Smartphone,HP,Working,0.9,0.21,32.0,5.1,2,10043,1044,47823.80952380953,New,Budget,Mobile
Monitor,Generic,Working,1.4,4.33,,31.3,2,4184,462,966.2817551963049,Recent,Budget,Computer
Tablet,Asus,Working,1.1,0.72,1024.0,10.6,3,11021,1143,15306.944444444445,Recent,Budget,Mobile
Mouse,HP,Working,0.6,0.19,,,3,721,107,3794.736842105263,New,Budget,Computer
Tablet,Xiaomi,Repairable,2.6,0.73,32.0,12.7,1,4488,469,6147.945205479452,Recent,Budget,Mobile
Tablet,Acer,Repairable,3.0,0.77,256.0,8.6,2,4962,518,6444.155844155844,Recent,Budget,Mobile
Keyboard,Realme,Working,2.0,0.59,,,1,789,114,1337.2881355932204,Recent,Budget,Computer
Battery,Apple,Working,1.8,0.61,,,1,1217,157,1995.0819672131147,Recent,Premium,Accessory
Battery,LG,Dead,0.9,0.55,,,3,235,34,427.27272727272725,New,Budget,Accessory
Speaker,Acer,Repairable,1.5,1.85,,,1,1372,161,741.6216216216216,Recent,Budget,Accessory
Keyboard,LG,Repairable,2.4,0.71,,,2,529,73,745.0704225352113,Recent,Budget,Computer
Speaker,Local,Repairable,1.0,2.93,,,3,472,73,161.09215017064847,New,Budget,Accessory
Keyboard,HP,Repairable,1.4,0.52,,,2,621,83,1194.2307692307693,Recent,Budget,Computer
Battery,Realme,Working,3.5,0.4,,,1,362,72,905.0,Old,Budget,Accessory
Battery,Local,Repairable,1.8,0.3,,,2,172,38,573.3333333333334,Recent,Budget,Accessory
Charger,Xiaomi,Repairable,3.8,0.25,,,1,156,35,624.0,Old,Budget,Accessory
Headphones,Acer,Working,4.4,0.4,,,2,756,111,1890.0,Old,Budget,Accessory
Monitor,OnePlus,Working,3.6,7.23,,25.6,3,5358,589,741.0788381742739,Old,Budget,Computer
Charger,Local,Repairable,1.0,0.27,,,3,121,33,448.1481481481481,New,Budget,Accessory
Keyboard,Dell,Dead,8.0,0.61,,,3,45,15,73.77049180327869,Very_Old,Premium,Computer
Battery,LG,Dead,1.0,0.7,,,2,191,30,272.8571428571429,New,Budget,Accessory
Charger,MSI,Repairable,0.6,0.3,,,3,247,45,823.3333333333334,New,Premium,Accessory
Tablet,Realme,Working,4.1,0.55,1024.0,10.7,3,5201,561,9456.363636363636,Old,Budget,Mobile
Keyboard,Dell,Working,5.1,1.15,,,1,580,95,504.34782608695656,Very_Old,Premium,Computer
Keyboard,Samsung,Dead,0.7,0.68,,,3,370,48,544.1176470588235,New,Premium,Computer
Keyboard,Lenovo,Working,4.9,0.82,,,2,614,98,748.7804878048781,Old,Budget,Computer
Smartphone,Sony,Dead,0.9,0.23,128.0,5.5,2,3097,319,13465.217391304348,New,Premium,Mobile
Tablet,Generic,Dead,1.9,0.43,512.0,10.5,1,1721,183,4002.3255813953488,Recent,Budget,Mobile
Laptop,Sony,Repairable,0.8,2.16,512.0,15.1,1,16264,1655,7529.62962962963,New,Premium,Computer
Mouse,HP,Repairable,2.3,0.1,,,3,302,50,3020.0,Recent,Budget,Computer
Charger,MSI,Working,3.0,0.17,,,3,320,67,1882.3529411764705,Recent,Premium,Accessory
Headphones,Local,Working,3.3,0.49,,,2,528,88,1077.5510204081634,Old,Budget,Accessory
Mouse,Realme,Repairable,1.3,0.12,,,3,192,39,1600.0,Recent,Budget,Computer
Keyboard,MSI,Repairable,0.8,0.75,,,3,798,101,1064.0,New,Premium,Computer
Laptop,Samsung,Dead,2.1,2.08,512.0,15.2,3,5269,545,2533.1730769230767,Recent,Premium,Computer
Laptop,Generic,Repairable,0.5,1.62,512.0,13.3,1,9635,991,5947.530864197531,New,Budget,Computer
Laptop,Generic,Working,3.0,2.88,128.0,14.5,1,8728,918,3030.5555555555557,Recent,Budget,Computer
Headphones,Acer,Repairable,2.2,0.46,,,2,909,111,1976.086956521739,Recent,Budget,Accessory
Laptop,Dell,Repairable,3.2,1.63,128.0,14.6,3,9427,970,5783.435582822086,Old,Premium,Computer
Laptop,Generic,Working,1.8,1.57,256.0,16.2,3,9285,971,5914.012738853503,Recent,Budget,Computer
Smartphone,HP,Dead,1.7,0.18,256.0,6.5,2,2254,235,12522.222222222223,Recent,Budget,Mobile
Mouse,Dell,Working,3.3,0.13,,,2,432,78,3323.076923076923,Old,Premium,Computer
Battery,Sony,Repairable,1.1,0.76,,,1,673,89,885.5263157894736,Recent,Premium,Accessory
Mouse,LG,Dead,2.0,0.16,,,1,131,23,818.75,Recent,Budget,Computer
Battery,LG,Dead,3.8,0.56,,,3,103,21,183.92857142857142,Old,Budget,Accessory
Mouse,MSI,Repairable,0.8,0.15,,,3,435,63,2900.0,New,Premium,Computer
Keyboard,Dell,Dead,1.2,1.11,,,3,332,45,299.0990990990991,Recent,Premium,Computer
Mouse,Samsung,Working,1.1,0.1,,,2,664,101,6640.0,Recent,Premium,Computer
Tablet,LG,Working,3.1,0.48,32.0,10.5,2,8518,892,17745.833333333336,Old,Budget,Mobile
Tablet,Local,Repairable,3.1,0.45,1024.0,10.4,3,2095,230,4655.555555555556,Old,Budget,Mobile
Mouse,Lenovo,Repairable,2.1,0.18,,,3,225,42,1250.0,Recent,Budget,Computer
Mouse,Generic,Working,3.8,0.17,,,3,195,54,1147.0588235294117,Old,Budget,Computer
Charger,Apple,Dead,2.9,0.18,,,3,108,20,600.0,Recent,Premium,Accessory
Speaker,Local,Working,2.7,2.05,,,2,928,131,452.68292682926835,Recent,Budget,Accessory
Monitor,Local,Repairable,1.3,7.53,,20.1,3,1651,200,219.2563081009296,Recent,Budget,Computer
Keyboard,Acer,Working,1.7,1.03,,,3,1041,141,1010.6796116504854,Recent,Budget,Computer
Battery,MSI,Working,1.9,0.75,,,2,888,125,1184.0,Recent,Premium,Accessory
Smartphone,OnePlus,Working,1.6,0.24,1024.0,6.2,3,10842,1124,45175.0,Recent,Budget,Mobile
Tablet,OnePlus,Dead,4.4,0.44,128.0,9.6,1,2142,225,4868.181818181818,Old,Budget,Mobile
Mouse,OnePlus,Working,0.9,0.12,,,2,673,102,5608.333333333334,New,Budget,Computer
Tablet,Apple,Working,1.1,0.53,512.0,9.5,2,19081,1949,36001.88679245283,Recent,Premium,Mobile
Monitor,Generic,Dead,2.2,5.21,,28.7,3,671,87,128.7907869481766,Recent,Budget,Computer
Mouse,Samsung,Repairable,5.0,0.18,,,3,165,36,916.6666666666667,Old,Premium,Computer
Headphones,Asus,Repairable,3.2,0.25,,,1,727,92,2908.0,Old,Budget,Accessory
Laptop,Xiaomi,Working,1.3,2.71,1024.0,13.3,1,16700,1715,6162.361623616236,Recent,Budget,Computer
Charger,HP,Dead,0.8,0.27,,,3,123,23,455.55555555555554,New,Budget,Accessory
Speaker,Acer,Dead,1.1,2.11,,,2,527,66,249.76303317535547,Recent,Budget,Accessory
Mouse,Generic,Repairable,2.6,0.12,,,2,166,36,1383.3333333333335,Recent,Budget,Computer
Headphones,Asus,Dead,1.2,0.41,,,3,336,44,819.5121951219513,Recent,Budget,Accessory
Tablet,Acer,Working,1.4,0.54,1024.0,8.4,1,13315,1372,24657.407407407405,Recent,Budget,Mobile
Charger,OnePlus,Repairable,3.6,0.14,,,3,184,38,1314.2857142857142,Old,Budget,Accessory
Charger,Xiaomi,Working,3.8,0.21,,,3,223,57,1061.904761904762,Old,Budget,Accessory
Battery,Samsung,Working,2.7,0.48,,,2,1037,139,2160.416666666667,Recent,Premium,Accessory
Tablet,Xiaomi,Working,1.2,0.63,32.0,9.9,2,9776,1018,15517.460317460318,Recent,Budget,Mobile
Mouse,LG,Repairable,1.2,0.15,,,2,371,57,2473.3333333333335,Recent,Budget,Computer
Battery,Generic,Working,5.8,0.57,,,2,189,54,331.5789473684211,Very_Old,Budget,Accessory
Battery,Xiaomi,Repairable,5.2,0.35,,,3,127,33,362.8571428571429,Very_Old,Budget,Accessory
Battery,Generic,Working,3.0,0.71,,,2,428,78,602.8169014084507,Recent,Budget,Accessory
Keyboard,Acer,Repairable,1.6,0.56,,,3,497,70,887.4999999999999,Recent,Budget,Computer
Mouse,Generic,Repairable,1.0,0.13,,,2,205,40,1576.923076923077,New,Budget,Computer
Keyboard,Xiaomi,Working,0.7,1.08,,,1,1018,138,942.5925925925925,New,Budget,Computer
Mouse,Sony,Dead,2.3,0.11,,,1,145,24,1318.1818181818182,Recent,Premium,Computer
Battery,Samsung,Working,0.7,0.78,,,2,1404,177,1800.0,New,Premium,Accessory
Smartphone,OnePlus,Working,1.7,0.17,128.0,5.6,2,10928,1132,64282.35294117647,Recent,Budget,Mobile
Charger,Lenovo,Working,0.9,0.21,,,1,661,101,3147.6190476190477,New,Budget,Accessory
Tablet,Dell,Dead,0.5,0.5,256.0,8.8,1,5214,537,10428.0,New,Premium,Mobile
Headphones,Local,Working,0.7,0.37,,,1,1124,148,3037.837837837838,New,Budget,Accessory
Keyboard,Apple,Working,1.8,1.2,,,2,1966,233,1638.3333333333335,Recent,Premium,Computer
Smartphone,LG,Repairable,0.7,0.25,128.0,5.5,2,5095,534,20380.0,New,Budget,Mobile
Charger,MSI,Working,2.1,0.16,,,3,380,73,2375.0,Recent,Premium,Accessory
Speaker,Dell,Dead,0.5,1.9,,,2,832,97,437.89473684210526,New,Premium,Accessory
Keyboard,MSI,Repairable,2.2,1.2,,,2,613,83,510.83333333333337,Recent,Premium,Computer
Charger,Samsung,Dead,1.2,0.13,,,2,124,22,953.8461538461538,Recent,Premium,Accessory
Battery,LG,Working,1.2,0.7,,,2,1067,142,1524.2857142857144,Recent,Budget,Accessory
Mouse,Apple,Dead,7.9,0.12,,,3,45,14,375.0,Very_Old,Premium,Computer
Headphones,Asus,Working,1.3,0.23,,,1,2494,284,10843.478260869564,Recent,Budget,Accessory
Smartphone,Realme,Repairable,2.5,0.17,1024.0,5.5,2,2750,295,16176.470588235294,Recent,Budget,Mobile
Laptop,Asus,Repairable,3.2,2.18,64.0,13.2,3,9744,1003,4469.724770642201,Old,Budget,Computer
Mouse,Realme,Dead,1.4,0.15,,,3,78,17,520.0,Recent,Budget,Computer
Mouse,HP,Dead,1.3,0.17,,,2,175,27,1029.4117647058822,Recent,Budget,Computer
Smartphone,Samsung,Repairable,6.1,0.23,512.0,6.0,1,2718,291,11817.391304347826,Very_Old,Premium,Mobile
Smartphone,Lenovo,Dead,4.0,0.18,64.0,5.6,3,1112,121,6177.777777777778,Old,Budget,Mobile
Speaker,Xiaomi,Working,1.8,1.57,,,2,1932,231,1230.5732484076432,Recent,Budget,Accessory
Charger,LG,Repairable,1.3,0.12,,,2,263,46,2191.666666666667,Recent,Budget,Accessory
Smartphone,Sony,Repairable,0.6,0.16,256.0,5.8,1,6804,705,42525.0,New,Premium,Mobile
Mouse,Sony,Working,1.6,0.18,,,1,823,117,4572.222222222223,Recent,Premium,Computer
Laptop,OnePlus,Working,1.6,2.0,64.0,16.1,1,22483,2292,11241.5,Recent,Budget,Computer
Laptop,Dell,Working,0.6,1.52,256.0,14.9,2,33759,3418,22209.86842105263,New,Premium,Computer
Smartphone,Realme,Dead,0.8,0.17,64.0,6.5,1,1837,193,10805.882352941177,New,Budget,Mobile
Smartphone,Lenovo,Working,3.0,0.2,128.0,6.8,1,7612,801,38060.0,Recent,Budget,Mobile
Charger,Lenovo,Working,7.2,0.14,,,3,78,42,557.1428571428571,Very_Old,Budget,Accessory
Laptop,Apple,Working,0.9,1.82,512.0,14.6,2,43010,4345,23631.86813186813,New,Premium,Computer
Keyboard,OnePlus,Dead,5.9,0.56,,,2,106,21,189.28571428571428,Very_Old,Budget,Computer
Laptop,Lenovo,Working,5.5,2.86,256.0,14.5,2,8074,853,2823.0769230769233,Very_Old,Budget,Computer
Laptop,Xiaomi,Working,2.4,1.74,1024.0,16.7,1,18615,1904,10698.275862068966,Recent,Budget,Computer
Smartphone,Lenovo,Repairable,0.9,0.16,512.0,6.6,2,4727,492,29543.75,New,Budget,Mobile
Monitor,MSI,Repairable,0.9,5.08,,26.8,3,4294,459,845.275590551181,New,Premium,Computer
Headphones,Realme,Repairable,0.6,0.27,,,1,880,109,3259.259259259259,New,Budget,Accessory
Mouse,HP,Dead,5.3,0.18,,,1,58,15,322.22222222222223,Very_Old,Budget,Computer
Mouse,Dell,Dead,1.3,0.16,,,2,150,25,937.5,Recent,Premium,Computer
Battery,Local,Repairable,5.3,0.62,,,1,87,29,140.32258064516128,Very_Old,Budget,Accessory
Keyboard,Generic,Repairable,5.3,1.17,,,2,127,34,108.54700854700856,Very_Old,Budget,Computer
Tablet,Apple,Working,2.0,0.52,256.0,8.9,1,20597,2100,39609.61538461538,Recent,Premium,Mobile
Headphones,Generic,Repairable,2.2,0.49,,,3,418,62,853.0612244897959,Recent,Budget,Accessory
Monitor,Realme,Dead,0.7,6.1,,30.1,1,1188,140,194.75409836065575,New,Budget,Computer
Tablet,Acer,Repairable,1.6,0.48,32.0,11.8,2,4957,516,10327.083333333334,Recent,Budget,Mobile
Battery,Acer,Working,1.1,0.68,,,1,822,118,1208.8235294117646,Recent,Budget,Accessory
Mouse,Lenovo,Dead,1.3,0.15,,,1,180,28,1200.0,Recent,Budget,Computer
Mouse,MSI,Working,5.9,0.12,,,2,233,58,1941.6666666666667,Very_Old,Premium,Computer
Charger,Asus,Working,0.8,0.2,,,3,500,85,2500.0,New,Budget,Accessory
Keyboard,Lenovo,Working,5.1,1.15,,,3,476,84,413.9130434782609,Very_Old,Budget,Computer
Charger,HP,Repairable,1.9,0.28,,,2,291,50,1039.2857142857142,Recent,Budget,Accessory
Smartphone,Local,Repairable,0.5,0.18,1024.0,5.4,3,2366,256,13144.444444444445,New,Budget,Mobile
Speaker,Xiaomi,Working,0.9,1.08,,,1,2158,252,1998.148148148148,New,Budget,Accessory
Tablet,LG,Repairable,1.1,0.42,1024.0,11.9,3,5904,616,14057.142857142857,Recent,Budget,Mobile
Battery,OnePlus,Working,4.3,0.54,,,3,492,85,911.1111111111111,Old,Budget,Accessory
Laptop,OnePlus,Working,8.0,1.8,1024.0,14.2,2,2661,305,1478.3333333333333,Very_Old,Budget,Computer
Laptop,Sony,Dead,0.9,2.07,256.0,15.5,3,7017,720,3389.8550724637685,New,Premium,Computer
Charger,LG,Working,1.6,0.29,,,3,341,70,1175.8620689655172,Recent,Budget,Accessory
Smartphone,Samsung,Repairable,1.0,0.21,64.0,5.1,2,6767,701,32223.809523809527,New,Premium,Mobile
Monitor,Acer,Working,1.5,6.25,,27.3,1,7593,811,1214.88,Recent,Budget,Computer
Charger,HP,Working,1.3,0.12,,,2,511,86,4258.333333333334,Recent,Budget,Accessory
Headphones,MSI,Repairable,0.8,0.48,,,1,1344,155,2800.0,New,Premium,Accessory
Keyboard,Sony,Working,1.3,1.04,,,2,1425,179,1370.1923076923076,Recent,Premium,Computer
Speaker,HP,Working,1.2,2.62,,,3,2757,315,1052.2900763358778,Recent,Budget,Accessory
Battery,Samsung,Dead,2.7,0.32,,,2,219,32,684.375,Recent,Premium,Accessory
Keyboard,Dell,Repairable,3.4,0.6,,,2,480,69,800.0,Old,Premium,Computer
Speaker,Asus,Repairable,4.8,1.04,,,2,784,100,753.8461538461538,Old,Budget,Accessory
Laptop,Realme,Working,1.8,2.17,32.0,16.3,1,11026,1146,5081.105990783411,Recent,Budget,Computer
Speaker,Generic,Working,1.4,2.08,,,2,1390,178,668.2692307692307,Recent,Budget,Accessory
Headphones,HP,Dead,2.9,0.49,,,1,392,50,800.0,Recent,Budget,Accessory
Mouse,Realme,Working,1.5,0.2,,,2,394,74,1970.0,Recent,Budget,Computer
Keyboard,Apple,Dead,1.2,0.59,,,2,526,63,891.5254237288136,Recent,Premium,Computer
Smartphone,Generic,Dead,1.4,0.22,256.0,5.4,3,1099,119,4995.454545454545,Recent,Budget,Mobile
Battery,Lenovo,Working,2.3,0.33,,,2,750,111,2272.7272727272725,Recent,Budget,Accessory
Keyboard,Sony,Repairable,2.1,0.81,,,1,823,104,1016.0493827160493,Recent,Premium,Computer
Monitor,Apple,Working,4.0,6.86,,21.5,2,5954,649,867.9300291545189,Old,Premium,Computer
Keyboard,Sony,Working,2.0,1.15,,,1,1602,197,1393.0434782608697,Recent,Premium,Computer
Laptop,Local,Repairable,4.2,1.95,32.0,14.9,3,2657,289,1362.5641025641025,Old,Budget,Computer
Monitor,Acer,Repairable,0.8,3.16,,22.1,1,4924,518,1558.2278481012659,New,Budget,Computer
Monitor,HP,Working,1.0,3.42,,26.5,2,9649,1011,2821.345029239766,New,Budget,Computer
Laptop,Apple,Repairable,2.7,2.87,32.0,15.5,2,13985,1429,4872.822299651568,Recent,Premium,Computer
Charger,Generic,Working,0.6,0.14,,,1,361,71,2578.5714285714284,New,Budget,Accessory
Monitor,Sony,Dead,3.4,4.75,,25.9,3,1185,138,249.47368421052633,Old,Premium,Computer
Mouse,MSI,Working,0.5,0.12,,,1,772,112,6433.333333333334,New,Premium,Computer
Speaker,Realme,Repairable,1.1,2.61,,,1,854,110,327.20306513409963,Recent,Budget,Accessory
Keyboard,Realme,Working,0.9,0.85,,,3,837,120,984.7058823529412,New,Budget,Computer
Smartphone,LG,Working,1.1,0.16,1024.0,6.3,1,10618,1101,66362.5,Recent,Budget,Mobile
Tablet,Apple,Dead,2.1,0.73,256.0,11.9,1,5786,594,7926.0273972602745,Recent,Premium,Mobile
Speaker,Asus,Repairable,2.4,1.99,,,1,1074,131,539.6984924623116,Recent,Budget,Accessory
Smartphone,OnePlus,Working,8.0,0.19,256.0,6.2,2,1108,145,5831.578947368421,Very_Old,Budget,Mobile
Speaker,MSI,Repairable,1.2,2.17,,,3,1451,169,668.6635944700461,Recent,Premium,Accessory
Speaker,Apple,Repairable,1.7,2.67,,,2,1817,206,680.5243445692884,Recent,Premium,Accessory
Battery,Local,Repairable,1.7,0.57,,,1,245,45,429.8245614035088,Recent,Budget,Accessory
Smartphone,Xiaomi,Repairable,3.6,0.19,512.0,5.3,1,3055,325,16078.947368421052,Old,Budget,Mobile
Laptop,Apple,Repairable,5.9,2.07,32.0,13.1,2,7030,732,3396.135265700483,Very_Old,Premium,Computer
Monitor,Local,Repairable,1.0,5.44,,25.9,2,2128,243,391.17647058823525,New,Budget,Computer
Headphones,Sony,Repairable,5.8,0.35,,,3,372,58,1062.857142857143,Very_Old,Premium,Accessory
Keyboard,Dell,Working,0.8,1.06,,,3,1236,160,1166.0377358490566,New,Premium,Computer
Smartphone,Dell,Working,5.1,0.24,256.0,5.9,2,6369,676,26537.5,Very_Old,Premium,Mobile
Charger,Lenovo,Repairable,2.8,0.26,,,2,174,38,669.2307692307692,Recent,Budget,Accessory
Tablet,Dell,Repairable,2.3,0.41,512.0,8.8,2,7240,750,17658.536585365855,Recent,Premium,Mobile
Charger,Apple,Repairable,0.9,0.17,,,2,437,63,2570.5882352941176,New,Premium,Accessory
Tablet,Apple,Working,2.5,0.43,512.0,8.9,3,16240,1665,37767.441860465115,Recent,Premium,Mobile
Battery,Sony,Working,2.2,0.62,,,1,1049,140,1691.9354838709678,Recent,Premium,Accessory
Monitor,MSI,Working,3.2,4.68,,24.6,1,7600,809,1623.931623931624,Old,Premium,Computer
Keyboard,Acer,Repairable,1.8,0.95,,,2,443,66,466.3157894736842,Recent,Budget,Computer
Charger,Generic,Repairable,2.6,0.22,,,3,96,29,436.3636363636364,Recent,Budget,Accessory
Speaker,Lenovo,Repairable,0.7,1.18,,,1,1814,203,1537.2881355932204,New,Budget,Accessory
Keyboard,Local,Dead,2.8,0.59,,,1,103,21,174.5762711864407,Recent,Budget,Computer
Monitor,Local,Working,2.3,7.18,,22.1,1,2539,302,353.62116991643455,Recent,Budget,Computer
Monitor,Xiaomi,Repairable,4.9,3.05,,31.5,1,1341,160,439.672131147541,Old,Budget,Computer
Charger,MSI,Repairable,2.4,0.15,,,1,235,43,1566.6666666666667,Recent,Premium,Accessory
Tablet,Generic,Dead,0.6,0.5,128.0,10.0,1,2118,222,4236.0,New,Budget,Mobile
Charger,Apple,Repairable,3.0,0.28,,,1,342,55,1221.4285714285713,Recent,Premium,Accessory
Keyboard,HP,Repairable,0.9,0.86,,,3,785,100,912.7906976744187,New,Budget,Computer
Charger,Apple,Dead,3.8,0.11,,,1,140,24,1272.7272727272727,Old,Premium,Accessory
Headphones,Dell,Working,2.2,0.47,,,1,1742,210,3706.3829787234044,Recent,Premium,Accessory
Tablet,Sony,Dead,2.0,0.75,64.0,10.4,1,3143,326,4190.666666666667,Recent,Premium,Mobile
Smartphone,Dell,Dead,0.6,0.18,32.0,6.7,1,2776,287,15422.222222222223,New,Premium,Mobile
Tablet,LG,Repairable,1.2,0.58,32.0,8.8,2,7043,730,12143.103448275862,Recent,Budget,Mobile
Monitor,Lenovo,Repairable,1.8,6.69,,27.1,2,4154,448,620.9267563527653,Recent,Budget,Computer
Charger,Asus,Working,2.7,0.13,,,2,497,84,3823.076923076923,Recent,Budget,Accessory
Speaker,Local,Repairable,0.8,2.55,,,3,516,76,202.3529411764706,New,Budget,Accessory
Laptop,Dell,Dead,5.9,2.58,64.0,13.9,3,1976,212,765.8914728682171,Very_Old,Premium,Computer
Monitor,OnePlus,Working,1.7,6.09,,20.4,2,8255,877,1355.5008210180624,Recent,Budget,Computer
Speaker,LG,Dead,7.1,2.78,,,1,98,25,35.251798561151084,Very_Old,Budget,Accessory
Smartphone,MSI,Repairable,4.0,0.2,64.0,5.6,3,3146,334,15730.0,Old,Premium,Mobile
Headphones,MSI,Working,2.2,0.42,,,1,1979,233,4711.904761904762,Recent,Premium,Accessory
Headphones,Generic,Working,2.5,0.41,,,2,888,124,2165.8536585365855,Recent,Budget,Accessory
Speaker,Local,Repairable,0.6,2.72,,,3,575,82,211.3970588235294,New,Budget,Accessory
Keyboard,MSI,Repairable,1.1,0.67,,,1,864,107,1289.55223880597,Recent,Premium,Computer
Mouse,LG,Dead,4.9,0.14,,,2,75,17,535.7142857142857,Old,Budget,Computer
Mouse,Sony,Repairable,0.7,0.15,,,2,499,69,3326.666666666667,New,Premium,Computer
Charger,Acer,Working,3.4,0.14,,,2,308,65,2200.0,Old,Budget,Accessory
Keyboard,Xiaomi,Working,1.0,0.79,,,2,1018,138,1288.607594936709,New,Budget,Computer
Speaker,Asus,Working,3.5,1.46,,,1,2326,270,1593.150684931507,Old,Budget,Accessory
Monitor,Xiaomi,Dead,2.3,4.9,,26.9,2,1043,124,212.85714285714283,Recent,Budget,Computer
Headphones,LG,Dead,2.1,0.35,,,2,371,48,1060.0,Recent,Budget,Accessory
Charger,Lenovo,Repairable,0.9,0.26,,,1,307,51,1180.7692307692307,New,Budget,Accessory
Laptop,Lenovo,Repairable,0.8,2.65,128.0,16.8,1,15718,1601,5931.320754716981,New,Budget,Computer
Smartphone,Xiaomi,Repairable,1.4,0.16,128.0,5.2,2,3520,372,22000.0,Recent,Budget,Mobile
Keyboard,LG,Repairable,5.9,0.63,,,3,183,39,290.4761904761905,Very_Old,Budget,Computer
Charger,Lenovo,Working,1.5,0.18,,,1,576,92,3200.0,Recent,Budget,Accessory
Monitor,Lenovo,Repairable,1.7,3.85,,25.6,2,3335,361,866.2337662337662,Recent,Budget,Computer
Laptop,Lenovo,Dead,0.8,2.42,512.0,15.9,2,5894,609,2435.537190082645,New,Budget,Computer
Laptop,MSI,Working,6.1,2.87,64.0,14.0,1,10274,1073,3579.79094076655,Very_Old,Premium,Computer
Laptop,Sony,Working,0.8,1.95,64.0,16.9,2,30961,3140,15877.435897435898,New,Premium,Computer
Charger,Lenovo,Working,4.4,0.12,,,3,286,63,2383.3333333333335,Old,Budget,Accessory
Headphones,HP,Repairable,1.6,0.2,,,3,896,109,4480.0,Recent,Budget,Accessory
Mouse,Local,Working,0.6,0.15,,,3,254,60,1693.3333333333335,New,Budget,Computer
Headphones,Generic,Working,1.8,0.38,,,3,948,130,2494.7368421052633,Recent,Budget,Accessory
Battery,Generic,Repairable,2.7,0.52,,,2,240,45,461.53846153846155,Recent,Budget,Accessory
Keyboard,Asus,Repairable,5.2,0.58,,,3,288,49,496.55172413793105,Very_Old,Budget,Computer
Tablet,Generic,Working,1.2,0.42,64.0,12.2,3,6414,682,15271.428571428572,Recent,Budget,Mobile
Monitor,Xiaomi,Working,0.9,7.06,,30.9,2,6353,689,899.85835694051,New,Budget,Computer
Mouse,MSI,Repairable,1.1,0.19,,,3,330,53,1736.842105263158,Recent,Premium,Computer
Charger,MSI,Working,2.1,0.11,,,3,372,72,3381.818181818182,Recent,Premium,Accessory
Battery,MSI,Dead,3.0,0.52,,,2,169,27,325.0,Recent,Premium,Accessory
Keyboard,Xiaomi,Dead,0.9,0.97,,,1,188,30,193.81443298969072,New,Budget,Computer
Tablet,Realme,Dead,3.8,0.43,128.0,9.9,3,901,101,2095.3488372093025,Old,Budget,Mobile
Smartphone,Xiaomi,Dead,1.8,0.19,128.0,6.7,2,1310,141,6894.736842105263,Recent,Budget,Mobile
Battery,LG,Repairable,2.6,0.31,,,2,386,59,1245.1612903225807,Recent,Budget,Accessory
Mouse,Lenovo,Working,4.7,0.13,,,1,287,63,2207.6923076923076,Old,Budget,Computer
Smartphone,Local,Working,3.3,0.21,128.0,5.1,2,3027,337,14414.285714285716,Old,Budget,Mobile
Speaker,Local,Repairable,0.8,2.25,,,3,503,74,223.55555555555554,New,Budget,Accessory
Battery,HP,Dead,1.9,0.57,,,1,209,31,366.6666666666667,Recent,Budget,Accessory
Battery,HP,Repairable,6.4,0.72,,,2,159,36,220.83333333333334,Very_Old,Budget,Accessory
Keyboard,Asus,Dead,0.7,0.57,,,1,362,47,635.0877192982457,New,Budget,Computer
Laptop,Asus,Repairable,0.9,2.97,32.0,14.9,3,10189,1049,3430.6397306397303,New,Budget,Computer
Speaker,Xiaomi,Working,1.4,2.28,,,1,1621,202,710.9649122807018,Recent,Budget,Accessory
Battery,Lenovo,Working,1.6,0.44,,,1,1101,146,2502.2727272727275,Recent,Budget,Accessory
Mouse,Samsung,Repairable,0.6,0.19,,,2,515,71,2710.5263157894738,New,Premium,Computer
Smartphone,Dell,Working,1.2,0.23,256.0,6.7,2,9696,1009,42156.52173913043,Recent,Premium,Mobile
Laptop,Dell,Repairable,2.0,1.95,256.0,13.3,3,11324,1161,5807.179487179487,Recent,Premium,Computer
Battery,Local,Dead,8.0,0.32,,,1,55,16,171.875,Very_Old,Budget,Accessory
Monitor,Lenovo,Repairable,1.7,7.74,,25.9,3,2974,332,384.2377260981912,Recent,Budget,Computer
Keyboard,Dell,Repairable,1.8,0.99,,,3,531,75,536.3636363636364,Recent,Premium,Computer
Speaker,HP,Repairable,0.9,1.43,,,2,1641,187,1147.5524475524476,New,Budget,Accessory
Headphones,HP,Working,0.9,0.37,,,1,2035,239,5500.0,New,Budget,Accessory
Laptop,Generic,Working,4.5,2.91,64.0,14.4,2,6325,678,2173.5395189003434,Old,Budget,Computer
Speaker,Local,Repairable,1.0,1.1,,,2,559,77,508.18181818181813,New,Budget,Accessory
Smartphone,Acer,Working,2.6,0.2,1024.0,5.7,3,7820,822,39100.0,Recent,Budget,Mobile
Keyboard,Sony,Repairable,2.9,0.84,,,3,536,75,638.0952380952381,Recent,Premium,Computer
Headphones,LG,Repairable,1.1,0.34,,,3,892,110,2623.529411764706,Recent,Budget,Accessory
Tablet,LG,Working,3.0,0.78,512.0,8.2,3,8442,886,10823.076923076922,Recent,Budget,Mobile
Keyboard,LG,Dead,1.9,0.88,,,1,243,36,276.1363636363636,Recent,Budget,Computer
Speaker,Samsung,Working,3.4,2.97,,,3,2285,269,769.3602693602693,Old,Premium,Accessory
Monitor,Local,Dead,0.9,7.38,,24.9,1,955,120,129.40379403794037,New,Budget,Computer
Mouse,Lenovo,Repairable,2.1,0.18,,,1,315,51,1750.0,Recent,Budget,Computer
Monitor,Local,Repairable,1.4,5.47,,21.5,3,1623,193,296.709323583181,Recent,Budget,Computer
Mouse,Samsung,Dead,5.1,0.17,,,1,95,19,558.8235294117646,Very_Old,Premium,Computer
Laptop,OnePlus,Dead,0.7,2.41,128.0,13.3,2,4896,504,2031.5352697095434,New,Budget,Computer
Tablet,Lenovo,Working,2.0,0.56,32.0,8.4,2,11254,1166,20096.42857142857,Recent,Budget,Mobile
Laptop,Asus,Repairable,1.6,1.76,1024.0,15.2,2,15611,1590,8869.886363636364,Recent,Budget,Computer
Charger,Acer,Working,2.8,0.17,,,1,318,66,1870.5882352941176,Recent,Budget,Accessory
Smartphone,Apple,Working,7.9,0.18,1024.0,6.2,3,1685,203,9361.111111111111,Very_Old,Premium,Mobile
Charger,Asus,Repairable,0.6,0.26,,,2,316,52,1215.3846153846152,New,Budget,Accessory
Laptop,Samsung,Repairable,1.2,1.59,64.0,16.6,3,11429,1170,7188.0503144654085,Recent,Premium,Computer
Keyboard,Dell,Repairable,2.8,0.67,,,1,549,75,819.4029850746268,Recent,Premium,Computer
Tablet,Dell,Dead,2.8,0.63,512.0,9.8,1,3014,312,4784.126984126984,Recent,Premium,Mobile
Headphones,Samsung,Repairable,1.0,0.4,,,2,1537,174,3842.5,New,Premium,Accessory
Laptop,Asus,Dead,0.9,2.4,1024.0,14.8,1,6593,679,2747.0833333333335,New,Budget,Computer
Keyboard,Sony,Working,1.1,1.08,,,3,1312,168,1214.8148148148148,Recent,Premium,Computer
Mouse,HP,Repairable,2.1,0.13,,,1,301,50,2315.3846153846152,Recent,Budget,Computer
Mouse,Asus,Repairable,0.7,0.17,,,2,338,53,1988.2352941176468,New,Budget,Computer
Laptop,LG,Repairable,2.8,2.09,256.0,14.9,1,10462,1075,5005.741626794259,Recent,Budget,Computer
Smartphone,Apple,Dead,1.4,0.16,64.0,6.2,3,2802,290,17512.5,Recent,Premium,Mobile
Charger,Local,Working,2.7,0.16,,,1,190,54,1187.5,Recent,Budget,Accessory
Battery,Apple,Dead,0.9,0.41,,,2,292,40,712.1951219512196,New,Premium,Accessory
Monitor,Asus,Repairable,5.0,4.05,,22.6,1,1976,225,487.90123456790127,Old,Budget,Computer
Laptop,MSI,Dead,0.8,2.46,1024.0,13.5,1,6196,639,2518.6991869918697,New,Premium,Computer
Tablet,Apple,Repairable,2.6,0.54,32.0,10.7,3,8451,871,15649.999999999998,Recent,Premium,Mobile
Charger,OnePlus,Repairable,1.1,0.23,,,2,247,44,1073.9130434782608,Recent,Budget,Accessory
Mouse,LG,Dead,2.0,0.14,,,1,125,22,892.8571428571428,Recent,Budget,Computer
Monitor,Samsung,Working,2.4,7.36,,26.9,1,10260,1081,1394.0217391304348,Recent,Premium,Computer
Battery,Asus,Working,1.5,0.41,,,2,866,122,2112.19512195122,Recent,Budget,Accessory
Keyboard,HP,Working,1.8,0.76,,,3,1282,165,1686.842105263158,Recent,Budget,Computer
Speaker,Sony,Working,1.4,1.75,,,3,2413,280,1378.857142857143,Recent,Premium,Accessory
Battery,Lenovo,Dead,4.1,0.63,,,2,131,24,207.93650793650792,Old,Budget,Accessory
Laptop,Acer,Repairable,1.3,2.73,512.0,16.5,1,10200,1050,3736.263736263736,Recent,Budget,Computer
Laptop,Realme,Working,1.9,2.1,1024.0,15.7,2,13508,1394,6432.380952380952,Recent,Budget,Computer
Tablet,Sony,Working,0.5,0.75,1024.0,9.7,2,17103,1752,22804.0,New,Premium,Mobile
Keyboard,Samsung,Working,0.8,0.81,,,2,1643,201,2028.395061728395,New,Premium,Computer
Speaker,Xiaomi,Working,1.5,2.36,,,2,1652,205,700.0,Recent,Budget,Accessory
Monitor,OnePlus,Repairable,7.0,6.0,,20.4,3,815,113,135.83333333333334,Very_Old,Budget,Computer
Monitor,Apple,Repairable,1.5,4.68,,30.2,3,5734,607,1225.2136752136753,Recent,Premium,Computer
Headphones,HP,Repairable,0.7,0.22,,,3,1184,138,5381.818181818182,New,Budget,Accessory
Speaker,Samsung,Working,1.0,2.34,,,2,3258,365,1392.3076923076924,New,Premium,Accessory
Headphones,HP,Working,4.1,0.24,,,1,1114,146,4641.666666666667,Old,Budget,Accessory
Smartphone,HP,Dead,2.1,0.24,512.0,5.6,3,1931,203,8045.833333333334,Recent,Budget,Mobile
Keyboard,Acer,Dead,2.4,1.15,,,1,266,38,231.30434782608697,Recent,Budget,Computer
Charger,Asus,Dead,8.0,0.1,,,1,55,15,550.0,Very_Old,Budget,Accessory
Battery,Asus,Dead,2.4,0.71,,,3,158,26,222.53521126760563,Recent,Budget,Accessory
Monitor,Generic,Repairable,1.0,6.93,,23.8,2,1824,216,263.20346320346323,New,Budget,Computer
Monitor,OnePlus,Working,1.9,5.8,,23.6,3,7098,761,1223.7931034482758,Recent,Budget,Computer
Monitor,MSI,Repairable,2.4,5.93,,27.3,3,3566,388,601.3490725126476,Recent,Premium,Computer
Speaker,Generic,Working,1.1,1.17,,,2,1148,151,981.1965811965813,Recent,Budget,Accessory
Keyboard,Asus,Working,1.0,0.85,,,3,1404,177,1651.764705882353,New,Budget,Computer
Laptop,HP,Working,2.9,2.68,64.0,14.6,3,15065,1551,5621.268656716417,Recent,Budget,Computer
Tablet,Samsung,Working,1.5,0.48,512.0,10.9,3,12182,1259,25379.166666666668,Recent,Premium,Mobile
Monitor,HP,Repairable,8.0,3.83,,29.1,2,413,69,107.83289817232375,Very_Old,Budget,Computer
Keyboard,Lenovo,Working,1.1,1.08,,,1,1476,184,1366.6666666666665,Recent,Budget,Computer
Battery,Dell,Repairable,6.3,0.5,,,2,177,38,354.0,Very_Old,Premium,Accessory
Speaker,Xiaomi,Dead,1.8,2.26,,,1,406,55,179.64601769911505,Recent,Budget,Accessory
Keyboard,Samsung,Dead,0.9,0.86,,,2,379,49,440.69767441860466,New,Premium,Computer
Battery,Dell,Repairable,3.8,0.67,,,2,396,60,591.044776119403,Old,Premium,Accessory
Speaker,Acer,Repairable,0.7,2.44,,,1,1411,166,578.2786885245902,New,Budget,Accessory
Keyboard,Apple,Dead,5.0,1.14,,,2,178,29,156.140350877193,Old,Premium,Computer
Laptop,MSI,Dead,3.9,1.56,128.0,15.2,2,3438,356,2203.846153846154,Old,Premium,Computer
Tablet,OnePlus,Repairable,0.8,0.7,128.0,8.8,2,6100,636,8714.285714285716,New,Budget,Mobile
Headphones,Xiaomi,Working,2.2,0.41,,,2,1340,170,3268.2926829268295,Recent,Budget,Accessory
Keyboard,Samsung,Working,2.9,0.97,,,3,1022,139,1053.6082474226805,Recent,Premium,Computer
Monitor,Dell,Dead,0.5,3.6,,27.8,1,2453,262,681.3888888888889,New,Premium,Computer
Mouse,Acer,Repairable,1.6,0.17,,,2,285,48,1676.470588235294,Recent,Budget,Computer
Battery,LG,Dead,0.7,0.4,,,2,258,36,645.0,New,Budget,Accessory
Keyboard,Lenovo,Repairable,3.1,1.13,,,2,410,63,362.83185840707966,Old,Budget,Computer
Battery,Local,Working,8.0,0.4,,,3,45,40,112.5,Very_Old,Budget,Accessory
Battery,Local,Repairable,8.0,0.44,,,1,55,26,125.0,Very_Old,Budget,Accessory
Battery,Lenovo,Dead,0.9,0.59,,,3,230,34,389.8305084745763,New,Budget,Accessory
Charger,OnePlus,Repairable,1.3,0.23,,,2,248,44,1078.2608695652173,Recent,Budget,Accessory
Charger,Acer,Working,2.5,0.17,,,2,322,67,1894.1176470588234,Recent,Budget,Accessory
Battery,Acer,Working,1.3,0.39,,,2,955,131,2448.7179487179487,Recent,Budget,Accessory
Charger,Asus,Repairable,1.5,0.15,,,1,297,49,1980.0,Recent,Budget,Accessory
Tablet,Lenovo,Repairable,1.3,0.7,1024.0,10.1,1,9346,960,13351.428571428572,Recent,Budget,Mobile
Monitor,Realme,Repairable,4.4,5.83,,28.0,2,1197,151,205.3173241852487,Old,Budget,Computer
Tablet,Apple,Working,1.9,0.66,32.0,10.2,2,20881,2129,31637.878787878788,Recent,Premium,Mobile
Battery,LG,Repairable,5.1,0.68,,,3,201,41,295.5882352941176,Very_Old,Budget,Accessory
Laptop,OnePlus,Dead,2.3,1.99,256.0,15.7,1,6587,677,3310.0502512562816,Recent,Budget,Computer
Battery,Lenovo,Repairable,0.6,0.46,,,2,562,77,1221.7391304347825,New,Budget,Accessory
Mouse,Asus,Dead,0.6,0.1,,,2,164,26,1640.0,New,Budget,Computer
Battery,MSI,Dead,1.3,0.52,,,3,201,31,386.53846153846155,Recent,Premium,Accessory
Laptop,Samsung,Repairable,0.9,2.53,128.0,13.8,3,13848,1414,5473.517786561265,New,Premium,Computer
Headphones,Acer,Working,1.3,0.38,,,3,1228,158,3231.578947368421,Recent,Budget,Accessory
Headphones,Apple,Dead,0.8,0.22,,,3,742,84,3372.7272727272725,New,Premium,Accessory
Smartphone,Samsung,Working,3.3,0.23,1024.0,6.2,2,9854,1025,42843.47826086956,Old,Premium,Mobile
Battery,Asus,Working,1.8,0.62,,,2,748,110,1206.4516129032259,Recent,Budget,Accessory
Tablet,Sony,Working,2.4,0.71,64.0,9.8,1,13239,1364,18646.478873239437,Recent,Premium,Mobile
Tablet,OnePlus,Dead,1.1,0.66,256.0,12.3,2,3703,381,5610.60606060606,Recent,Budget,Mobile
Monitor,Dell,Working,1.3,6.85,,30.5,3,7891,843,1151.9708029197081,Recent,Premium,Computer
Monitor,Lenovo,Dead,2.0,5.59,,28.7,3,1397,160,249.91055456171736,Recent,Budget,Computer
Keyboard,Asus,Dead,7.2,0.55,,,1,55,16,99.99999999999999,Very_Old,Budget,Computer
Tablet,Samsung,Working,6.0,0.61,256.0,10.4,1,6449,685,10572.131147540984,Very_Old,Premium,Mobile
Laptop,Sony,Working,0.7,2.65,64.0,14.2,2,29770,3022,11233.962264150943,New,Premium,Computer
Laptop,Apple,Working,1.2,2.76,32.0,16.5,2,29057,2951,10527.898550724638,Recent,Premium,Computer
Smartphone,Samsung,Working,1.1,0.21,32.0,6.2,2,13914,1431,66257.14285714286,Recent,Premium,Mobile
Mouse,MSI,Working,1.6,0.17,,,2,640,99,3764.705882352941,Recent,Premium,Computer
Charger,Realme,Repairable,1.1,0.3,,,2,187,39,623.3333333333334,Recent,Budget,Accessory
Charger,Sony,Dead,2.6,0.17,,,3,79,17,464.70588235294116,Recent,Premium,Accessory
Battery,LG,Repairable,0.6,0.58,,,3,533,74,918.9655172413794,New,Budget,Accessory
Charger,MSI,Working,2.0,0.27,,,2,418,77,1548.148148148148,Recent,Premium,Accessory
Battery,Acer,Dead,1.4,0.42,,,3,165,27,392.8571428571429,Recent,Budget,Accessory
Smartphone,Realme,Working,0.7,0.25,512.0,6.7,1,6728,712,26912.0,New,Budget,Mobile
Monitor,Sony,Repairable,1.6,7.93,,31.1,2,4507,486,568.3480453972257,Recent,Premium,Computer
Keyboard,OnePlus,Repairable,0.5,1.02,,,1,1009,122,989.2156862745098,New,Budget,Computer
Charger,Apple,Repairable,0.8,0.12,,,3,398,59,3316.666666666667,New,Premium,Accessory
Charger,Asus,Repairable,5.9,0.21,,,2,99,29,471.42857142857144,Very_Old,Budget,Accessory
Battery,Acer,Repairable,0.8,0.3,,,1,586,79,1953.3333333333335,New,Budget,Accessory
Battery,Local,Dead,0.7,0.62,,,2,120,23,193.5483870967742,New,Budget,Accessory
Laptop,Acer,Working,1.0,2.5,512.0,15.4,1,20142,2059,8056.8,New,Budget,Computer
Tablet,Generic,Repairable,0.9,0.69,512.0,10.3,3,3415,362,4949.275362318841,New,Budget,Mobile
Mouse,Apple,Working,2.3,0.12,,,3,836,118,6966.666666666667,Recent,Premium,Computer
Headphones,Generic,Repairable,1.2,0.4,,,2,466,67,1165.0,Recent,Budget,Accessory
Keyboard,Dell,Dead,2.8,0.59,,,3,226,33,383.0508474576271,Recent,Premium,Computer
Keyboard,Asus,Repairable,1.1,1.02,,,1,726,94,711.7647058823529,Recent,Budget,Computer
Tablet,MSI,Dead,4.8,0.76,1024.0,11.0,1,1758,187,2313.157894736842,Old,Premium,Mobile
Battery,Acer,Working,0.7,0.5,,,3,872,123,1744.0,New,Budget,Accessory
Charger,Local,Working,2.7,0.22,,,1,176,52,800.0,Recent,Budget,Accessory
Headphones,Asus,Repairable,1.4,0.23,,,3,1026,122,4460.869565217391,Recent,Budget,Accessory
Laptop,Asus,Working,1.9,2.56,512.0,14.3,2,20855,2130,8146.484375,Recent,Budget,Computer
Keyboard,Samsung,Dead,1.3,0.52,,,2,332,44,638.4615384615385,Recent,Premium,Computer
Monitor,Local,Repairable,3.8,7.49,,24.9,3,1036,138,138.3177570093458,Old,Budget,Computer
Laptop,Asus,Working,0.6,2.82,1024.0,16.8,3,20195,2065,7161.347517730497,New,Budget,Computer
Battery,Asus,Repairable,1.8,0.47,,,2,578,78,1229.7872340425533,Recent,Budget,Accessory
Battery,MSI,Working,0.5,0.59,,,1,1336,169,2264.406779661017,New,Premium,Accessory
Headphones,Samsung,Working,1.0,0.33,,,2,2549,290,7724.242424242424,New,Premium,Accessory
Speaker,Local,Working,3.1,1.0,,,3,863,123,863.0,Old,Budget,Accessory
Speaker,Sony,Working,0.9,1.47,,,2,2730,311,1857.142857142857,New,Premium,Accessory
Battery,Realme,Repairable,0.6,0.36,,,2,407,61,1130.5555555555557,New,Budget,Accessory
Speaker,OnePlus,Working,1.3,1.23,,,2,2219,258,1804.0650406504064,Recent,Budget,Accessory
Battery,Sony,Dead,3.0,0.73,,,3,152,26,208.21917808219177,Recent,Premium,Accessory
Tablet,OnePlus,Repairable,0.5,0.49,512.0,8.5,1,7859,811,16038.775510204083,New,Budget,Mobile
Battery,Apple,Repairable,1.6,0.41,,,2,768,97,1873.1707317073171,Recent,Premium,Accessory
Tablet,Generic,Dead,1.1,0.78,64.0,10.8,2,1816,193,2328.205128205128,Recent,Budget,Mobile
Keyboard,Dell,Repairable,1.4,0.77,,,1,803,102,1042.857142857143,Recent,Premium,Computer
Smartphone,Realme,Working,3.1,0.2,512.0,6.7,3,4849,519,24245.0,Old,Budget,Mobile
Laptop,Lenovo,Dead,1.3,2.34,1024.0,13.8,2,4494,464,1920.5128205128206,Recent,Budget,Computer
Monitor,Xiaomi,Working,1.6,4.03,,21.1,3,5221,570,1295.533498759305,Recent,Budget,Computer
Smartphone,MSI,Working,1.7,0.21,1024.0,5.7,1,13145,1354,62595.2380952381,Recent,Premium,Mobile
Monitor,Acer,Repairable,4.6,5.84,,19.9,3,1652,197,282.87671232876716,Old,Budget,Computer
Tablet,Generic,Repairable,1.7,0.73,256.0,12.1,1,4230,444,5794.520547945205,Recent,Budget,Mobile
Tablet,Apple,Repairable,1.9,0.45,128.0,9.5,2,7835,809,17411.11111111111,Recent,Premium,Mobile
Keyboard,Sony,Dead,2.9,1.05,,,2,234,35,222.85714285714286,Recent,Premium,Computer
Mouse,Acer,Working,1.9,0.14,,,2,484,83,3457.142857142857,Recent,Budget,Computer
Monitor,Acer,Dead,1.0,3.68,,19.7,2,1392,156,378.2608695652174,New,Budget,Computer
Tablet,Sony,Dead,0.9,0.4,512.0,9.6,3,3619,372,9047.5,New,Premium,Mobile
Smartphone,Generic,Dead,7.7,0.17,128.0,5.6,2,127,22,747.0588235294117,Very_Old,Budget,Mobile
Tablet,Realme,Working,0.5,0.74,1024.0,12.6,2,7648,805,10335.135135135135,New,Budget,Mobile
Tablet,HP,Working,5.0,0.61,1024.0,11.2,1,7682,809,12593.44262295082,Old,Budget,Mobile
Smartphone,Sony,Repairable,1.5,0.21,512.0,5.1,1,5538,578,26371.428571428572,Recent,Premium,Mobile
Tablet,LG,Dead,1.7,0.62,256.0,8.5,2,3337,344,5382.258064516129,Recent,Budget,Mobile
Tablet,Local,Working,4.0,0.48,128.0,9.6,3,2913,327,6068.75,Old,Budget,Mobile
Tablet,Apple,Working,1.5,0.46,512.0,11.9,2,21136,2154,45947.82608695652,Recent,Premium,Mobile
Speaker,LG,Dead,1.7,1.98,,,2,599,73,302.52525252525254,Recent,Budget,Accessory
Battery,HP,Working,2.9,0.55,,,1,758,111,1378.181818181818,Recent,Budget,Accessory
Keyboard,Lenovo,Repairable,4.8,0.9,,,3,261,48,290.0,Old,Budget,Computer
Battery,MSI,Repairable,1.1,0.7,,,3,436,64,622.8571428571429,Recent,Premium,Accessory
Laptop,MSI,Repairable,8.0,1.7,1024.0,14.6,2,1959,218,1152.3529411764707,Very_Old,Premium,Computer
Keyboard,Sony,Working,1.9,1.12,,,1,1385,175,1236.6071428571427,Recent,Premium,Computer
Laptop,Xiaomi,Repairable,2.0,1.57,512.0,14.0,1,7218,749,4597.452229299362,Recent,Budget,Computer
Speaker,Realme,Dead,2.8,1.24,,,2,236,35,190.32258064516128,Recent,Budget,Accessory
Laptop,MSI,Repairable,1.6,2.47,256.0,13.7,2,15355,1565,6216.5991902834,Recent,Premium,Computer
Battery,Lenovo,Repairable,0.7,0.77,,,1,526,74,683.1168831168831,New,Budget,Accessory
Laptop,Acer,Dead,4.3,2.8,512.0,13.7,1,3410,357,1217.857142857143,Old,Budget,Computer
Smartphone,LG,Repairable,3.9,0.23,512.0,5.6,3,3159,335,13734.782608695652,Old,Budget,Mobile
Mouse,Xiaomi,Working,1.1,0.11,,,3,408,75,3709.090909090909,Recent,Budget,Computer
Mouse,Acer,Dead,2.3,0.14,,,2,108,20,771.4285714285713,Recent,Budget,Computer
Monitor,Asus,Dead,1.4,6.21,,21.1,1,2295,251,369.5652173913044,Recent,Budget,Computer
Speaker,Acer,Working,1.5,1.28,,,2,2239,261,1749.21875,Recent,Budget,Accessory
Charger,Samsung,Working,3.1,0.29,,,2,417,77,1437.9310344827588,Old,Premium,Accessory
Tablet,Samsung,Repairable,6.5,0.43,32.0,8.3,1,2470,268,5744.186046511628,Very_Old,Premium,Mobile
Laptop,OnePlus,Working,5.0,2.29,512.0,16.3,1,14109,1455,6161.135371179039,Old,Budget,Computer
Smartphone,HP,Working,0.8,0.15,512.0,5.6,3,12058,1245,80386.66666666667,New,Budget,Mobile
Headphones,Asus,Repairable,0.8,0.34,,,1,1302,151,3829.411764705882,New,Budget,Accessory
Keyboard,Acer,Working,0.6,0.69,,,3,883,124,1279.7101449275362,New,Budget,Computer
Charger,Realme,Repairable,1.6,0.28,,,1,208,41,742.8571428571428,Recent,Budget,Accessory
Laptop,Asus,Dead,2.5,1.74,64.0,15.1,1,5639,581,3240.8045977011493,Recent,Budget,Computer
Tablet,Lenovo,Dead,0.8,0.77,64.0,11.6,3,2961,308,3845.4545454545455,New,Budget,Mobile
Speaker,OnePlus,Working,3.0,1.4,,,2,1766,214,1261.4285714285716,Recent,Budget,Accessory
Tablet,Acer,Repairable,2.8,0.49,32.0,11.8,2,4534,474,9253.061224489797,Recent,Budget,Mobile
Headphones,LG,Repairable,3.6,0.34,,,1,806,101,2370.5882352941176,Old,Budget,Accessory
Keyboard,Samsung,Dead,4.1,0.96,,,2,190,31,197.91666666666669,Old,Premium,Computer
Tablet,OnePlus,Working,1.1,0.53,1024.0,9.3,3,11350,1176,21415.09433962264,Recent,Budget,Mobile
Monitor,Acer,Working,1.0,5.28,,20.4,2,7985,849,1512.310606060606,New,Budget,Computer
Mouse,Realme,Working,3.0,0.17,,,3,220,57,1294.1176470588234,Recent,Budget,Computer
Charger,MSI,Repairable,5.6,0.21,,,1,124,32,590.4761904761905,Very_Old,Premium,Accessory
Speaker,HP,Working,3.3,1.51,,,1,2233,261,1478.8079470198675,Old,Budget,Accessory
Laptop,Asus,Repairable,0.6,2.76,32.0,15.5,2,13359,1366,4840.217391304348,New,Budget,Computer
Laptop,Sony,Dead,1.0,2.52,128.0,14.9,1,7326,752,2907.1428571428573,New,Premium,Computer
Monitor,Lenovo,Working,2.4,5.28,,25.5,2,7072,758,1339.3939393939393,Recent,Budget,Computer
Monitor,LG,Dead,4.2,7.01,,22.0,3,852,109,121.54065620542083,Old,Budget,Computer
Laptop,Dell,Repairable,1.5,2.74,128.0,15.1,2,11636,1193,4246.715328467153,Recent,Premium,Computer
Keyboard,Samsung,Repairable,3.8,0.75,,,3,507,72,676.0,Old,Premium,Computer
Headphones,OnePlus,Working,1.1,0.23,,,1,2497,284,10856.521739130434,Recent,Budget,Accessory
Smartphone,Dell,Working,0.7,0.18,256.0,5.6,1,16043,1644,89127.77777777778,New,Premium,Mobile
Mouse,OnePlus,Repairable,7.7,0.2,,,3,45,24,225.0,Very_Old,Budget,Computer
Keyboard,Realme,Working,0.6,0.99,,,1,911,128,920.2020202020202,New,Budget,Computer
Mouse,Acer,Working,0.7,0.17,,,1,532,88,3129.411764705882,New,Budget,Computer
Battery,Realme,Repairable,4.6,0.37,,,1,154,36,416.2162162162162,Old,Budget,Accessory
Charger,Acer,Dead,0.9,0.29,,,2,115,22,396.55172413793105,New,Budget,Accessory
Battery,Acer,Repairable,3.7,0.5,,,2,273,48,546.0,Old,Budget,Accessory
Charger,MSI,Repairable,1.0,0.2,,,1,360,56,1800.0,New,Premium,Accessory
Battery,OnePlus,Dead,2.5,0.43,,,3,201,31,467.4418604651163,Recent,Budget,Accessory
Monitor,Lenovo,Repairable,0.9,7.83,,25.3,1,3653,401,466.5389527458493,New,Budget,Computer
Headphones,LG,Dead,1.3,0.33,,,3,387,49,1172.7272727272727,Recent,Budget,Accessory
Laptop,Samsung,Repairable,1.6,2.12,32.0,15.7,1,16662,1695,7859.433962264151,Recent,Premium,Computer
Smartphone,Samsung,Repairable,4.1,0.17,512.0,6.1,3,3858,405,22694.11764705882,Old,Premium,Mobile
Smartphone,LG,Repairable,1.4,0.2,1024.0,5.3,1,5381,563,26905.0,Recent,Budget,Mobile
Keyboard,OnePlus,Repairable,1.0,0.57,,,2,793,100,1391.2280701754387,New,Budget,Computer
Mouse,Acer,Working,2.7,0.2,,,1,528,87,2640.0,Recent,Budget,Computer
Monitor,Local,Dead,0.6,7.42,,24.8,1,1052,130,141.7789757412399,New,Budget,Computer
Battery,Acer,Repairable,2.3,0.79,,,2,385,60,487.34177215189874,Recent,Budget,Accessory
Mouse,Asus,Repairable,5.2,0.11,,,2,138,33,1254.5454545454545,Very_Old,Budget,Computer
Tablet,Asus,Dead,1.7,0.63,512.0,12.8,3,3196,330,5073.015873015873,Recent,Budget,Mobile
Tablet,Samsung,Working,1.5,0.42,64.0,11.0,2,16722,1713,39814.28571428572,Recent,Premium,Mobile
Smartphone,LG,Repairable,0.9,0.2,64.0,6.4,2,5651,590,28255.0,New,Budget,Mobile
Laptop,Sony,Dead,1.9,1.96,64.0,15.7,3,5640,583,2877.5510204081634,Recent,Premium,Computer
Laptop,Lenovo,Working,1.5,1.92,128.0,14.0,1,24659,2509,12843.229166666668,Recent,Budget,Computer
Smartphone,Acer,Repairable,0.9,0.2,256.0,6.1,1,5191,544,25955.0,New,Budget,Mobile
Headphones,Local,Dead,0.8,0.4,,,2,186,29,465.0,New,Budget,Accessory
Smartphone,Local,Repairable,0.5,0.16,512.0,6.6,3,2866,306,17912.5,New,Budget,Mobile
Smartphone,Sony,Working,1.0,0.23,256.0,6.7,2,12802,1320,55660.86956521739,New,Premium,Mobile
Charger,Samsung,Working,1.4,0.24,,,3,450,80,1875.0,Recent,Premium,Accessory
Tablet,LG,Working,1.5,0.79,32.0,9.4,2,11909,1232,15074.683544303796,Recent,Budget,Mobile
Monitor,Samsung,Repairable,0.8,6.52,,23.9,3,5062,544,776.3803680981596,New,Premium,Computer
Battery,Samsung,Dead,6.5,0.31,,,1,70,18,225.80645161290323,Very_Old,Premium,Accessory
Headphones,HP,Repairable,5.6,0.3,,,2,372,58,1240.0,Very_Old,Budget,Accessory
Charger,LG,Dead,2.0,0.26,,,2,84,19,323.07692307692304,Recent,Budget,Accessory
Headphones,Samsung,Dead,6.2,0.44,,,2,141,25,320.45454545454544,Very_Old,Premium,Accessory
Keyboard,Dell,Working,3.0,0.77,,,3,935,130,1214.2857142857142,Recent,Premium,Computer
Smartphone,Sony,Dead,3.6,0.25,1024.0,5.8,1,1710,181,6840.0,Old,Premium,Mobile
Monitor,Lenovo,Working,1.8,4.88,,19.7,2,6359,685,1303.0737704918033,Recent,Budget,Computer
Charger,Local,Working,2.8,0.19,,,2,152,50,800.0,Recent,Budget,Accessory
Keyboard,Asus,Dead,3.9,1.06,,,1,209,32,197.16981132075472,Old,Budget,Computer
Keyboard,OnePlus,Repairable,1.2,0.95,,,2,658,87,692.6315789473684,Recent,Budget,Computer
Tablet,Sony,Dead,1.0,0.69,256.0,8.5,2,3081,319,4465.217391304348,New,Premium,Mobile
Battery,Dell,Working,0.5,0.38,,,1,1085,144,2855.2631578947367,New,Premium,Accessory
Smartphone,Dell,Working,8.0,0.18,512.0,5.4,1,1319,166,7327.777777777778,Very_Old,Premium,Mobile
Monitor,Apple,Repairable,6.0,5.6,,30.4,2,2002,231,357.5,Very_Old,Premium,Computer
Speaker,Acer,Working,1.5,1.67,,,2,1882,226,1126.9461077844312,Recent,Budget,Accessory
Headphones,Xiaomi,Working,1.4,0.3,,,2,1390,175,4633.333333333334,Recent,Budget,Accessory
Speaker,Dell,Repairable,1.2,2.15,,,1,1416,165,658.6046511627907,Recent,Premium,Accessory
Headphones,MSI,Working,0.9,0.32,,,1,2922,328,9131.25,New,Premium,Accessory
Monitor,Asus,Dead,1.4,6.32,,20.7,1,1783,201,282.12025316455697,Recent,Budget,Computer
Laptop,Acer,Repairable,0.6,1.96,512.0,13.7,1,11871,1216,6056.632653061225,New,Budget,Computer
Speaker,Asus,Repairable,3.4,1.03,,,1,1120,134,1087.378640776699,Old,Budget,Accessory
Tablet,LG,Working,1.5,0.6,64.0,9.5,3,10819,1122,18031.666666666668,Recent,Budget,Mobile
Battery,Apple,Repairable,1.2,0.67,,,1,1022,123,1525.3731343283582,Recent,Premium,Accessory
Smartphone,LG,Repairable,0.9,0.16,128.0,5.6,3,5374,562,33587.5,New,Budget,Mobile
Monitor,HP,Working,2.1,4.8,,26.7,2,5953,645,1240.2083333333335,Recent,Budget,Computer
Mouse,LG,Repairable,2.0,0.12,,,2,287,48,2391.666666666667,Recent,Budget,Computer
Headphones,Sony,Working,3.7,0.38,,,2,1182,154,3110.5263157894738,Old,Premium,Accessory
Battery,HP,Working,2.1,0.65,,,1,1076,143,1655.3846153846152,Recent,Budget,Accessory
Smartphone,Apple,Working,2.5,0.17,1024.0,6.2,2,14650,1505,86176.47058823529,Recent,Premium,Mobile
Headphones,Xiaomi,Working,0.5,0.32,,,2,1368,172,4275.0,New,Budget,Accessory
Battery,Dell,Working,2.7,0.41,,,2,888,124,2165.8536585365855,Recent,Premium,Accessory
Charger,Lenovo,Working,5.4,0.26,,,2,235,59,903.8461538461538,Very_Old,Budget,Accessory
Mouse,MSI,Dead,8.0,0.1,,,2,50,15,500.0,Very_Old,Premium,Computer
Charger,Acer,Dead,1.6,0.27,,,2,87,19,322.22222222222223,Recent,Budget,Accessory
Charger,HP,Repairable,8.0,0.22,,,1,55,25,250.0,Very_Old,Budget,Accessory
Battery,Samsung,Dead,0.7,0.39,,,1,350,46,897.4358974358975,New,Premium,Accessory
Speaker,Samsung,Working,0.5,2.63,,,3,2480,288,942.9657794676806,New,Premium,Accessory
Monitor,HP,Repairable,2.6,4.83,,28.0,3,3260,356,674.9482401656314,Recent,Budget,Computer
Laptop,OnePlus,Repairable,1.3,1.66,128.0,15.4,3,9244,952,5568.674698795181,Recent,Budget,Computer
Monitor,OnePlus,Repairable,2.0,6.71,,24.5,1,4230,456,630.4023845007451,Recent,Budget,Computer
Monitor,LG,Repairable,1.5,3.13,,31.7,1,3893,415,1243.7699680511182,Recent,Budget,Computer
Mouse,Sony,Dead,4.6,0.13,,,2,90,19,692.3076923076923,Old,Premium,Computer
Laptop,Local,Repairable,4.3,2.16,256.0,13.3,2,2632,287,1218.5185185185185,Old,Budget,Computer
Mouse,MSI,Working,1.9,0.2,,,2,703,105,3515.0,Recent,Premium,Computer
Tablet,Lenovo,Working,0.6,0.48,512.0,12.1,1,17800,1821,37083.333333333336,New,Budget,Mobile
Monitor,Acer,Dead,2.4,6.22,,29.8,2,1040,126,167.20257234726688,Recent,Budget,Computer
Mouse,Generic,Repairable,3.6,0.13,,,1,142,34,1092.3076923076924,Old,Budget,Computer
Keyboard,MSI,Repairable,1.0,0.53,,,2,705,91,1330.1886792452829,New,Premium,Computer
Battery,LG,Repairable,0.9,0.47,,,1,548,75,1165.9574468085107,New,Budget,Accessory
Smartphone,Dell,Repairable,1.9,0.2,512.0,5.1,2,5265,551,26325.0,Recent,Premium,Mobile
Mouse,Xiaomi,Repairable,2.4,0.14,,,3,165,36,1178.5714285714284,Recent,Budget,Computer
Headphones,Lenovo,Dead,4.5,0.42,,,1,286,39,680.952380952381,Old,Budget,Accessory
Headphones,OnePlus,Working,1.9,0.24,,,1,2143,249,8929.166666666668,Recent,Budget,Accessory
Mouse,HP,Working,1.0,0.14,,,2,567,91,4049.9999999999995,New,Budget,Computer
Headphones,Local,Working,4.0,0.24,,,3,530,88,2208.3333333333335,Old,Budget,Accessory
Smartphone,Asus,Dead,4.5,0.2,64.0,6.1,2,1363,146,6815.0,Old,Budget,Mobile
Smartphone,Asus,Working,3.7,0.19,512.0,5.8,3,7177,757,37773.68421052631,Old,Budget,Mobile
Charger,Samsung,Dead,6.2,0.2,,,3,45,14,225.0,Very_Old,Premium,Accessory
Headphones,Acer,Working,3.6,0.45,,,3,1019,137,2264.4444444444443,Old,Budget,Accessory
Headphones,Sony,Dead,0.9,0.34,,,2,620,73,1823.5294117647059,New,Premium,Accessory
Smartphone,Generic,Working,3.3,0.23,1024.0,5.8,3,2844,319,12365.217391304348,Old,Budget,Mobile
Tablet,Lenovo,Dead,2.6,0.73,512.0,12.2,2,2047,215,2804.109589041096,Recent,Budget,Mobile
Speaker,Samsung,Repairable,2.1,1.39,,,2,1359,158,977.6978417266188,Recent,Premium,Accessory
Headphones,Generic,Repairable,1.2,0.36,,,2,443,65,1230.5555555555557,Recent,Budget,Accessory
Monitor,Generic,Repairable,0.8,7.06,,22.0,2,1943,228,275.21246458923514,New,Budget,Computer
Monitor,Realme,Repairable,1.7,5.59,,24.8,3,2328,263,416.4579606440072,Recent,Budget,Computer
Battery,Dell,Repairable,3.6,0.61,,,3,295,50,483.60655737704917,Old,Premium,Accessory
Battery,Sony,Working,0.8,0.52,,,2,1099,145,2113.4615384615386,New,Premium,Accessory
Keyboard,Dell,Repairable,3.2,0.91,,,3,482,70,529.6703296703297,Old,Premium,Computer
Tablet,HP,Repairable,0.9,0.49,1024.0,10.1,1,9340,960,19061.224489795917,New,Budget,Mobile
Headphones,Apple,Working,1.9,0.25,,,3,2597,294,10388.0,Recent,Premium,Accessory
Battery,Asus,Repairable,4.3,0.43,,,1,334,54,776.7441860465117,Old,Budget,Accessory
Laptop,LG,Working,7.9,2.0,1024.0,13.4,3,2572,296,1286.0,Very_Old,Budget,Computer
Laptop,Acer,Repairable,2.4,1.63,1024.0,15.9,3,10221,1050,6270.552147239264,Recent,Budget,Computer
Smartphone,Realme,Working,3.6,0.22,256.0,5.8,1,4859,520,22086.363636363636,Old,Budget,Mobile
Smartphone,MSI,Dead,4.4,0.25,32.0,6.7,1,1518,161,6072.0,Old,Premium,Mobile
Laptop,Lenovo,Working,2.3,2.31,1024.0,13.8,2,19567,2001,8470.56277056277,Recent,Budget,Computer
Smartphone,MSI,Working,0.5,0.17,1024.0,5.7,3,11841,1224,69652.94117647059,New,Premium,Mobile
Laptop,HP,Working,1.7,2.97,512.0,14.8,3,20225,2068,6809.7643097643095,Recent,Budget,Computer
Tablet,Lenovo,Working,0.8,0.42,64.0,10.8,1,15786,1619,37585.71428571429,New,Budget,Mobile
Mouse,Acer,Working,3.4,0.11,,,2,396,74,3600.0,Old,Budget,Computer
Smartphone,Generic,Working,1.1,0.17,512.0,5.2,1,4944,529,29082.35294117647,Recent,Budget,Mobile
Mouse,Local,Dead,1.2,0.11,,,1,85,18,772.7272727272727,Recent,Budget,Computer
Monitor,Apple,Working,1.2,3.65,,26.6,2,10572,1104,2896.4383561643835,Recent,Premium,Computer
Charger,Asus,Working,0.6,0.27,,,3,617,97,2285.185185185185,New,Budget,Accessory
Battery,Asus,Dead,1.1,0.53,,,3,171,28,322.64150943396226,Recent,Budget,Accessory
Laptop,Xiaomi,Working,2.5,2.12,32.0,13.8,1,12725,1316,6002.358490566037,Recent,Budget,Computer
Headphones,Sony,Working,2.6,0.32,,,2,1521,188,4753.125,Recent,Premium,Accessory
Charger,Local,Dead,2.8,0.21,,,1,55,15,261.9047619047619,Recent,Budget,Accessory
Smartphone,Realme,Working,0.7,0.23,256.0,5.2,2,7355,775,31978.260869565216,New,Budget,Mobile
Speaker,Dell,Repairable,2.9,1.88,,,1,1538,177,818.0851063829788,Recent,Premium,Accessory
Headphones,Realme,Dead,0.8,0.39,,,2,271,38,694.8717948717948,New,Budget,Accessory
Laptop,Lenovo,Dead,6.8,1.99,1024.0,16.6,2,1385,152,695.9798994974874,Very_Old,Budget,Computer
Headphones,MSI,Dead,1.1,0.44,,,3,547,65,1243.1818181818182,Recent,Premium,Accessory
Smartphone,Generic,Dead,1.1,0.19,64.0,5.5,3,1063,116,5594.736842105263,Recent,Budget,Mobile
Tablet,Sony,Working,0.5,0.49,256.0,10.2,3,14355,1476,29295.918367346938,New,Premium,Mobile
Keyboard,Generic,Working,0.9,1.11,,,2,753,112,678.3783783783783,New,Budget,Computer
Headphones,Dell,Working,0.7,0.4,,,3,2218,257,5545.0,New,Premium,Accessory
Tablet,MSI,Working,6.8,0.4,128.0,12.5,2,2796,315,6990.0,Very_Old,Premium,Mobile
Keyboard,Acer,Dead,5.9,1.0,,,2,97,21,97.0,Very_Old,Budget,Computer
Charger,Dell,Dead,0.7,0.2,,,2,128,22,640.0,New,Premium,Accessory
Monitor,LG,Repairable,0.9,7.05,,25.1,2,3519,385,499.1489361702128,New,Budget,Computer
Mouse,Xiaomi,Repairable,6.1,0.12,,,3,80,28,666.6666666666667,Very_Old,Budget,Computer
Battery,Samsung,Repairable,8.0,0.58,,,2,64,27,110.3448275862069,Very_Old,Premium,Accessory
Speaker,MSI,Repairable,1.3,1.85,,,3,1277,151,690.2702702702702,Recent,Premium,Accessory
Laptop,HP,Working,1.2,2.96,64.0,15.9,3,18116,1857,6120.27027027027,Recent,Budget,Computer
Smartphone,Sony,Repairable,0.5,0.21,64.0,5.5,3,6735,698,32071.428571428572,New,Premium,Mobile
Smartphone,Local,Working,0.9,0.22,64.0,6.2,1,5190,559,23590.909090909092,New,Budget,Mobile
Tablet,Generic,Dead,1.3,0.5,256.0,12.5,1,2173,228,4346.0,Recent,Budget,Mobile
Monitor,Apple,Repairable,1.7,7.23,,24.5,1,6493,688,898.0636237897648,Recent,Premium,Computer
Tablet,LG,Repairable,0.8,0.57,1024.0,8.1,3,6994,725,12270.175438596492,New,Budget,Mobile
Charger,Apple,Repairable,1.7,0.26,,,2,430,64,1653.8461538461538,Recent,Premium,Accessory
Laptop,Xiaomi,Dead,2.5,2.86,64.0,15.2,1,2610,277,912.5874125874126,Recent,Budget,Computer
Charger,Dell,Working,3.6,0.21,,,1,393,74,1871.4285714285716,Old,Premium,Accessory
Speaker,Generic,Dead,0.8,2.78,,,1,354,51,127.33812949640289,New,Budget,Accessory
Tablet,Xiaomi,Repairable,4.7,0.63,1024.0,11.9,2,2873,308,4560.31746031746,Old,Budget,Mobile
Headphones,Xiaomi,Repairable,2.7,0.32,,,2,571,78,1784.375,Recent,Budget,Accessory
Smartphone,Lenovo,Working,3.7,0.19,32.0,5.2,3,5126,552,26978.947368421053,Old,Budget,Mobile
Smartphone,Realme,Dead,5.4,0.16,512.0,5.7,1,710,81,4437.5,Very_Old,Budget,Mobile
Battery,Generic,Repairable,1.5,0.64,,,3,193,40,301.5625,Recent,Budget,Accessory
Keyboard,OnePlus,Repairable,2.3,1.04,,,1,757,97,727.8846153846154,Recent,Budget,Computer
Speaker,OnePlus,Working,0.9,2.79,,,1,3253,366,1165.9498207885304,New,Budget,Accessory
Tablet,Lenovo,Dead,4.8,0.59,512.0,12.5,2,1565,167,2652.542372881356,Old,Budget,Mobile
Tablet,Acer,Working,5.1,0.58,512.0,9.9,1,5553,596,9574.137931034484,Very_Old,Budget,Mobile
Battery,Dell,Dead,1.5,0.44,,,3,196,30,445.45454545454544,Recent,Premium,Accessory
Speaker,Generic,Working,4.4,1.14,,,2,789,115,692.1052631578948,Old,Budget,Accessory
Keyboard,Sony,Repairable,0.9,0.74,,,2,669,87,904.0540540540541,New,Premium,Computer
Battery,Dell,Working,1.1,0.68,,,2,1270,163,1867.6470588235293,Recent,Premium,Accessory
Battery,HP,Working,1.0,0.53,,,1,1119,147,2111.320754716981,New,Budget,Accessory
Charger,Realme,Dead,4.6,0.25,,,2,50,15,200.0,Old,Budget,Accessory
Monitor,Lenovo,Working,2.7,7.24,,24.2,1,5128,566,708.2872928176795,Recent,Budget,Computer
Monitor,Realme,Working,5.3,6.7,,25.9,3,1819,229,271.4925373134328,Very_Old,Budget,Computer
Monitor,OnePlus,Working,1.4,5.6,,24.4,3,7445,795,1329.4642857142858,Recent,Budget,Computer
Monitor,Lenovo,Working,3.0,7.31,,24.9,2,4733,523,647.469220246238,Recent,Budget,Computer
Smartphone,Realme,Dead,1.5,0.22,256.0,6.2,1,1406,150,6390.909090909091,Recent,Budget,Mobile
Charger,Samsung,Dead,4.7,0.18,,,1,94,19,522.2222222222223,Old,Premium,Accessory
Charger,MSI,Working,8.0,0.12,,,2,60,41,500.0,Very_Old,Premium,Accessory
Monitor,Sony,Dead,6.5,7.79,,19.2,3,389,64,49.93581514762516,Very_Old,Premium,Computer
Tablet,Acer,Repairable,0.9,0.8,128.0,10.5,2,5445,571,6806.25,New,Budget,Mobile
Mouse,Samsung,Repairable,4.3,0.1,,,3,222,42,2220.0,Old,Premium,Computer
Smartphone,Realme,Dead,1.1,0.24,256.0,6.2,2,1374,147,5725.0,Recent,Budget,Mobile
Smartphone,Lenovo,Working,2.7,0.17,1024.0,5.7,2,6491,689,38182.35294117647,Recent,Budget,Mobile
Laptop,Acer,Working,1.2,2.71,64.0,14.8,3,19633,2008,7244.649446494465,Recent,Budget,Computer
Tablet,MSI,Repairable,2.4,0.64,512.0,10.1,2,8060,832,12593.75,Recent,Premium,Mobile
Speaker,Asus,Repairable,1.1,1.53,,,3,1331,156,869.9346405228758,Recent,Budget,Accessory
Keyboard,MSI,Working,1.7,0.81,,,1,1238,160,1528.395061728395,Recent,Premium,Computer
Speaker,Generic,Dead,3.0,1.43,,,1,222,35,155.24475524475525,Recent,Budget,Accessory
Battery,HP,Working,1.6,0.41,,,2,977,133,2382.9268292682927,Recent,Budget,Accessory
Laptop,Dell,Repairable,1.4,2.17,256.0,13.8,1,16271,1656,7498.15668202765,Recent,Premium,Computer
Smartphone,Dell,Dead,0.8,0.24,128.0,5.7,2,2574,267,10725.0,New,Premium,Mobile
Laptop,Xiaomi,Working,0.6,2.25,128.0,15.2,1,18982,1942,8436.444444444445,New,Budget,Computer
Headphones,Dell,Working,3.0,0.25,,,2,1462,181,5848.0,Recent,Premium,Accessory
Charger,Samsung,Working,3.8,0.29,,,3,304,66,1048.2758620689656,Old,Premium,Accessory
Keyboard,Lenovo,Dead,1.9,0.65,,,3,189,29,290.7692307692308,Recent,Budget,Computer
Keyboard,Asus,Dead,1.3,0.6,,,3,296,40,493.33333333333337,Recent,Budget,Computer
Speaker,Xiaomi,Working,2.0,1.29,,,3,1143,152,886.046511627907,Recent,Budget,Accessory
Battery,LG,Dead,3.8,0.39,,,3,126,23,323.07692307692304,Old,Budget,Accessory
Tablet,Xiaomi,Working,1.3,0.63,512.0,8.4,3,8049,845,12776.190476190475,Recent,Budget,Mobile
Charger,Samsung,Repairable,1.0,0.14,,,2,335,53,2392.8571428571427,New,Premium,Accessory
Headphones,Local,Dead,2.6,0.28,,,2,125,23,446.4285714285714,Recent,Budget,Accessory
Speaker,Asus,Working,2.0,2.21,,,3,2529,291,1144.343891402715,Recent,Budget,Accessory
Mouse,Apple,Working,2.3,0.15,,,1,959,130,6393.333333333334,Recent,Premium,Computer
Battery,Dell,Repairable,5.8,0.71,,,3,174,38,245.0704225352113,Very_Old,Premium,Accessory
Monitor,LG,Dead,1.0,4.31,,28.7,2,1745,193,404.8723897911833,New,Budget,Computer
Charger,Xiaomi,Repairable,1.9,0.11,,,2,188,38,1709.090909090909,Recent,Budget,Accessory
Keyboard,Samsung,Working,3.8,0.7,,,3,950,131,1357.1428571428573,Old,Premium,Computer
Battery,MSI,Repairable,1.6,0.74,,,2,628,83,848.6486486486486,Recent,Premium,Accessory
Laptop,Sony,Working,2.0,2.54,512.0,15.0,2,28516,2896,11226.771653543306,Recent,Premium,Computer
Keyboard,Samsung,Working,1.3,1.03,,,1,1500,187,1456.3106796116504,Recent,Premium,Computer
Tablet,Xiaomi,Working,1.5,0.75,64.0,10.0,2,9294,971,12392.0,Recent,Budget,Mobile
Smartphone,Realme,Dead,1.0,0.19,32.0,5.3,3,1139,123,5994.736842105263,New,Budget,Mobile
Charger,MSI,Repairable,3.2,0.15,,,2,220,42,1466.6666666666667,Old,Premium,Accessory
Smartphone,HP,Dead,1.5,0.25,1024.0,5.1,2,2330,243,9320.0,Recent,Budget,Mobile
Headphones,Asus,Working,0.7,0.38,,,1,2452,281,6452.631578947368,New,Budget,Accessory
Headphones,LG,Working,1.6,0.33,,,3,1282,164,3884.8484848484845,Recent,Budget,Accessory
Keyboard,Generic,Repairable,2.0,0.85,,,1,301,52,354.11764705882354,Recent,Budget,Computer
Headphones,Dell,Dead,0.7,0.24,,,1,495,59,2062.5,New,Premium,Accessory
Battery,Sony,Dead,2.4,0.4,,,1,207,31,517.5,Recent,Premium,Accessory
Monitor,Sony,Dead,0.9,7.79,,22.0,2,2383,264,305.90500641848524,New,Premium,Computer
Mouse,Acer,Dead,1.3,0.12,,,3,113,21,941.6666666666667,Recent,Budget,Computer
Battery,Sony,Dead,0.5,0.64,,,2,277,38,432.8125,New,Premium,Accessory
Smartphone,OnePlus,Dead,5.1,0.17,512.0,6.4,1,1422,152,8364.70588235294,Very_Old,Budget,Mobile
Speaker,Realme,Working,0.8,1.8,,,2,1428,181,793.3333333333333,New,Budget,Accessory
Charger,Apple,Working,1.1,0.15,,,2,831,118,5540.0,Recent,Premium,Accessory
Tablet,Xiaomi,Dead,1.6,0.78,32.0,12.8,3,1484,160,1902.5641025641025,Recent,Budget,Mobile
Battery,Lenovo,Repairable,1.0,0.69,,,1,522,73,756.5217391304349,New,Budget,Accessory
Keyboard,Generic,Dead,0.8,1.1,,,2,150,27,136.36363636363635,New,Budget,Computer
Speaker,Samsung,Working,2.7,2.13,,,3,2190,258,1028.1690140845071,Recent,Premium,Accessory
Monitor,LG,Repairable,1.9,6.66,,27.7,3,2681,301,402.5525525525525,Recent,Budget,Computer
Speaker,LG,Working,5.0,1.12,,,1,1078,144,962.4999999999999,Old,Budget,Accessory
Monitor,Asus,Repairable,3.0,5.19,,20.8,1,3411,371,657.2254335260116,Recent,Budget,Computer
Charger,Apple,Working,1.9,0.13,,,2,716,106,5507.692307692308,Recent,Premium,Accessory
Laptop,Acer,Repairable,3.4,1.89,256.0,17.0,2,7916,820,4188.359788359789,Old,Budget,Computer
Charger,Sony,Dead,2.8,0.27,,,2,100,21,370.3703703703703,Recent,Premium,Accessory
Charger,Samsung,Dead,3.4,0.11,,,2,84,18,763.6363636363636,Old,Premium,Accessory
Charger,Dell,Repairable,1.0,0.18,,,1,402,60,2233.3333333333335,New,Premium,Accessory
Battery,LG,Working,1.4,0.63,,,2,967,132,1534.920634920635,Recent,Budget,Accessory
Battery,Asus,Working,2.3,0.48,,,2,873,123,1818.75,Recent,Budget,Accessory
Laptop,Samsung,Dead,1.3,1.63,32.0,13.5,1,8169,834,5011.6564417177915,Recent,Premium,Computer
Smartphone,Realme,Dead,0.7,0.24,32.0,6.2,2,1328,142,5533.333333333334,New,Budget,Mobile
Speaker,Local,Repairable,1.3,1.78,,,2,535,77,300.56179775280896,Recent,Budget,Accessory
Mouse,Realme,Dead,1.3,0.14,,,2,96,19,685.7142857142857,Recent,Budget,Computer
Battery,HP,Working,1.9,0.77,,,2,738,110,958.4415584415584,Recent,Budget,Accessory
Battery,Samsung,Working,1.9,0.59,,,2,1231,159,2086.4406779661017,Recent,Premium,Accessory
Laptop,Sony,Dead,0.6,2.36,256.0,14.0,2,7953,815,3369.9152542372885,New,Premium,Computer
Battery,Apple,Dead,4.7,0.31,,,3,174,28,561.2903225806451,Old,Premium,Accessory
Mouse,Lenovo,Working,5.9,0.17,,,2,204,55,1200.0,Very_Old,Budget,Computer
Headphones,Generic,Dead,0.6,0.48,,,3,223,33,464.58333333333337,New,Budget,Accessory
Monitor,Apple,Dead,0.6,6.45,,20.6,2,2985,321,462.7906976744186,New,Premium,Computer
Smartphone,Apple,Working,1.0,0.16,128.0,6.1,3,14313,1471,89456.25,New,Premium,Mobile
Mouse,Generic,Repairable,1.9,0.18,,,2,186,38,1033.3333333333335,Recent,Budget,Computer
Tablet,Realme,Dead,2.4,0.41,64.0,10.0,2,1612,172,3931.707317073171,Recent,Budget,Mobile
Battery,HP,Repairable,2.2,0.62,,,2,436,64,703.2258064516129,Recent,Budget,Accessory
Smartphone,MSI,Dead,5.5,0.16,256.0,5.0,1,1286,138,8037.5,Very_Old,Premium,Mobile
Battery,Acer,Working,5.7,0.36,,,3,232,59,644.4444444444445,Very_Old,Budget,Accessory
Mouse,Dell,Repairable,1.3,0.14,,,1,374,57,2671.428571428571,Recent,Premium,Computer
Tablet,OnePlus,Working,2.3,0.58,512.0,9.6,3,9098,950,15686.206896551725,Recent,Budget,Mobile
Headphones,Generic,Repairable,3.8,0.41,,,3,337,54,821.9512195121952,Old,Budget,Accessory
Monitor,Samsung,Working,2.9,4.55,,22.5,2,5980,647,1314.2857142857144,Recent,Premium,Computer
Speaker,Dell,Working,4.1,2.96,,,3,1542,195,520.9459459459459,Old,Premium,Accessory
Laptop,Realme,Working,0.5,1.71,1024.0,15.3,3,13765,1419,8049.707602339182,New,Budget,Computer
Keyboard,Asus,Repairable,0.7,1.16,,,2,728,94,627.5862068965517,New,Budget,Computer
Monitor,Asus,Dead,5.4,6.9,,26.9,1,922,116,133.6231884057971,Very_Old,Budget,Computer
Mouse,Generic,Working,2.5,0.16,,,3,258,60,1612.5,Recent,Budget,Computer
Battery,MSI,Working,2.1,0.79,,,1,1140,151,1443.0379746835442,Recent,Premium,Accessory
Laptop,Local,Working,3.5,2.81,32.0,13.3,2,5847,630,2080.7829181494662,Old,Budget,Computer
Speaker,Generic,Working,1.8,2.03,,,2,1384,177,681.7733990147784,Recent,Budget,Accessory
Speaker,Samsung,Working,1.7,2.14,,,1,3222,361,1505.6074766355139,Recent,Premium,Accessory
Tablet,Samsung,Working,0.6,0.65,128.0,8.8,3,17195,1760,26453.846153846152,New,Premium,Mobile
Monitor,LG,Working,2.3,5.97,,20.6,3,4839,530,810.5527638190955,Recent,Budget,Computer
Battery,Samsung,Repairable,8.0,0.5,,,2,65,27,130.0,Very_Old,Premium,Accessory
Monitor,Asus,Repairable,0.9,6.34,,27.4,3,4223,455,666.0883280757098,New,Budget,Computer
Keyboard,MSI,Working,0.7,1.13,,,1,1627,199,1439.8230088495577,New,Premium,Computer
Tablet,Asus,Repairable,1.3,0.58,512.0,12.2,3,6710,697,11568.96551724138,Recent,Budget,Mobile
Laptop,Sony,Dead,5.8,1.96,256.0,16.1,3,2353,249,1200.5102040816328,Very_Old,Premium,Computer
Speaker,OnePlus,Working,5.8,1.49,,,2,978,135,656.3758389261745,Very_Old,Budget,Accessory
Headphones,Local,Working,1.1,0.45,,,2,679,103,1508.888888888889,Recent,Budget,Accessory
Mouse,Apple,Repairable,2.2,0.13,,,3,388,58,2984.6153846153843,Recent,Premium,Computer
Monitor,Generic,Working,2.6,7.26,,30.1,3,3024,352,416.5289256198347,Recent,Budget,Computer
Smartphone,Sony,Working,1.1,0.2,32.0,5.0,3,9706,1010,48530.0,Recent,Premium,Mobile
Tablet,Lenovo,Working,2.1,0.66,64.0,11.6,3,9981,1039,15122.727272727272,Recent,Budget,Mobile
Charger,Acer,Repairable,2.2,0.11,,,1,191,39,1736.3636363636363,Recent,Budget,Accessory
Keyboard,LG,Repairable,2.3,0.69,,,2,464,67,672.4637681159421,Recent,Budget,Computer
Monitor,Lenovo,Working,1.6,5.77,,28.4,2,6458,697,1119.2374350086657,Recent,Budget,Computer
Headphones,LG,Working,2.6,0.3,,,3,1463,182,4876.666666666667,Recent,Budget,Accessory
Speaker,Lenovo,Working,2.6,2.27,,,1,2211,261,974.0088105726873,Recent,Budget,Accessory
Keyboard,LG,Dead,0.5,0.99,,,2,295,41,297.979797979798,New,Budget,Computer
Headphones,Generic,Working,6.2,0.45,,,1,341,70,757.7777777777777,Very_Old,Budget,Accessory
Battery,LG,Working,1.1,0.4,,,2,871,123,2177.5,Recent,Budget,Accessory
Laptop,Xiaomi,Working,1.8,1.94,32.0,13.7,3,12919,1335,6659.278350515464,Recent,Budget,Computer
Headphones,Realme,Repairable,8.0,0.23,,,2,86,28,373.9130434782609,Very_Old,Budget,Accessory
Mouse,Sony,Working,5.4,0.15,,,1,356,70,2373.3333333333335,Very_Old,Premium,Computer
Charger,LG,Dead,1.6,0.23,,,2,100,20,434.78260869565213,Recent,Budget,Accessory
Laptop,HP,Repairable,1.2,2.37,128.0,15.3,1,13831,1413,5835.864978902953,Recent,Budget,Computer
Charger,Samsung,Working,1.2,0.17,,,2,519,86,3052.941176470588,Recent,Premium,Accessory
Charger,HP,Repairable,0.6,0.15,,,3,233,43,1553.3333333333335,New,Budget,Accessory
Monitor,OnePlus,Working,0.7,7.06,,27.6,1,7691,823,1089.3767705382436,New,Budget,Computer
Monitor,OnePlus,Working,1.1,7.36,,23.0,2,8076,862,1097.282608695652,Recent,Budget,Computer
Speaker,Local,Dead,2.0,1.76,,,2,234,37,132.95454545454547,Recent,Budget,Accessory
Speaker,Local,Repairable,0.7,2.99,,,2,622,88,208.0267558528428,New,Budget,Accessory
Battery,Sony,Dead,1.4,0.66,,,1,253,36,383.3333333333333,Recent,Premium,Accessory
Smartphone,MSI,Repairable,4.1,0.2,32.0,5.2,3,3395,359,16975.0,Old,Premium,Mobile
Battery,Samsung,Working,4.2,0.67,,,1,659,101,983.5820895522387,Old,Premium,Accessory
Charger,Realme,Working,0.8,0.16,,,2,392,74,2450.0,New,Budget,Accessory
Headphones,Apple,Repairable,1.1,0.34,,,3,1199,140,3526.4705882352937,Recent,Premium,Accessory
Smartphone,Local,Repairable,1.5,0.21,64.0,5.9,3,2289,248,10900.0,Recent,Budget,Mobile
Battery,Apple,Dead,3.9,0.57,,,3,158,26,277.1929824561404,Old,Premium,Accessory
Smartphone,Sony,Repairable,1.3,0.21,32.0,6.5,2,6799,704,32376.190476190477,Recent,Premium,Mobile
Battery,Acer,Working,1.0,0.41,,,2,755,111,1841.4634146341464,New,Budget,Accessory
Charger,LG,Working,5.6,0.27,,,3,187,54,692.5925925925925,Very_Old,Budget,Accessory
Keyboard,Realme,Working,1.5,0.85,,,1,810,118,952.9411764705883,Recent,Budget,Computer
Keyboard,Xiaomi,Dead,1.1,0.85,,,3,152,27,178.82352941176472,Recent,Budget,Computer
Laptop,Generic,Working,0.8,2.83,512.0,14.7,1,16434,1689,5807.067137809187,New,Budget,Computer
Monitor,Apple,Dead,2.0,4.85,,29.2,1,2970,317,612.3711340206186,Recent,Premium,Computer
Charger,Generic,Repairable,3.4,0.24,,,2,88,28,366.6666666666667,Old,Budget,Accessory
Tablet,Samsung,Working,1.3,0.59,128.0,11.7,3,12889,1329,21845.76271186441,Recent,Premium,Mobile
Mouse,Apple,Dead,1.3,0.11,,,3,197,29,1790.909090909091,Recent,Premium,Computer
Headphones,Local,Dead,8.0,0.27,,,1,55,16,203.7037037037037,Very_Old,Budget,Accessory
Headphones,Samsung,Working,1.6,0.22,,,2,2195,254,9977.272727272728,Recent,Premium,Accessory
Battery,Lenovo,Repairable,2.9,0.56,,,3,390,60,696.4285714285713,Recent,Budget,Accessory
Speaker,Xiaomi,Working,1.2,1.17,,,2,2091,246,1787.1794871794873,Recent,Budget,Accessory
Tablet,MSI,Repairable,1.5,0.63,256.0,9.6,2,9167,942,14550.79365079365,Recent,Premium,Mobile
Laptop,OnePlus,Repairable,3.0,1.7,512.0,13.6,2,9485,976,5579.411764705883,Recent,Budget,Computer
Keyboard,Lenovo,Working,3.8,0.66,,,3,761,112,1153.030303030303,Old,Budget,Computer
Monitor,Samsung,Working,6.2,5.64,,25.0,1,3124,358,553.9007092198582,Very_Old,Premium,Computer
Laptop,Sony,Repairable,1.3,2.21,64.0,16.9,2,13993,1428,6331.6742081447965,Recent,Premium,Computer
Monitor,Acer,Working,6.1,7.31,,25.1,3,2174,267,297.4008207934337,Very_Old,Budget,Computer
Smartphone,HP,Working,2.6,0.24,64.0,6.7,2,7705,810,32104.166666666668,Recent,Budget,Mobile
Battery,HP,Repairable,1.6,0.6,,,2,552,76,920.0,Recent,Budget,Accessory
Speaker,MSI,Repairable,6.5,1.49,,,3,396,62,265.7718120805369,Very_Old,Premium,Accessory
Headphones,Acer,Repairable,2.0,0.28,,,1,975,118,3482.142857142857,Recent,Budget,Accessory
Mouse,Samsung,Dead,2.1,0.17,,,1,161,26,947.0588235294117,Recent,Premium,Computer
Charger,LG,Dead,1.8,0.22,,,3,90,19,409.09090909090907,Recent,Budget,Accessory
Mouse,HP,Dead,0.9,0.2,,,1,177,27,885.0,New,Budget,Computer
Headphones,LG,Working,3.1,0.32,,,2,1269,162,3965.625,Old,Budget,Accessory
Speaker,Asus,Working,1.5,1.82,,,2,2604,299,1430.7692307692307,Recent,Budget,Accessory
Laptop,Acer,Working,2.1,2.25,32.0,15.0,3,13078,1351,5812.444444444444,Recent,Budget,Computer
Tablet,Lenovo,Working,0.9,0.45,1024.0,11.0,2,16459,1686,36575.555555555555,New,Budget,Mobile
Charger,Lenovo,Working,2.7,0.18,,,2,450,80,2500.0,Recent,Budget,Accessory
Charger,LG,Working,2.5,0.25,,,2,379,72,1516.0,Recent,Budget,Accessory
Battery,OnePlus,Working,6.9,0.71,,,2,230,59,323.943661971831,Very_Old,Budget,Accessory
Charger,Samsung,Working,0.9,0.15,,,2,594,94,3960.0,New,Premium,Accessory
Battery,HP,Working,1.1,0.73,,,2,825,118,1130.13698630137,Recent,Budget,Accessory
Speaker,Lenovo,Repairable,0.7,1.55,,,2,1241,147,800.6451612903226,New,Budget,Accessory
Battery,Samsung,Repairable,1.0,0.7,,,2,663,87,947.1428571428572,New,Premium,Accessory
Laptop,HP,Working,0.5,2.14,32.0,13.5,2,24716,2515,11549.532710280373,New,Budget,Computer
Monitor,Samsung,Repairable,2.8,6.51,,28.5,1,4674,500,717.9723502304148,Recent,Premium,Computer
Speaker,Acer,Repairable,0.5,2.91,,,2,1481,174,508.93470790378007,New,Budget,Accessory
Laptop,HP,Repairable,5.2,1.52,1024.0,16.2,1,7848,812,5163.157894736842,Very_Old,Budget,Computer
Monitor,Dell,Dead,4.1,3.47,,31.5,2,1302,147,375.21613832853023,Old,Premium,Computer
Headphones,Acer,Repairable,2.8,0.37,,,3,739,94,1997.2972972972973,Recent,Budget,Accessory
Laptop,Dell,Repairable,1.7,2.4,1024.0,16.7,2,13812,1411,5755.0,Recent,Premium,Computer
Headphones,Generic,Dead,0.7,0.35,,,1,293,40,837.1428571428572,New,Budget,Accessory
Charger,Asus,Working,3.6,0.22,,,1,453,80,2059.090909090909,Old,Budget,Accessory
Keyboard,Dell,Dead,6.2,0.55,,,2,96,20,174.54545454545453,Very_Old,Premium,Computer
Battery,Sony,Working,0.5,0.46,,,3,1088,144,2365.2173913043475,New,Premium,Accessory
Laptop,Dell,Repairable,5.3,2.77,32.0,13.4,2,4933,519,1780.8664259927798,Very_Old,Premium,Computer
Keyboard,Realme,Working,2.3,0.87,,,3,537,90,617.2413793103449,Recent,Budget,Computer
Keyboard,Samsung,Working,5.1,1.15,,,1,747,111,649.5652173913044,Very_Old,Premium,Computer
Headphones,Generic,Working,4.9,0.32,,,2,528,88,1650.0,Old,Budget,Accessory
Tablet,MSI,Working,1.8,0.45,128.0,10.2,3,13966,1437,31035.555555555555,Recent,Premium,Mobile
Charger,Xiaomi,Repairable,3.2,0.17,,,2,111,31,652.9411764705882,Old,Budget,Accessory
Mouse,Lenovo,Repairable,0.7,0.15,,,1,417,61,2780.0,New,Budget,Computer
Keyboard,Apple,Dead,1.3,0.99,,,2,492,61,496.969696969697,Recent,Premium,Computer
Charger,Local,Repairable,2.9,0.2,,,2,106,30,530.0,Recent,Budget,Accessory
Speaker,Xiaomi,Working,1.8,1.9,,,2,1435,182,755.2631578947369,Recent,Budget,Accessory
Smartphone,Dell,Dead,1.2,0.15,64.0,5.4,2,2638,273,17586.666666666668,Recent,Premium,Mobile
Tablet,Sony,Repairable,1.2,0.71,64.0,9.2,2,7251,751,10212.676056338029,Recent,Premium,Mobile
Battery,Sony,Working,0.9,0.69,,,1,1059,141,1534.7826086956522,New,Premium,Accessory
Battery,Asus,Working,1.7,0.55,,,1,1101,146,2001.8181818181818,Recent,Budget,Accessory
Mouse,Local,Dead,2.5,0.18,,,3,45,14,250.0,Recent,Budget,Computer
Mouse,Dell,Working,1.2,0.13,,,2,621,97,4776.923076923077,Recent,Premium,Computer
Charger,LG,Repairable,1.2,0.16,,,3,239,43,1493.75,Recent,Budget,Accessory
Headphones,Lenovo,Working,2.7,0.31,,,2,1577,193,5087.096774193548,Recent,Budget,Accessory
Charger,Generic,Repairable,1.3,0.16,,,2,144,34,900.0,Recent,Budget,Accessory
Keyboard,Realme,Dead,0.5,0.56,,,3,172,28,307.1428571428571,New,Budget,Computer
Headphones,Samsung,Dead,6.2,0.42,,,2,135,24,321.42857142857144,Very_Old,Premium,Accessory
Tablet,Xiaomi,Repairable,4.2,0.69,512.0,12.0,3,2872,308,4162.31884057971,Old,Budget,Mobile
Speaker,OnePlus,Repairable,1.5,1.44,,,2,1384,161,961.1111111111112,Recent,Budget,Accessory
Headphones,Samsung,Dead,2.1,0.36,,,1,532,64,1477.7777777777778,Recent,Premium,Accessory
Smartphone,HP,Working,6.4,0.24,512.0,6.4,1,3778,412,15741.666666666668,Very_Old,Budget,Mobile
Keyboard,Lenovo,Working,6.2,0.57,,,2,332,69,582.4561403508773,Very_Old,Budget,Computer
Smartphone,Apple,Working,1.9,0.23,128.0,6.3,3,12219,1261,53126.086956521736,Recent,Premium,Mobile
Mouse,Asus,Dead,0.8,0.13,,,2,178,27,1369.2307692307693,New,Budget,Computer
Laptop,Acer,Working,0.9,2.03,1024.0,14.4,1,22245,2268,10958.128078817736,New,Budget,Computer
Speaker,Local,Working,3.0,1.74,,,1,935,131,537.3563218390805,Recent,Budget,Accessory
Keyboard,Local,Working,0.7,1.06,,,3,508,87,479.2452830188679,New,Budget,Computer
Battery,LG,Working,2.6,0.66,,,3,587,94,889.3939393939394,Recent,Budget,Accessory
Headphones,Local,Working,4.8,0.38,,,2,402,76,1057.8947368421052,Old,Budget,Accessory
Speaker,LG,Repairable,0.9,2.88,,,2,1514,177,525.6944444444445,New,Budget,Accessory
Speaker,Dell,Repairable,1.0,1.68,,,1,1980,221,1178.5714285714287,New,Premium,Accessory
Tablet,LG,Repairable,2.9,0.71,128.0,11.5,2,4902,511,6904.225352112677,Recent,Budget,Mobile
Headphones,Realme,Dead,1.5,0.26,,,2,272,38,1046.1538461538462,Recent,Budget,Accessory
Tablet,LG,Dead,8.0,0.52,256.0,11.3,1,393,50,755.7692307692307,Very_Old,Budget,Mobile
Mouse,Xiaomi,Repairable,2.1,0.18,,,2,231,43,1283.3333333333335,Recent,Budget,Computer
Charger,Xiaomi,Working,0.6,0.3,,,2,425,78,1416.6666666666667,New,Budget,Accessory
Battery,Xiaomi,Working,4.5,0.63,,,2,410,77,650.7936507936508,Old,Budget,Accessory
Battery,Samsung,Dead,0.7,0.47,,,2,332,44,706.3829787234043,New,Premium,Accessory
Headphones,MSI,Working,1.0,0.22,,,2,2488,283,11309.09090909091,New,Premium,Accessory
Tablet,Realme,Repairable,4.1,0.47,512.0,11.4,3,2814,302,5987.234042553192,Old,Budget,Mobile
Smartphone,MSI,Dead,2.0,0.23,64.0,5.3,2,2151,225,9352.173913043478,Recent,Premium,Mobile
Smartphone,Xiaomi,Dead,1.2,0.2,512.0,6.5,2,1716,181,8580.0,Recent,Budget,Mobile
Smartphone,Samsung,Working,3.6,0.21,1024.0,5.3,1,10435,1083,49690.47619047619,Old,Premium,Mobile
Speaker,Samsung,Dead,0.6,2.75,,,2,647,80,235.27272727272728,New,Premium,Accessory
Charger,Generic,Working,1.1,0.24,,,3,235,58,979.1666666666667,Recent,Budget,Accessory
Mouse,Acer,Repairable,4.7,0.13,,,3,111,31,853.8461538461538,Old,Budget,Computer
Mouse,Dell,Repairable,1.2,0.16,,,3,333,53,2081.25,Recent,Premium,Computer
Tablet,HP,Dead,2.0,0.75,1024.0,9.3,3,3155,327,4206.666666666667,Recent,Budget,Mobile
Headphones,Asus,Working,1.7,0.36,,,3,1977,233,5491.666666666667,Recent,Budget,Accessory
Smartphone,MSI,Repairable,8.0,0.17,1024.0,5.7,1,900,110,5294.117647058823,Very_Old,Premium,Mobile
Laptop,Apple,Working,0.5,1.51,32.0,15.0,2,37886,3831,25090.066225165563,New,Premium,Computer
Monitor,HP,Working,0.5,6.43,,26.3,1,8880,941,1381.026438569207,New,Budget,Computer
Mouse,Xiaomi,Working,1.2,0.12,,,3,386,73,3216.666666666667,Recent,Budget,Computer
Headphones,LG,Repairable,1.0,0.36,,,1,983,119,2730.5555555555557,New,Budget,Accessory
Monitor,Generic,Dead,1.9,3.79,,28.8,1,980,116,258.57519788918205,Recent,Budget,Computer
Speaker,Asus,Repairable,0.7,1.94,,,2,1275,151,657.2164948453609,New,Budget,Accessory
Laptop,LG,Working,2.3,1.9,32.0,15.1,1,20150,2059,10605.263157894737,Recent,Budget,Computer
Monitor,Dell,Repairable,5.7,5.75,,24.2,2,1783,210,310.0869565217391,Very_Old,Premium,Computer
Monitor,Xiaomi,Repairable,6.5,6.89,,30.0,1,744,108,107.98258345428157,Very_Old,Budget,Computer
Laptop,Realme,Repairable,1.6,2.74,1024.0,13.8,1,9466,976,3454.744525547445,Recent,Budget,Computer
Battery,Acer,Dead,2.9,0.45,,,2,135,24,300.0,Recent,Budget,Accessory
Battery,Dell,Working,1.2,0.66,,,2,968,132,1466.6666666666665,Recent,Premium,Accessory
Speaker,LG,Working,0.5,2.43,,,2,2335,273,960.9053497942386,New,Budget,Accessory
Speaker,Xiaomi,Working,0.7,1.48,,,3,1633,201,1103.3783783783783,New,Budget,Accessory
Tablet,Xiaomi,Dead,1.8,0.42,256.0,11.5,1,2706,281,6442.857142857143,Recent,Budget,Mobile
Tablet,Sony,Repairable,1.3,0.53,512.0,11.1,1,9102,936,17173.584905660377,Recent,Premium,Mobile
Mouse,LG,Repairable,0.8,0.12,,,1,438,63,3650.0,New,Budget,Computer
Tablet,Sony,Repairable,1.1,0.55,512.0,11.2,2,9979,1023,18143.636363636364,Recent,Premium,Mobile
Tablet,Lenovo,Dead,1.3,0.67,1024.0,11.6,2,2475,258,3694.0298507462685,Recent,Budget,Mobile
Battery,Samsung,Dead,1.8,0.71,,,2,292,40,411.2676056338028,Recent,Premium,Accessory
Battery,Xiaomi,Repairable,5.7,0.75,,,1,146,36,194.66666666666666,Very_Old,Budget,Accessory
Mouse,MSI,Repairable,1.4,0.15,,,1,448,64,2986.666666666667,Recent,Premium,Computer
Charger,Realme,Dead,4.8,0.14,,,2,50,15,357.1428571428571,Old,Budget,Accessory
Speaker,Generic,Repairable,3.9,2.96,,,1,566,82,191.21621621621622,Old,Budget,Accessory
Tablet,HP,Working,1.2,0.44,32.0,9.4,2,11282,1169,25640.909090909092,Recent,Budget,Mobile
Keyboard,Sony,Dead,2.4,1.06,,,3,290,41,273.58490566037733,Recent,Premium,Computer
Monitor,Samsung,Dead,2.5,3.03,,20.3,1,1697,185,560.0660066006601,Recent,Premium,Computer
Battery,MSI,Dead,1.4,0.55,,,3,179,28,325.45454545454544,Recent,Premium,Accessory
Smartphone,Realme,Working,1.4,0.17,32.0,5.8,3,5411,581,31829.41176470588,Recent,Budget,Mobile
Laptop,Xiaomi,Dead,1.9,2.14,512.0,13.9,2,4217,435,1970.5607476635512,Recent,Budget,Computer
Smartphone,Local,Working,2.0,0.22,32.0,6.7,2,3789,413,17222.727272727272,Recent,Budget,Mobile
Battery,Dell,Dead,1.4,0.53,,,2,203,31,383.0188679245283,Recent,Premium,Accessory
Monitor,HP,Working,2.4,4.44,,26.1,2,5759,624,1297.072072072072,Recent,Budget,Computer
Headphones,HP,Working,2.0,0.22,,,1,2111,246,9595.454545454546,Recent,Budget,Accessory
Mouse,MSI,Dead,2.5,0.12,,,1,148,24,1233.3333333333335,Recent,Premium,Computer
Smartphone,Asus,Dead,3.0,0.2,32.0,5.6,1,1822,192,9110.0,Recent,Budget,Mobile
Tablet,Local,Working,2.4,0.78,256.0,8.4,2,5441,586,6975.641025641025,Recent,Budget,Mobile
Laptop,Sony,Working,1.7,2.84,1024.0,17.0,3,19526,1998,6875.352112676057,Recent,Premium,Computer
Mouse,Xiaomi,Working,6.5,0.11,,,1,147,49,1336.3636363636363,Very_Old,Budget,Computer
Keyboard,OnePlus,Working,1.4,1.09,,,2,1256,162,1152.2935779816512,Recent,Budget,Computer
Mouse,Generic,Working,1.7,0.16,,,1,380,73,2375.0,Recent,Budget,Computer
Battery,Asus,Working,0.6,0.6,,,1,1045,140,1741.6666666666667,New,Budget,Accessory
Laptop,Dell,Dead,1.3,2.02,128.0,14.3,1,6258,644,3098.019801980198,Recent,Premium,Computer
Keyboard,HP,Working,0.7,0.6,,,2,1162,152,1936.6666666666667,New,Budget,Computer
Smartphone,HP,Dead,1.8,0.25,128.0,6.7,3,1612,171,6448.0,Recent,Budget,Mobile
Headphones,LG,Repairable,3.1,0.39,,,1,844,105,2164.102564102564,Old,Budget,Accessory
Tablet,Lenovo,Working,4.0,0.44,512.0,11.4,1,9014,942,20486.363636363636,Old,Budget,Mobile
Mouse,Local,Repairable,2.3,0.18,,,2,105,30,583.3333333333334,Recent,Budget,Computer
Speaker,Apple,Repairable,2.8,2.07,,,3,1433,167,692.2705314009662,Recent,Premium,Accessory
Speaker,Xiaomi,Dead,1.3,2.24,,,3,421,56,187.94642857142856,Recent,Budget,Accessory
Smartphone,Apple,Working,1.9,0.23,128.0,5.2,1,14320,1472,62260.86956521739,Recent,Premium,Mobile
Smartphone,Dell,Working,0.6,0.16,1024.0,5.6,2,12319,1271,76993.75,New,Premium,Mobile
Smartphone,HP,Repairable,3.0,0.22,512.0,5.4,3,3275,347,14886.363636363636,Recent,Budget,Mobile
Smartphone,Sony,Dead,1.1,0.2,256.0,5.2,2,2396,249,11980.0,Recent,Premium,Mobile
Speaker,Local,Working,6.3,2.61,,,2,277,67,106.13026819923373,Very_Old,Budget,Accessory
Tablet,Lenovo,Repairable,1.5,0.54,32.0,10.5,1,7754,801,14359.25925925926,Recent,Budget,Mobile
Mouse,HP,Repairable,0.8,0.17,,,2,364,56,2141.176470588235,New,Budget,Computer
Headphones,MSI,Dead,1.1,0.31,,,3,456,56,1470.967741935484,Recent,Premium,Accessory
Smartphone,Local,Working,1.3,0.17,64.0,5.0,2,3947,429,23217.647058823528,Recent,Budget,Mobile
Battery,Asus,Repairable,3.5,0.39,,,1,329,53,843.5897435897435,Old,Budget,Accessory
Keyboard,Apple,Working,2.6,1.04,,,2,1812,218,1742.3076923076922,Recent,Premium,Computer
Tablet,LG,Repairable,1.9,0.48,512.0,11.4,1,7875,813,16406.25,Recent,Budget,Mobile
Keyboard,Samsung,Dead,1.1,1.13,,,3,276,39,244.2477876106195,Recent,Premium,Computer
Charger,Sony,Working,8.0,0.27,,,2,73,43,270.3703703703704,Very_Old,Premium,Accessory
Smartphone,HP,Working,6.1,0.22,512.0,5.8,1,3324,367,15109.09090909091,Very_Old,Budget,Mobile
Battery,Acer,Dead,0.6,0.49,,,3,206,31,420.40816326530614,New,Budget,Accessory
Mouse,Realme,Working,1.5,0.13,,,3,348,69,2676.9230769230767,Recent,Budget,Computer
Monitor,Generic,Working,4.6,3.24,,21.1,1,2201,261,679.3209876543209,Old,Budget,Computer
Keyboard,Dell,Working,2.9,0.57,,,2,1175,153,2061.40350877193,Recent,Premium,Computer
Speaker,Asus,Dead,1.2,1.4,,,3,652,78,465.7142857142857,Recent,Budget,Accessory
Tablet,Realme,Working,0.5,0.58,1024.0,10.4,1,8370,878,14431.034482758621,New,Budget,Mobile
Laptop,Samsung,Working,1.9,1.98,512.0,14.5,1,25374,2581,12815.151515151516,Recent,Premium,Computer
Charger,Local,Dead,2.7,0.26,,,1,55,16,211.53846153846152,Recent,Budget,Accessory
Headphones,Sony,Dead,2.3,0.26,,,1,427,53,1642.3076923076922,Recent,Premium,Accessory
Monitor,OnePlus,Dead,0.9,4.25,,25.8,2,1715,189,403.52941176470586,New,Budget,Computer
Mouse,OnePlus,Working,2.2,0.19,,,2,504,85,2652.6315789473683,Recent,Budget,Computer
Battery,Acer,Dead,2.6,0.71,,,2,159,26,223.943661971831,Recent,Budget,Accessory
Laptop,HP,Dead,1.1,1.89,512.0,14.2,1,5398,558,2856.084656084656,Recent,Budget,Computer
Mouse,HP,Working,3.2,0.1,,,3,384,73,3840.0,Old,Budget,Computer
Tablet,Apple,Dead,2.9,0.71,1024.0,11.4,2,3804,391,5357.7464788732395,Recent,Premium,Mobile
Keyboard,Samsung,Working,1.5,0.61,,,3,1289,164,2113.1147540983607,Recent,Premium,Computer
Headphones,Lenovo,Repairable,2.2,0.48,,,2,703,91,1464.5833333333335,Recent,Budget,Accessory
Laptop,Apple,Working,1.9,1.99,512.0,13.1,2,34891,3533,17533.165829145728,Recent,Premium,Computer
Smartphone,Generic,Working,1.3,0.23,256.0,5.8,1,6103,650,26534.782608695652,Recent,Budget,Mobile
Monitor,LG,Working,1.2,4.49,,29.9,2,7001,749,1559.2427616926502,Recent,Budget,Computer
Smartphone,Asus,Working,7.3,0.19,512.0,6.5,3,1375,172,7236.8421052631575,Very_Old,Budget,Mobile
Smartphone,Local,Repairable,1.6,0.21,128.0,6.3,3,1704,190,8114.285714285715,Recent,Budget,Mobile
Headphones,MSI,Dead,2.0,0.44,,,1,544,65,1236.3636363636363,Recent,Premium,Accessory
Smartphone,Sony,Repairable,1.0,0.22,512.0,5.6,2,7400,765,33636.36363636364,New,Premium,Mobile
Battery,MSI,Repairable,0.9,0.3,,,3,537,74,1790.0,New,Premium,Accessory
Smartphone,MSI,Working,1.4,0.21,256.0,6.5,3,9138,953,43514.28571428572,Recent,Premium,Mobile
Headphones,Generic,Dead,1.1,0.27,,,2,233,34,862.9629629629629,Recent,Budget,Accessory
Battery,Realme,Repairable,1.9,0.41,,,3,232,44,565.8536585365854,Recent,Budget,Accessory
Headphones,Dell,Dead,0.9,0.42,,,2,578,68,1376.1904761904761,New,Premium,Accessory
Monitor,Dell,Dead,1.7,6.57,,20.8,1,2242,247,341.24809741248094,Recent,Premium,Computer
Headphones,Samsung,Dead,7.3,0.45,,,3,62,17,137.77777777777777,Very_Old,Premium,Accessory
Headphones,Sony,Repairable,0.9,0.24,,,1,1145,134,4770.833333333334,New,Premium,Accessory
Headphones,Sony,Working,3.3,0.34,,,1,1874,223,5511.764705882352,Old,Premium,Accessory
Speaker,Apple,Working,3.2,2.21,,,2,3098,348,1401.8099547511313,Old,Premium,Accessory
Charger,Generic,Working,0.5,0.16,,,1,340,69,2125.0,New,Budget,Accessory
Keyboard,Apple,Repairable,0.5,0.52,,,2,1351,156,2598.076923076923,New,Premium,Computer
Charger,Xiaomi,Repairable,2.8,0.15,,,2,160,36,1066.6666666666667,Recent,Budget,Accessory
Battery,Apple,Repairable,3.6,0.45,,,1,481,69,1068.888888888889,Old,Premium,Accessory
Speaker,OnePlus,Working,5.9,1.69,,,1,845,122,500.0,Very_Old,Budget,Accessory
Tablet,Lenovo,Dead,1.9,0.71,128.0,9.3,1,2490,260,3507.042253521127,Recent,Budget,Mobile
Keyboard,Dell,Working,1.1,1.19,,,1,1418,178,1191.5966386554621,Recent,Premium,Computer
Speaker,Asus,Working,2.2,2.85,,,1,2169,257,761.0526315789474,Recent,Budget,Accessory
Smartphone,Dell,Repairable,7.6,0.24,256.0,5.4,2,866,106,3608.3333333333335,Very_Old,Premium,Mobile
Smartphone,OnePlus,Repairable,2.5,0.23,32.0,5.3,3,4740,494,20608.695652173912,Recent,Budget,Mobile
Headphones,Lenovo,Working,3.4,0.3,,,3,994,135,3313.3333333333335,Old,Budget,Accessory
Charger,OnePlus,Repairable,1.6,0.26,,,2,268,47,1030.7692307692307,Recent,Budget,Accessory
Charger,Samsung,Working,2.0,0.3,,,2,531,89,1770.0,Recent,Premium,Accessory
Mouse,Samsung,Working,2.4,0.14,,,2,620,97,4428.571428571428,Recent,Premium,Computer
Charger,Generic,Dead,2.9,0.29,,,2,50,16,172.41379310344828,Recent,Budget,Accessory
Battery,Local,Working,3.4,0.34,,,1,280,64,823.5294117647059,Old,Budget,Accessory
Speaker,MSI,Working,1.9,1.04,,,3,2116,248,2034.6153846153845,Recent,Premium,Accessory
Charger,Xiaomi,Dead,2.0,0.1,,,1,73,17,730.0,Recent,Budget,Accessory
Smartphone,Dell,Working,1.9,0.21,128.0,6.2,3,10307,1070,49080.95238095238,Recent,Premium,Mobile
Speaker,Apple,Working,1.6,2.86,,,1,4633,504,1619.93006993007,Recent,Premium,Accessory
Charger,OnePlus,Repairable,0.9,0.13,,,3,289,48,2223.076923076923,New,Budget,Accessory
Speaker,Acer,Working,2.1,2.58,,,1,2344,274,908.5271317829457,Recent,Budget,Accessory
Speaker,Apple,Repairable,2.5,2.97,,,1,1967,222,662.2895622895622,Recent,Premium,Accessory
Laptop,Samsung,Dead,0.7,2.74,64.0,16.1,2,6064,626,2213.1386861313867,New,Premium,Computer
Speaker,Asus,Repairable,6.8,2.39,,,2,321,57,134.30962343096235,Very_Old,Budget,Accessory
Laptop,Generic,Dead,1.7,2.05,32.0,15.5,2,2360,250,1151.219512195122,Recent,Budget,Computer
Mouse,OnePlus,Repairable,3.3,0.17,,,1,245,44,1441.1764705882351,Old,Budget,Computer
Speaker,Lenovo,Dead,1.9,2.58,,,2,505,65,195.73643410852713,Recent,Budget,Accessory
Charger,HP,Repairable,2.0,0.25,,,3,245,44,980.0,Recent,Budget,Accessory
Laptop,Acer,Working,1.6,2.84,1024.0,17.0,3,15742,1620,5542.957746478874,Recent,Budget,Computer
Battery,Sony,Working,0.8,0.31,,,2,1325,168,4274.193548387097,New,Premium,Accessory
Laptop,Local,Working,1.1,2.59,256.0,16.4,2,12212,1266,4715.057915057915,Recent,Budget,Computer
Keyboard,MSI,Repairable,8.0,0.71,,,2,99,30,139.43661971830986,Very_Old,Premium,Computer
Tablet,Local,Repairable,0.7,0.56,256.0,9.8,2,4017,422,7173.214285714285,New,Budget,Mobile
Tablet,Realme,Working,2.3,0.6,128.0,12.8,2,6973,738,11621.666666666668,Recent,Budget,Mobile
Laptop,Samsung,Repairable,0.6,2.36,512.0,14.9,3,18044,1834,7645.762711864407,New,Premium,Computer
Speaker,Xiaomi,Repairable,0.7,2.12,,,3,861,110,406.1320754716981,New,Budget,Accessory
Tablet,Local,Repairable,0.8,0.74,64.0,12.6,1,3510,372,4743.243243243243,New,Budget,Mobile
Headphones,MSI,Repairable,3.8,0.41,,,3,536,74,1307.3170731707319,Old,Premium,Accessory
Laptop,Dell,Dead,1.6,1.8,256.0,13.7,1,7769,795,4316.111111111111,Recent,Premium,Computer
Tablet,Samsung,Working,1.2,0.61,512.0,9.0,3,13964,1437,22891.803278688523,Recent,Premium,Mobile
Battery,Sony,Working,2.3,0.34,,,2,755,111,2220.5882352941176,Recent,Premium,Accessory
Monitor,Acer,Working,1.4,6.6,,24.5,2,6632,716,1004.8484848484849,Recent,Budget,Computer
Charger,Realme,Repairable,2.2,0.17,,,1,186,38,1094.1176470588234,Recent,Budget,Accessory
Smartphone,Samsung,Repairable,0.6,0.22,128.0,6.4,3,7099,734,32268.18181818182,New,Premium,Mobile
Battery,Asus,Repairable,0.9,0.45,,,3,550,76,1222.2222222222222,New,Budget,Accessory
Headphones,MSI,Repairable,0.7,0.44,,,1,1496,170,3400.0,New,Premium,Accessory
Tablet,Acer,Dead,3.1,0.44,512.0,11.3,1,2478,258,5631.818181818182,Old,Budget,Mobile
Smartphone,Realme,Repairable,4.1,0.15,1024.0,5.7,2,1662,186,11080.0,Old,Budget,Mobile
Battery,Sony,Repairable,0.8,0.58,,,2,720,93,1241.3793103448277,New,Premium,Accessory
Speaker,Lenovo,Dead,1.5,2.69,,,1,476,62,176.95167286245353,Recent,Budget,Accessory
Headphones,Xiaomi,Working,0.9,0.21,,,2,1296,164,6171.428571428572,New,Budget,Accessory
Mouse,Realme,Repairable,5.3,0.11,,,3,84,28,763.6363636363636,Very_Old,Budget,Computer
Headphones,Sony,Working,1.7,0.48,,,3,1542,190,3212.5,Recent,Premium,Accessory
Tablet,Apple,Dead,1.0,0.41,1024.0,9.4,3,4580,469,11170.731707317074,New,Premium,Mobile
Monitor,LG,Repairable,4.6,6.02,,25.9,2,2164,248,359.468438538206,Old,Budget,Computer
Speaker,Sony,Working,0.7,1.89,,,1,4087,447,2162.4338624338625,New,Premium,Accessory
Laptop,Lenovo,Working,4.1,2.84,256.0,13.4,1,17371,1783,6116.549295774648,Old,Budget,Computer
Tablet,Lenovo,Dead,1.0,0.4,128.0,8.5,3,2408,251,6020.0,New,Budget,Mobile
Laptop,Local,Working,1.8,2.52,128.0,16.0,1,11279,1172,4475.793650793651,Recent,Budget,Computer
Monitor,OnePlus,Dead,6.1,3.27,,27.6,3,419,58,128.13455657492355,Very_Old,Budget,Computer
Smartphone,Realme,Dead,1.2,0.18,512.0,5.5,2,1383,148,7683.333333333334,Recent,Budget,Mobile
Monitor,Apple,Repairable,1.9,5.2,,27.7,3,5278,562,1015.0,Recent,Premium,Computer
Charger,HP,Working,1.5,0.15,,,3,399,74,2660.0,Recent,Budget,Accessory
Battery,Acer,Repairable,1.4,0.67,,,1,530,74,791.044776119403,Recent,Budget,Accessory
Keyboard,Lenovo,Dead,2.7,0.66,,,3,208,31,315.1515151515151,Recent,Budget,Computer
Laptop,Xiaomi,Dead,2.2,2.23,256.0,15.0,1,3815,395,1710.762331838565,Recent,Budget,Computer
Tablet,Lenovo,Repairable,2.2,0.69,32.0,11.7,3,4304,451,6237.68115942029,Recent,Budget,Mobile
Laptop,Acer,Dead,0.8,1.6,1024.0,16.8,1,6837,701,4273.125,New,Budget,Computer
Tablet,OnePlus,Working,0.6,0.58,256.0,10.4,2,13926,1433,24010.34482758621,New,Budget,Mobile
Mouse,Asus,Dead,4.0,0.2,,,3,89,18,445.0,Old,Budget,Computer
Charger,Local,Dead,1.4,0.22,,,2,50,15,227.27272727272728,Recent,Budget,Accessory
Mouse,Sony,Working,5.3,0.19,,,2,315,66,1657.8947368421052,Very_Old,Premium,Computer
Smartphone,Asus,Repairable,1.3,0.18,64.0,6.5,1,4758,495,26433.333333333336,Recent,Budget,Mobile
Battery,Generic,Dead,1.7,0.46,,,2,106,21,230.43478260869566,Recent,Budget,Accessory
Headphones,Xiaomi,Working,3.9,0.24,,,3,854,120,3558.3333333333335,Old,Budget,Accessory
Keyboard,Lenovo,Working,5.1,1.16,,,2,532,90,458.62068965517244,Very_Old,Budget,Computer
Laptop,OnePlus,Dead,1.0,2.06,1024.0,13.7,1,6259,644,3038.349514563107,New,Budget,Computer
Battery,Samsung,Repairable,2.4,0.54,,,2,600,81,1111.111111111111,Recent,Premium,Accessory
Tablet,Apple,Repairable,0.6,0.66,128.0,11.7,2,12923,1318,19580.30303030303,New,Premium,Mobile
Speaker,HP,Repairable,4.8,2.46,,,2,834,108,339.0243902439024,Old,Budget,Accessory
Tablet,Local,Working,1.3,0.6,64.0,8.0,3,3978,433,6630.0,Recent,Budget,Mobile
Keyboard,Xiaomi,Dead,1.0,0.57,,,2,191,30,335.08771929824564,New,Budget,Computer
Charger,OnePlus,Repairable,0.9,0.11,,,1,384,58,3490.909090909091,New,Budget,Accessory
Laptop,Local,Dead,0.5,2.6,128.0,16.6,2,2124,227,816.9230769230769,New,Budget,Computer
Keyboard,Sony,Working,5.0,0.96,,,2,723,109,753.125,Old,Premium,Computer
Tablet,Xiaomi,Dead,0.5,0.79,1024.0,12.4,1,3142,326,3977.2151898734173,New,Budget,Mobile
Battery,Acer,Working,2.7,0.47,,,3,687,104,1461.7021276595744,Recent,Budget,Accessory
Keyboard,Realme,Repairable,1.2,0.89,,,1,387,60,434.8314606741573,Recent,Budget,Computer
Headphones,Lenovo,Repairable,5.6,0.24,,,3,303,50,1262.5,Very_Old,Budget,Accessory
Battery,Apple,Repairable,2.1,0.68,,,2,741,95,1089.705882352941,Recent,Premium,Accessory
Charger,LG,Working,1.0,0.1,,,2,555,90,5550.0,New,Budget,Accessory
Battery,Lenovo,Dead,8.0,0.7,,,1,55,16,78.57142857142857,Very_Old,Budget,Accessory
Monitor,Sony,Repairable,5.2,5.05,,25.2,1,2280,258,451.4851485148515,Very_Old,Premium,Computer
Keyboard,LG,Working,1.7,1.04,,,3,1035,140,995.1923076923076,Recent,Budget,Computer
Mouse,HP,Dead,1.3,0.13,,,1,136,23,1046.1538461538462,Recent,Budget,Computer
Speaker,Realme,Working,2.3,1.46,,,2,1132,151,775.3424657534247,Recent,Budget,Accessory
Smartphone,Acer,Working,2.6,0.22,256.0,5.9,1,8936,933,40618.181818181816,Recent,Budget,Mobile
Charger,Local,Working,5.0,0.29,,,3,105,46,362.0689655172414,Old,Budget,Accessory
Laptop,Asus,Working,2.5,1.96,64.0,14.1,2,22802,2324,11633.673469387755,Recent,Budget,Computer
Monitor,Dell,Dead,1.0,5.21,,31.7,2,1694,189,325.14395393474086,New,Premium,Computer
Monitor,Lenovo,Dead,2.3,5.78,,25.5,3,1371,159,237.19723183391002,Recent,Budget,Computer
Charger,LG,Working,0.6,0.22,,,3,519,86,2359.090909090909,New,Budget,Accessory
Smartphone,Apple,Dead,1.6,0.23,512.0,5.4,1,3527,362,15334.782608695652,Recent,Premium,Mobile
Battery,MSI,Repairable,0.9,0.49,,,1,762,97,1555.1020408163265,New,Premium,Accessory
Headphones,Apple,Working,4.0,0.31,,,3,1701,206,5487.096774193548,Old,Premium,Accessory
Monitor,Apple,Working,3.1,4.21,,31.6,1,8412,889,1998.0997624703089,Old,Premium,Computer
Battery,Asus,Repairable,2.4,0.79,,,3,377,59,477.2151898734177,Recent,Budget,Accessory
Headphones,Generic,Working,2.9,0.27,,,1,759,111,2811.111111111111,Recent,Budget,Accessory
Battery,Apple,Working,1.9,0.46,,,3,1058,141,2300.0,Recent,Premium,Accessory
Speaker,Local,Working,1.1,1.07,,,3,1099,146,1027.1028037383178,Recent,Budget,Accessory
Battery,HP,Dead,1.9,0.35,,,3,163,27,465.7142857142857,Recent,Budget,Accessory
Charger,LG,Repairable,0.7,0.22,,,1,260,46,1181.8181818181818,New,Budget,Accessory
Headphones,Xiaomi,Working,3.3,0.21,,,1,933,128,4442.857142857143,Old,Budget,Accessory
Speaker,Xiaomi,Working,4.9,2.44,,,2,711,111,291.39344262295083,Old,Budget,Accessory
Monitor,LG,Repairable,3.9,5.47,,26.8,2,2799,310,511.7001828153565,Old,Budget,Computer
Mouse,OnePlus,Working,2.8,0.2,,,1,508,85,2540.0,Recent,Budget,Computer
Keyboard,Acer,Working,2.5,0.82,,,2,742,111,904.8780487804878,Recent,Budget,Computer
Mouse,Acer,Working,0.5,0.11,,,1,712,106,6472.727272727273,New,Budget,Computer
Smartphone,LG,Dead,2.2,0.21,256.0,5.8,2,1628,172,7752.380952380952,Recent,Budget,Mobile
Speaker,Samsung,Repairable,5.7,1.8,,,2,650,89,361.1111111111111,Very_Old,Premium,Accessory
Laptop,Samsung,Repairable,3.5,2.68,64.0,16.4,3,9022,932,3366.417910447761,Old,Premium,Computer
Keyboard,Realme,Working,1.5,1.12,,,1,736,110,657.1428571428571,Recent,Budget,Computer
Speaker,Generic,Repairable,1.2,1.11,,,3,724,94,652.2522522522522,Recent,Budget,Accessory
Speaker,MSI,Working,1.6,1.46,,,3,2194,257,1502.7397260273974,Recent,Premium,Accessory
Headphones,LG,Working,5.1,0.45,,,2,850,121,1888.888888888889,Very_Old,Budget,Accessory
Tablet,Apple,Working,2.4,0.59,512.0,12.5,2,17533,1794,29716.949152542373,Recent,Premium,Mobile
Smartphone,Lenovo,Repairable,0.8,0.19,512.0,5.9,3,4847,504,25510.526315789473,New,Budget,Mobile
Mouse,Xiaomi,Working,1.7,0.15,,,2,354,70,2360.0,Recent,Budget,Computer
Charger,Xiaomi,Repairable,1.9,0.15,,,2,151,35,1006.6666666666667,Recent,Budget,Accessory
Laptop,Local,Working,0.6,2.64,1024.0,15.5,1,12403,1285,4698.10606060606,New,Budget,Computer
Tablet,MSI,Working,3.1,0.67,512.0,9.9,3,10383,1079,15497.014925373134,Old,Premium,Mobile
Tablet,HP,Repairable,1.4,0.66,32.0,12.2,1,7671,793,11622.727272727272,Recent,Budget,Mobile
Battery,Xiaomi,Working,4.7,0.39,,,3,262,62,671.7948717948718,Old,Budget,Accessory
Keyboard,Dell,Repairable,2.5,0.71,,,2,514,72,723.943661971831,Recent,Premium,Computer
Battery,Apple,Working,4.9,0.41,,,2,847,120,2065.8536585365855,Old,Premium,Accessory
Headphones,Acer,Dead,3.0,0.43,,,2,254,36,590.6976744186046,Recent,Budget,Accessory
Mouse,Sony,Repairable,1.0,0.15,,,2,348,54,2320.0,New,Premium,Computer
Tablet,Dell,Working,1.2,0.53,1024.0,9.0,1,15121,1553,28530.188679245282,Recent,Premium,Mobile
Speaker,Acer,Working,3.6,1.33,,,2,1198,157,900.7518796992481,Old,Budget,Accessory
Keyboard,Xiaomi,Working,2.5,1.18,,,2,679,104,575.4237288135594,Recent,Budget,Computer
Tablet,Dell,Repairable,0.8,0.63,256.0,11.8,1,11572,1183,18368.25396825397,New,Premium,Mobile
Battery,Dell,Working,2.4,0.46,,,1,1010,137,2195.6521739130435,Recent,Premium,Accessory
Smartphone,Lenovo,Repairable,0.7,0.22,64.0,6.7,2,5766,601,26209.090909090908,New,Budget,Mobile
Mouse,Xiaomi,Working,1.1,0.1,,,1,506,85,5060.0,Recent,Budget,Computer
Keyboard,Realme,Working,3.0,1.05,,,2,511,88,486.66666666666663,Recent,Budget,Computer
Mouse,Local,Working,1.1,0.15,,,2,263,61,1753.3333333333335,Recent,Budget,Computer
Monitor,Lenovo,Working,4.4,5.37,,26.5,3,4082,454,760.1489757914338,Old,Budget,Computer
Battery,Realme,Repairable,3.5,0.47,,,2,241,45,512.7659574468086,Old,Budget,Accessory
Battery,Local,Working,1.1,0.57,,,2,375,73,657.8947368421053,Recent,Budget,Accessory
Monitor,Samsung,Repairable,1.8,4.59,,31.6,1,4598,488,1001.7429193899783,Recent,Premium,Computer
Monitor,Lenovo,Working,0.8,6.94,,19.3,2,9258,979,1334.0057636887607,New,Budget,Computer
Tablet,MSI,Repairable,2.9,0.5,1024.0,10.0,3,4795,500,9590.0,Recent,Premium,Mobile
Charger,Realme,Dead,6.0,0.1,,,2,50,15,500.0,Very_Old,Budget,Accessory
Headphones,MSI,Repairable,1.9,0.46,,,2,878,108,1908.695652173913,Recent,Premium,Accessory
Keyboard,HP,Working,2.8,0.98,,,3,995,136,1015.3061224489796,Recent,Budget,Computer
Monitor,Samsung,Dead,6.2,7.12,,25.1,2,527,76,74.01685393258427,Very_Old,Premium,Computer
Tablet,Dell,Repairable,1.5,0.52,32.0,9.9,2,7317,757,14071.153846153846,Recent,Premium,Mobile
Smartphone,Dell,Repairable,1.6,0.25,256.0,6.7,2,5068,531,20272.0,Recent,Premium,Mobile
Keyboard,Sony,Working,1.8,0.94,,,3,1350,172,1436.1702127659576,Recent,Premium,Computer
Monitor,OnePlus,Working,1.4,5.15,,23.9,3,6755,725,1311.6504854368932,Recent,Budget,Computer
Keyboard,Sony,Working,5.7,1.08,,,2,451,82,417.59259259259255,Very_Old,Premium,Computer
Mouse,Samsung,Dead,0.7,0.14,,,3,145,24,1035.7142857142856,New,Premium,Computer
Tablet,Asus,Dead,2.4,0.46,1024.0,8.0,1,3129,323,6802.173913043478,Recent,Budget,Mobile
Battery,OnePlus,Repairable,1.3,0.64,,,2,528,73,825.0,Recent,Budget,Accessory
Headphones,Asus,Working,8.0,0.46,,,3,199,55,432.6086956521739,Very_Old,Budget,Accessory
Charger,Dell,Working,0.6,0.27,,,2,731,109,2707.4074074074074,New,Premium,Accessory
Keyboard,MSI,Repairable,3.9,0.59,,,3,523,73,886.4406779661017,Old,Premium,Computer
Monitor,Realme,Repairable,1.1,6.62,,22.1,3,2671,300,403.4743202416918,Recent,Budget,Computer
Monitor,LG,Working,5.3,4.55,,22.7,3,3346,378,735.3846153846154,Very_Old,Budget,Computer
Smartphone,HP,Repairable,6.6,0.16,512.0,6.0,1,1718,191,10737.5,Very_Old,Budget,Mobile
Speaker,Lenovo,Working,1.8,1.45,,,3,2184,256,1506.2068965517242,Recent,Budget,Accessory
Headphones,OnePlus,Dead,0.9,0.37,,,2,434,54,1172.972972972973,New,Budget,Accessory
Smartphone,Asus,Working,6.7,0.15,256.0,5.4,2,2220,257,14800.0,Very_Old,Budget,Mobile
Headphones,Lenovo,Repairable,1.6,0.27,,,3,837,104,3100.0,Recent,Budget,Accessory
Smartphone,Generic,Repairable,4.6,0.22,256.0,5.2,3,1441,164,6550.0,Old,Budget,Mobile
Keyboard,Xiaomi,Working,2.9,0.62,,,3,680,104,1096.774193548387,Recent,Budget,Computer
Mouse,MSI,Working,1.1,0.14,,,2,690,104,4928.571428571428,Recent,Premium,Computer
Speaker,Local,Repairable,4.4,1.25,,,3,305,52,244.0,Old,Budget,Accessory
Tablet,Generic,Dead,0.8,0.68,32.0,10.1,2,1891,200,2780.882352941176,New,Budget,Mobile
Laptop,Apple,Repairable,1.8,2.89,1024.0,15.0,1,21093,2140,7298.615916955017,Recent,Premium,Computer
Laptop,Generic,Repairable,2.2,2.53,64.0,16.3,2,4559,480,1801.9762845849805,Recent,Budget,Computer
Smartphone,Sony,Dead,1.6,0.16,128.0,5.7,3,2371,247,14818.75,Recent,Premium,Mobile
Tablet,Local,Dead,0.7,0.65,1024.0,12.3,3,1567,167,2410.7692307692305,New,Budget,Mobile
Mouse,Apple,Dead,6.8,0.19,,,2,50,15,263.1578947368421,Very_Old,Premium,Computer
Smartphone,Samsung,Working,1.5,0.23,512.0,6.1,1,12819,1321,55734.78260869565,Recent,Premium,Mobile
Headphones,Samsung,Working,2.4,0.31,,,1,2484,284,8012.903225806452,Recent,Premium,Accessory
Speaker,HP,Repairable,1.9,1.93,,,2,1555,179,805.699481865285,Recent,Budget,Accessory
Smartphone,Lenovo,Working,1.9,0.17,128.0,6.5,1,9155,955,53852.94117647059,Recent,Budget,Mobile
Keyboard,Realme,Dead,3.5,1.05,,,1,145,26,138.0952380952381,Old,Budget,Computer
Keyboard,Samsung,Working,1.1,1.1,,,1,2011,238,1828.181818181818,Recent,Premium,Computer
Laptop,Dell,Working,0.9,1.7,1024.0,16.5,3,31086,3151,18285.88235294118,New,Premium,Computer
Tablet,MSI,Working,5.0,0.75,1024.0,11.2,2,7560,798,10080.0,Old,Premium,Mobile
Laptop,Local,Repairable,2.1,1.58,64.0,15.0,2,5031,531,3184.177215189873,Recent,Budget,Computer
Monitor,Acer,Dead,2.6,5.51,,21.2,1,1357,156,246.27949183303087,Recent,Budget,Computer
Smartphone,LG,Repairable,1.2,0.17,64.0,6.8,1,4776,497,28094.11764705882,Recent,Budget,Mobile
Speaker,Sony,Repairable,0.8,1.54,,,3,1534,176,996.1038961038961,New,Premium,Accessory
Headphones,Local,Working,2.4,0.25,,,3,698,104,2792.0,Recent,Budget,Accessory
Headphones,Acer,Repairable,3.6,0.27,,,1,601,81,2225.9259259259256,Old,Budget,Accessory
Charger,Realme,Working,6.1,0.27,,,3,94,45,348.14814814814815,Very_Old,Budget,Accessory
Mouse,Xiaomi,Dead,0.7,0.14,,,2,113,21,807.1428571428571,New,Budget,Computer
Tablet,Apple,Dead,0.9,0.58,512.0,9.6,2,5512,567,9503.448275862069,New,Premium,Mobile
Mouse,Realme,Working,3.5,0.18,,,3,220,57,1222.2222222222222,Old,Budget,Computer
Charger,Asus,Dead,4.1,0.12,,,3,75,17,625.0,Old,Budget,Accessory
Monitor,Sony,Repairable,0.8,3.41,,25.1,2,5216,553,1529.6187683284456,New,Premium,Computer
Headphones,Samsung,Repairable,5.3,0.31,,,1,539,74,1738.7096774193549,Very_Old,Premium,Accessory
Monitor,Xiaomi,Working,1.9,5.28,,28.0,3,4066,452,770.0757575757575,Recent,Budget,Computer
Mouse,Asus,Repairable,3.4,0.19,,,2,296,49,1557.8947368421052,Old,Budget,Computer
Keyboard,Realme,Working,1.1,1.0,,,2,756,112,756.0,Recent,Budget,Computer
Speaker,Local,Working,2.8,1.95,,,3,931,132,477.43589743589746,Recent,Budget,Accessory
Charger,Generic,Dead,3.1,0.29,,,1,56,16,193.1034482758621,Old,Budget,Accessory
Keyboard,Sony,Working,5.2,1.07,,,3,562,93,525.233644859813,Very_Old,Premium,Computer
Tablet,Local,Working,1.1,0.55,64.0,10.6,2,4559,491,8289.090909090908,Recent,Budget,Mobile
Tablet,MSI,Working,1.9,0.61,512.0,12.5,2,17073,1748,27988.524590163935,Recent,Premium,Mobile
Speaker,Acer,Repairable,0.9,1.74,,,2,1211,144,695.9770114942529,New,Budget,Accessory
Monitor,Lenovo,Repairable,1.4,6.99,,26.4,2,3881,422,555.2217453505007,Recent,Budget,Computer
Keyboard,Asus,Repairable,4.3,1.06,,,1,382,60,360.377358490566,Old,Budget,Computer
Monitor,MSI,Dead,3.0,5.18,,19.7,3,1238,143,238.996138996139,Recent,Premium,Computer
Laptop,LG,Repairable,1.8,2.03,128.0,15.8,3,8563,885,4218.226600985222,Recent,Budget,Computer
Battery,Realme,Working,3.4,0.42,,,2,331,69,788.0952380952381,Old,Budget,Accessory
Headphones,Local,Repairable,4.3,0.2,,,2,299,49,1495.0,Old,Budget,Accessory
Mouse,HP,Dead,2.5,0.13,,,2,113,21,869.2307692307692,Recent,Budget,Computer
Tablet,Dell,Repairable,0.5,0.49,32.0,11.0,3,6583,684,13434.69387755102,New,Premium,Mobile
Headphones,MSI,Dead,0.9,0.36,,,3,487,59,1352.7777777777778,New,Premium,Accessory
Keyboard,LG,Working,1.2,0.52,,,1,1098,145,2111.5384615384614,Recent,Budget,Computer
Tablet,HP,Dead,0.6,0.7,128.0,11.9,2,3098,320,4425.714285714286,New,Budget,Mobile
Tablet,HP,Dead,1.6,0.58,256.0,11.5,1,3538,364,6100.0,Recent,Budget,Mobile
Monitor,Dell,Repairable,1.1,3.61,,23.3,3,4361,463,1208.03324099723,Recent,Premium,Computer
Charger,Apple,Repairable,1.7,0.23,,,2,400,60,1739.1304347826085,Recent,Premium,Accessory
Keyboard,OnePlus,Repairable,2.4,0.88,,,2,655,87,744.3181818181819,Recent,Budget,Computer
Keyboard,Asus,Working,2.9,0.87,,,2,1090,146,1252.8735632183907,Recent,Budget,Computer
Monitor,MSI,Dead,4.6,5.16,,28.9,2,1012,121,196.12403100775194,Old,Premium,Computer
Charger,MSI,Dead,2.2,0.11,,,2,133,23,1209.090909090909,Recent,Premium,Accessory
Charger,Local,Working,0.6,0.25,,,2,266,61,1064.0,New,Budget,Accessory
Battery,Realme,Working,6.6,0.33,,,1,162,52,490.9090909090909,Very_Old,Budget,Accessory
Keyboard,Asus,Repairable,1.6,0.73,,,2,567,77,776.7123287671233,Recent,Budget,Computer
Monitor,Local,Repairable,2.2,5.4,,27.0,3,1171,148,216.85185185185185,Recent,Budget,Computer
Charger,Sony,Working,3.2,0.25,,,3,436,78,1744.0,Old,Premium,Accessory
Speaker,Realme,Dead,1.6,2.91,,,3,350,51,120.27491408934708,Recent,Budget,Accessory
Monitor,Dell,Repairable,1.2,3.8,,24.2,1,5008,533,1317.8947368421054,Recent,Premium,Computer
Headphones,LG,Working,2.2,0.38,,,2,1737,209,4571.0526315789475,Recent,Budget,Accessory
Tablet,LG,Working,1.9,0.44,128.0,9.5,2,12622,1303,28686.363636363636,Recent,Budget,Mobile
Keyboard,Apple,Working,7.6,0.58,,,3,249,60,429.3103448275862,Very_Old,Premium,Computer
Tablet,Dell,Working,0.7,0.49,512.0,11.5,3,12546,1295,25604.081632653062,New,Premium,Mobile
Keyboard,MSI,Working,4.3,0.8,,,2,958,132,1197.5,Old,Premium,Computer
Laptop,Asus,Dead,2.3,2.45,32.0,14.2,1,5710,591,2330.612244897959,Recent,Budget,Computer
Tablet,Realme,Repairable,1.4,0.76,1024.0,12.8,2,5204,547,6847.368421052632,Recent,Budget,Mobile
Keyboard,Asus,Dead,5.1,0.59,,,2,158,26,267.79661016949154,Very_Old,Budget,Computer
Smartphone,Lenovo,Repairable,1.6,0.25,1024.0,6.0,2,5075,532,20300.0,Recent,Budget,Mobile
Speaker,MSI,Dead,2.0,1.64,,,2,492,62,300.0,Recent,Premium,Accessory
Charger,MSI,Repairable,5.0,0.26,,,2,125,33,480.7692307692308,Old,Premium,Accessory
Mouse,Sony,Working,3.5,0.16,,,1,519,86,3243.75,Old,Premium,Computer
Battery,OnePlus,Dead,1.1,0.73,,,3,228,33,312.32876712328766,Recent,Budget,Accessory
Laptop,Dell,Working,2.1,2.41,1024.0,14.9,2,20354,2080,8445.643153526971,Recent,Premium,Computer
Monitor,OnePlus,Dead,0.9,4.04,,30.8,3,1846,202,456.9306930693069,New,Budget,Computer
Keyboard,LG,Working,1.5,0.65,,,1,1366,172,2101.5384615384614,Recent,Budget,Computer
Laptop,Generic,Repairable,4.6,2.62,128.0,15.1,1,4156,440,1586.2595419847328,Old,Budget,Computer
Speaker,Asus,Working,3.3,1.28,,,2,1770,215,1382.8125,Old,Budget,Accessory
Headphones,MSI,Dead,1.5,0.35,,,2,562,67,1605.7142857142858,Recent,Premium,Accessory
Tablet,Lenovo,Working,4.6,0.45,32.0,9.8,2,5568,597,12373.333333333332,Old,Budget,Mobile
Headphones,Asus,Working,1.2,0.38,,,1,2559,291,6734.210526315789,Recent,Budget,Accessory
Smartphone,OnePlus,Repairable,7.1,0.22,64.0,5.9,1,1165,136,5295.454545454545,Very_Old,Budget,Mobile
Mouse,Samsung,Working,1.0,0.15,,,1,900,125,6000.0,New,Premium,Computer
Keyboard,LG,Dead,3.2,0.65,,,2,193,30,296.9230769230769,Old,Budget,Computer
Keyboard,Acer,Repairable,1.4,1.17,,,3,512,73,437.60683760683764,Recent,Budget,Computer
Mouse,Realme,Repairable,3.3,0.18,,,1,147,34,816.6666666666667,Old,Budget,Computer
Charger,Apple,Working,2.2,0.28,,,3,614,97,2192.8571428571427,Recent,Premium,Accessory
Laptop,LG,Repairable,6.3,1.82,1024.0,16.6,1,3301,354,1813.7362637362637,Very_Old,Budget,Computer
Headphones,LG,Repairable,4.3,0.5,,,1,659,86,1318.0,Old,Budget,Accessory
Headphones,Acer,Repairable,6.0,0.45,,,3,302,51,671.1111111111111,Very_Old,Budget,Accessory
Battery,Samsung,Dead,2.2,0.49,,,2,272,38,555.1020408163265,Recent,Premium,Accessory
Headphones,Realme,Repairable,1.6,0.36,,,3,523,73,1452.7777777777778,Recent,Budget,Accessory
Monitor,Acer,Dead,2.2,5.35,,30.5,2,1085,129,202.80373831775702,Recent,Budget,Computer
Keyboard,HP,Dead,1.7,0.91,,,2,245,36,269.2307692307692,Recent,Budget,Computer
Tablet,Lenovo,Repairable,0.5,0.5,32.0,8.5,2,7830,809,15660.0,New,Budget,Mobile
Tablet,Asus,Working,5.3,0.49,32.0,8.9,2,5007,541,10218.367346938776,Very_Old,Budget,Mobile
Smartphone,MSI,Repairable,0.5,0.23,64.0,6.1,1,8116,836,35286.95652173913,New,Premium,Mobile
Keyboard,Realme,Dead,0.9,0.7,,,2,186,29,265.7142857142857,New,Budget,Computer
Laptop,HP,Working,6.7,1.87,1024.0,14.8,2,6432,687,3439.572192513369,Very_Old,Budget,Computer
Laptop,Realme,Working,1.2,2.18,1024.0,16.2,2,12423,1286,5698.623853211009,Recent,Budget,Computer
Keyboard,Realme,Repairable,1.1,1.01,,,2,352,57,348.51485148514854,Recent,Budget,Computer
Mouse,LG,Repairable,6.7,0.12,,,2,87,28,725.0,Very_Old,Budget,Computer
Charger,Sony,Working,3.8,0.29,,,3,328,68,1131.0344827586207,Old,Premium,Accessory
Tablet,Xiaomi,Dead,3.1,0.55,256.0,10.2,1,1594,170,2898.181818181818,Old,Budget,Mobile
Tablet,Asus,Working,0.9,0.79,256.0,10.9,1,14118,1453,17870.886075949365,New,Budget,Mobile
Speaker,Samsung,Repairable,2.5,2.08,,,2,1461,170,702.4038461538461,Recent,Premium,Accessory
Charger,Samsung,Working,0.7,0.21,,,3,549,89,2614.285714285714,New,Premium,Accessory
Charger,Lenovo,Working,6.1,0.25,,,2,182,53,728.0,Very_Old,Budget,Accessory
Keyboard,Apple,Working,0.6,0.7,,,2,1907,226,2724.2857142857147,New,Premium,Computer
Speaker,Sony,Repairable,0.5,1.48,,,2,1833,206,1238.5135135135135,New,Premium,Accessory
Smartphone,MSI,Dead,1.0,0.2,512.0,6.2,3,2943,304,14715.0,New,Premium,Mobile
Monitor,LG,Dead,1.5,4.86,,21.3,1,1755,195,361.1111111111111,Recent,Budget,Computer
Speaker,Generic,Working,2.5,1.73,,,2,1246,162,720.2312138728324,Recent,Budget,Accessory
Monitor,Samsung,Repairable,3.3,6.05,,21.7,1,3695,401,610.7438016528926,Old,Premium,Computer
Tablet,MSI,Dead,3.5,0.59,1024.0,9.0,3,1993,210,3377.9661016949153,Old,Premium,Mobile
Mouse,LG,Working,0.9,0.18,,,1,626,97,3477.777777777778,New,Budget,Computer
Speaker,Lenovo,Working,2.0,1.9,,,2,2243,263,1180.5263157894738,Recent,Budget,Accessory
Laptop,Asus,Dead,4.7,2.8,1024.0,13.1,3,2666,282,952.1428571428572,Old,Budget,Computer
Charger,OnePlus,Repairable,1.6,0.22,,,2,278,47,1263.6363636363637,Recent,Budget,Accessory
Battery,Xiaomi,Dead,2.6,0.38,,,1,144,25,378.9473684210526,Recent,Budget,Accessory
Keyboard,Dell,Dead,0.9,1.03,,,1,358,47,347.5728155339806,New,Premium,Computer
Headphones,Apple,Repairable,3.0,0.21,,,2,1165,136,5547.619047619048,Recent,Premium,Accessory
Keyboard,Asus,Working,2.9,0.66,,,3,1023,138,1550.0,Recent,Budget,Computer
Battery,Realme,Repairable,2.5,0.59,,,3,218,42,369.49152542372883,Recent,Budget,Accessory
Battery,HP,Repairable,1.8,0.6,,,2,488,69,813.3333333333334,Recent,Budget,Accessory
Tablet,Realme,Repairable,2.9,0.57,32.0,9.0,2,2814,302,4936.842105263158,Recent,Budget,Mobile
Battery,Apple,Working,0.5,0.45,,,1,1995,235,4433.333333333333,New,Premium,Accessory
Speaker,Asus,Repairable,3.7,1.4,,,1,1217,144,869.2857142857143,Old,Budget,Accessory
Charger,Apple,Repairable,1.9,0.28,,,3,379,58,1353.5714285714284,Recent,Premium,Accessory
Battery,OnePlus,Repairable,3.1,0.34,,,1,386,59,1135.2941176470588,Old,Budget,Accessory
Tablet,Xiaomi,Working,0.5,0.69,64.0,11.9,1,10085,1049,14615.942028985508,New,Budget,Mobile
Monitor,Sony,Working,1.3,7.1,,21.3,1,8023,856,1130.0,Recent,Premium,Computer
Smartphone,HP,Repairable,1.3,0.19,256.0,6.4,1,6044,629,31810.526315789473,Recent,Budget,Mobile
Speaker,Xiaomi,Dead,0.7,1.7,,,3,449,57,264.11764705882354,New,Budget,Accessory
Keyboard,OnePlus,Repairable,0.6,1.16,,,3,838,105,722.4137931034484,New,Budget,Computer
Charger,Generic,Dead,0.7,0.16,,,1,69,16,431.25,New,Budget,Accessory
Keyboard,Acer,Dead,3.5,0.92,,,1,202,32,219.56521739130434,Old,Budget,Computer
Smartphone,Asus,Repairable,3.3,0.16,512.0,6.3,3,4269,446,26681.25,Old,Budget,Mobile
Battery,Samsung,Dead,2.2,0.74,,,3,225,33,304.05405405405406,Recent,Premium,Accessory
Mouse,Samsung,Repairable,1.0,0.14,,,2,430,63,3071.428571428571,New,Premium,Computer
Mouse,Acer,Working,0.6,0.2,,,2,514,86,2570.0,New,Budget,Computer
Smartphone,Lenovo,Dead,2.9,0.2,1024.0,6.7,3,1295,139,6475.0,Recent,Budget,Mobile
Charger,LG,Repairable,4.3,0.2,,,2,133,33,665.0,Old,Budget,Accessory
Keyboard,LG,Dead,0.8,0.75,,,1,296,41,394.6666666666667,New,Budget,Computer
Headphones,MSI,Dead,1.9,0.49,,,3,418,52,853.0612244897959,Recent,Premium,Accessory
Laptop,Acer,Working,4.9,2.48,256.0,16.4,2,10208,1065,4116.129032258064,Old,Budget,Computer
Tablet,Local,Working,1.8,0.75,256.0,8.6,1,5652,607,7536.0,Recent,Budget,Mobile
Laptop,Sony,Repairable,4.4,2.38,32.0,16.8,2,8686,898,3649.5798319327732,Old,Premium,Computer
Keyboard,MSI,Working,0.6,0.85,,,1,1639,200,1928.235294117647,New,Premium,Computer
Headphones,Acer,Repairable,2.5,0.44,,,3,603,81,1370.4545454545455,Recent,Budget,Accessory
Headphones,Realme,Working,2.1,0.41,,,1,959,131,2339.0243902439024,Recent,Budget,Accessory
Tablet,Dell,Repairable,3.9,0.64,32.0,9.7,1,6283,654,9817.1875,Old,Premium,Mobile
Charger,Realme,Working,0.7,0.2,,,1,306,65,1530.0,New,Budget,Accessory
Tablet,Realme,Repairable,7.5,0.42,256.0,10.6,3,535,74,1273.8095238095239,Very_Old,Budget,Mobile
Headphones,Dell,Repairable,1.4,0.22,,,2,1191,139,5413.636363636364,Recent,Premium,Accessory
Tablet,Realme,Working,2.3,0.51,256.0,9.5,1,9279,968,18194.11764705882,Recent,Budget,Mobile
Monitor,Apple,Dead,1.7,5.72,,31.1,2,2167,237,378.84615384615387,Recent,Premium,Computer
Tablet,Realme,Working,1.4,0.43,128.0,10.9,3,6507,691,15132.558139534884,Recent,Budget,Mobile
Mouse,LG,Repairable,1.9,0.17,,,3,220,42,1294.1176470588234,Recent,Budget,Computer
Charger,Asus,Working,1.2,0.26,,,3,400,76,1538.4615384615383,Recent,Budget,Accessory
Charger,OnePlus,Working,4.4,0.12,,,3,301,65,2508.3333333333335,Old,Budget,Accessory
Keyboard,Asus,Working,1.4,0.93,,,2,1118,148,1202.1505376344085,Recent,Budget,Computer
Tablet,Xiaomi,Dead,0.6,0.49,32.0,9.5,2,1896,200,3869.387755102041,New,Budget,Mobile
Laptop,Sony,Working,1.9,2.38,64.0,15.6,1,28027,2847,11776.050420168067,Recent,Premium,Computer
Headphones,Realme,Dead,2.4,0.32,,,3,200,31,625.0,Recent,Budget,Accessory
Monitor,Sony,Repairable,1.6,7.21,,19.1,2,3935,427,545.7697642163662,Recent,Premium,Computer
Smartphone,Generic,Repairable,2.6,0.17,512.0,6.5,3,2480,268,14588.235294117647,Recent,Budget,Mobile
Monitor,Sony,Repairable,0.7,3.53,,26.9,2,4992,526,1414.1643059490086,New,Premium,Computer
Laptop,Sony,Repairable,1.1,2.58,128.0,14.3,2,14348,1464,5561.240310077519,Recent,Premium,Computer
Mouse,Generic,Repairable,0.6,0.18,,,3,156,35,866.6666666666667,New,Budget,Computer
Smartphone,Xiaomi,Repairable,4.1,0.19,64.0,6.6,1,2419,261,12731.578947368422,Old,Budget,Mobile
Tablet,Acer,Dead,4.5,0.55,64.0,11.8,1,1341,145,2438.181818181818,Old,Budget,Mobile
Keyboard,Dell,Working,1.6,0.63,,,2,1586,194,2517.4603174603176,Recent,Premium,Computer
Mouse,Lenovo,Working,0.9,0.1,,,1,566,91,5660.0,New,Budget,Computer
Laptop,Local,Dead,2.4,2.49,512.0,14.3,2,1901,205,763.4538152610442,Recent,Budget,Computer
Monitor,HP,Working,1.3,6.4,,31.1,3,5854,638,914.6875,Recent,Budget,Computer
Keyboard,Xiaomi,Working,1.0,1.2,,,3,716,108,596.6666666666667,New,Budget,Computer
Smartphone,Sony,Dead,3.5,0.17,32.0,6.6,1,1553,165,9135.294117647058,Old,Premium,Mobile
Laptop,Xiaomi,Working,4.4,2.11,64.0,15.2,1,10215,1065,4841.232227488152,Old,Budget,Computer
Speaker,HP,Repairable,4.3,1.63,,,1,903,113,553.9877300613497,Old,Budget,Accessory
Smartphone,Realme,Repairable,1.8,0.19,32.0,5.3,3,2999,319,15784.21052631579,Recent,Budget,Mobile
Keyboard,MSI,Repairable,0.8,0.9,,,2,874,109,971.1111111111111,New,Premium,Computer
Speaker,MSI,Repairable,0.9,1.78,,,1,2104,234,1182.0224719101122,New,Premium,Accessory
Battery,Realme,Working,1.1,0.63,,,2,649,100,1030.1587301587301,Recent,Budget,Accessory
Charger,OnePlus,Repairable,1.7,0.29,,,1,322,53,1110.344827586207,Recent,Budget,Accessory
Headphones,Lenovo,Dead,1.7,0.37,,,1,466,57,1259.4594594594594,Recent,Budget,Accessory
Headphones,Asus,Repairable,2.3,0.46,,,2,860,107,1869.5652173913043,Recent,Budget,Accessory
Keyboard,Samsung,Dead,1.2,0.65,,,3,264,37,406.15384615384613,Recent,Premium,Computer
Keyboard,Apple,Working,0.6,1.11,,,3,2093,246,1885.5855855855855,New,Premium,Computer
Keyboard,Xiaomi,Working,2.7,0.93,,,1,881,125,947.3118279569892,Recent,Budget,Computer
Battery,Asus,Working,1.8,0.74,,,3,779,113,1052.7027027027027,Recent,Budget,Accessory
Keyboard,Sony,Repairable,5.7,0.99,,,2,260,48,262.62626262626264,Very_Old,Premium,Computer
Tablet,HP,Dead,2.2,0.61,64.0,10.9,1,2493,260,4086.8852459016393,Recent,Budget,Mobile
Mouse,Lenovo,Working,1.3,0.11,,,2,712,106,6472.727272727273,Recent,Budget,Computer
Laptop,Asus,Working,2.6,2.82,512.0,14.4,1,24327,2478,8626.595744680852,Recent,Budget,Computer
Tablet,Sony,Working,1.9,0.67,256.0,9.2,3,15295,1570,22828.358208955222,Recent,Premium,Mobile
Tablet,Realme,Repairable,4.7,0.77,128.0,12.6,3,2054,227,2667.5324675324673,Old,Budget,Mobile
Keyboard,Asus,Repairable,1.5,1.17,,,2,745,96,636.7521367521368,Recent,Budget,Computer
Headphones,HP,Dead,0.6,0.47,,,2,498,60,1059.5744680851064,New,Budget,Accessory
Headphones,Sony,Working,1.7,0.37,,,2,1735,209,4689.189189189189,Recent,Premium,Accessory
Charger,Generic,Repairable,1.8,0.27,,,2,106,31,392.59259259259255,Recent,Budget,Accessory
Battery,Realme,Working,1.1,0.3,,,2,572,93,1906.6666666666667,Recent,Budget,Accessory
Battery,Apple,Dead,3.1,0.7,,,2,300,41,428.5714285714286,Old,Premium,Accessory
Tablet,Xiaomi,Dead,2.4,0.5,32.0,11.8,3,1799,190,3598.0,Recent,Budget,Mobile
Monitor,HP,Repairable,2.2,6.48,,28.3,1,4773,510,736.574074074074,Recent,Budget,Computer
Charger,Apple,Working,1.4,0.24,,,3,572,92,2383.3333333333335,Recent,Premium,Accessory
Charger,OnePlus,Repairable,1.5,0.18,,,1,263,46,1461.111111111111,Recent,Budget,Accessory
Monitor,Realme,Repairable,0.5,3.67,,29.4,3,2642,291,719.8910081743869,New,Budget,Computer
Laptop,Samsung,Working,8.0,2.02,128.0,16.7,3,2981,337,1475.7425742574258,Very_Old,Premium,Computer
Speaker,Xiaomi,Dead,0.9,2.44,,,3,425,57,174.18032786885246,New,Budget,Accessory
Battery,Acer,Dead,0.7,0.73,,,3,209,31,286.3013698630137,New,Budget,Accessory
Monitor,Lenovo,Dead,0.6,3.46,,23.4,2,1506,167,435.26011560693644,New,Budget,Computer
Smartphone,Samsung,Working,1.9,0.2,128.0,6.6,1,10514,1091,52570.0,Recent,Premium,Mobile
Charger,Xiaomi,Dead,1.4,0.11,,,1,80,18,727.2727272727273,Recent,Budget,Accessory
Tablet,Local,Repairable,2.0,0.56,128.0,8.6,3,2177,238,3887.4999999999995,Recent,Budget,Mobile
Battery,Generic,Working,3.9,0.8,,,1,319,68,398.75,Old,Budget,Accessory
Headphones,Realme,Working,1.5,0.39,,,1,1339,169,3433.333333333333,Recent,Budget,Accessory
Monitor,Sony,Repairable,1.5,7.52,,24.9,3,4126,447,548.6702127659574,Recent,Premium,Computer
Headphones,OnePlus,Repairable,2.6,0.49,,,1,1066,127,2175.5102040816328,Recent,Budget,Accessory
Smartphone,Dell,Dead,0.6,0.18,32.0,5.6,3,2414,251,13411.111111111111,New,Premium,Mobile
Charger,Generic,Working,2.9,0.27,,,3,200,56,740.7407407407406,Recent,Budget,Accessory
Monitor,Dell,Working,8.0,4.36,,29.0,1,1283,172,294.26605504587155,Very_Old,Premium,Computer
Charger,Sony,Working,1.4,0.25,,,3,426,77,1704.0,Recent,Premium,Accessory
Headphones,Lenovo,Repairable,3.6,0.36,,,3,542,75,1505.5555555555557,Old,Budget,Accessory
Tablet,Samsung,Repairable,2.6,0.66,256.0,8.1,2,6555,681,9931.818181818182,Recent,Premium,Mobile
Keyboard,MSI,Working,1.6,0.9,,,2,1571,194,1745.5555555555554,Recent,Premium,Computer
Mouse,Sony,Working,5.8,0.15,,,2,283,63,1886.6666666666667,Very_Old,Premium,Computer
Smartphone,OnePlus,Dead,1.7,0.22,128.0,5.7,3,1706,180,7754.545454545455,Recent,Budget,Mobile
Keyboard,Lenovo,Repairable,2.5,0.51,,,2,587,79,1150.9803921568628,Recent,Budget,Computer
Laptop,Realme,Working,4.1,2.1,512.0,16.4,3,7842,828,3734.285714285714,Old,Budget,Computer
Mouse,Dell,Dead,3.5,0.13,,,3,94,19,723.0769230769231,Old,Premium,Computer
Laptop,Realme,Dead,2.8,2.34,512.0,14.2,2,2322,247,992.3076923076924,Recent,Budget,Computer
Monitor,MSI,Working,5.1,6.44,,29.0,2,4699,517,729.6583850931677,Very_Old,Premium,Computer
Headphones,Xiaomi,Repairable,6.2,0.26,,,3,214,42,823.0769230769231,Very_Old,Budget,Accessory
Tablet,Asus,Working,0.5,0.67,64.0,9.7,2,14484,1489,21617.910447761195,New,Budget,Mobile
Charger,Xiaomi,Repairable,4.5,0.27,,,2,83,29,307.4074074074074,Old,Budget,Accessory
Battery,Local,Working,2.4,0.48,,,2,335,69,697.9166666666667,Recent,Budget,Accessory
Smartphone,Realme,Dead,4.1,0.18,32.0,5.3,1,1036,113,5755.555555555556,Old,Budget,Mobile
Charger,LG,Working,2.7,0.23,,,3,313,66,1360.8695652173913,Recent,Budget,Accessory
Speaker,Asus,Dead,1.3,2.67,,,2,671,82,251.31086142322098,Recent,Budget,Accessory
Monitor,MSI,Dead,1.3,5.67,,21.7,3,1466,167,258.5537918871252,Recent,Premium,Computer
Speaker,Dell,Working,1.8,1.17,,,1,3315,368,2833.3333333333335,Recent,Premium,Accessory
Headphones,Dell,Working,3.0,0.48,,,2,1748,210,3641.666666666667,Recent,Premium,Accessory
Smartphone,MSI,Working,6.1,0.21,128.0,6.8,3,3180,353,15142.857142857143,Very_Old,Premium,Mobile
Charger,Generic,Working,2.6,0.11,,,1,257,60,2336.3636363636365,Recent,Budget,Accessory
Monitor,HP,Working,5.2,6.98,,27.7,2,3637,412,521.0601719197707,Very_Old,Budget,Computer
Headphones,HP,Dead,8.0,0.23,,,1,64,16,278.2608695652174,Very_Old,Budget,Accessory
Charger,Apple,Working,1.2,0.23,,,3,752,110,3269.565217391304,Recent,Premium,Accessory
Keyboard,Samsung,Dead,0.8,0.64,,,2,398,50,621.875,New,Premium,Computer
Keyboard,Generic,Repairable,0.8,0.69,,,3,388,59,562.3188405797102,New,Budget,Computer
Battery,Apple,Repairable,1.3,0.54,,,2,938,114,1737.037037037037,Recent,Premium,Accessory
Monitor,MSI,Working,1.0,4.95,,28.8,3,8373,887,1691.5151515151515,New,Premium,Computer
Laptop,Dell,Repairable,5.1,2.87,512.0,13.9,3,6794,710,2367.247386759582,Very_Old,Premium,Computer
Laptop,Dell,Dead,0.6,2.08,32.0,15.8,3,4882,502,2347.1153846153848,New,Premium,Computer
Speaker,Sony,Repairable,2.7,1.09,,,2,1396,161,1280.7339449541284,Recent,Premium,Accessory
Monitor,HP,Dead,1.1,5.16,,24.6,3,1801,200,349.031007751938,Recent,Budget,Computer
Charger,Xiaomi,Working,1.7,0.11,,,1,350,70,3181.818181818182,Recent,Budget,Accessory
Keyboard,Apple,Working,3.4,1.14,,,3,1203,157,1055.2631578947369,Old,Premium,Computer
Battery,Generic,Working,1.6,0.65,,,2,556,91,855.3846153846154,Recent,Budget,Accessory
Headphones,Generic,Working,1.1,0.33,,,3,1022,138,3096.969696969697,Recent,Budget,Accessory
Headphones,HP,Dead,2.4,0.23,,,1,444,54,1930.4347826086955,Recent,Budget,Accessory
Battery,Local,Repairable,0.9,0.56,,,3,213,42,380.35714285714283,New,Budget,Accessory
Headphones,Acer,Repairable,4.7,0.34,,,2,417,62,1226.470588235294,Old,Budget,Accessory
Tablet,Generic,Working,1.0,0.75,512.0,10.1,1,7213,763,9617.333333333334,New,Budget,Mobile
Mouse,Dell,Working,0.9,0.18,,,2,746,109,4144.444444444444,New,Premium,Computer
Smartphone,Apple,Repairable,1.4,0.19,64.0,6.0,3,8073,832,42489.47368421053,Recent,Premium,Mobile
Headphones,Sony,Repairable,3.0,0.47,,,3,913,112,1942.5531914893618,Recent,Premium,Accessory
Battery,Dell,Working,1.3,0.78,,,2,866,123,1110.2564102564102,Recent,Premium,Accessory
Tablet,Acer,Dead,1.4,0.76,1024.0,9.3,1,2748,286,3615.7894736842104,Recent,Budget,Mobile
Laptop,MSI,Working,1.2,2.42,256.0,15.9,1,29877,3032,12345.867768595042,Recent,Premium,Computer
Battery,Asus,Working,5.0,0.64,,,3,372,73,581.25,Old,Budget,Accessory
Speaker,Sony,Working,5.9,1.53,,,1,934,131,610.4575163398692,Very_Old,Premium,Accessory
Smartphone,Local,Repairable,0.7,0.21,1024.0,5.2,3,2013,221,9585.714285714286,New,Budget,Mobile
Battery,Apple,Repairable,1.2,0.44,,,3,759,96,1725.0,Recent,Premium,Accessory
Mouse,Dell,Working,3.9,0.18,,,1,448,79,2488.888888888889,Old,Premium,Computer
Monitor,Samsung,Repairable,1.1,7.83,,30.4,1,4510,487,575.9897828863346,Recent,Premium,Computer
Keyboard,Xiaomi,Dead,0.9,1.16,,,3,181,30,156.0344827586207,New,Budget,Computer
Mouse,Xiaomi,Working,1.7,0.17,,,2,428,77,2517.6470588235293,Recent,Budget,Computer
Smartphone,Lenovo,Repairable,1.3,0.21,128.0,5.1,1,5856,610,27885.714285714286,Recent,Budget,Mobile
Mouse,Sony,Dead,0.5,0.15,,,2,156,25,1040.0,New,Premium,Computer
Laptop,Xiaomi,Repairable,2.7,1.82,512.0,13.8,1,7801,809,4286.263736263736,Recent,Budget,Computer
Monitor,OnePlus,Working,2.1,3.58,,19.7,3,5099,556,1424.3016759776535,Recent,Budget,Computer
Monitor,Asus,Working,6.7,3.71,,19.9,1,2187,260,589.4878706199461,Very_Old,Budget,Computer
Battery,Lenovo,Dead,0.7,0.55,,,1,246,35,447.27272727272725,New,Budget,Accessory
Monitor,Lenovo,Working,6.6,7.72,,26.8,2,1984,248,256.99481865284974,Very_Old,Budget,Computer
Charger,Acer,Dead,1.7,0.17,,,2,113,21,664.7058823529411,Recent,Budget,Accessory
Mouse,OnePlus,Repairable,2.3,0.16,,,3,244,44,1525.0,Recent,Budget,Computer
Tablet,Sony,Repairable,0.6,0.78,1024.0,10.2,1,9457,972,12124.358974358975,New,Premium,Mobile
Smartphone,Acer,Dead,0.7,0.23,256.0,6.5,2,1839,193,7995.652173913043,New,Budget,Mobile
Monitor,Dell,Working,0.8,7.43,,21.1,2,10009,1055,1347.106325706595,New,Premium,Computer
Monitor,Dell,Working,2.2,4.56,,30.2,1,7152,764,1568.4210526315792,Recent,Premium,Computer
Keyboard,Xiaomi,Dead,1.5,0.78,,,1,188,30,241.02564102564102,Recent,Budget,Computer
Speaker,LG,Repairable,1.5,2.74,,,1,1313,156,479.1970802919708,Recent,Budget,Accessory
Speaker,Lenovo,Repairable,6.6,2.89,,,1,302,56,104.49826989619376,Very_Old,Budget,Accessory
Headphones,Asus,Dead,0.9,0.46,,,3,415,52,902.1739130434783,New,Budget,Accessory
Charger,Local,Working,0.5,0.15,,,2,254,60,1693.3333333333335,New,Budget,Accessory
Keyboard,MSI,Repairable,3.7,0.59,,,2,427,63,723.728813559322,Old,Premium,Computer
Charger,MSI,Repairable,5.6,0.25,,,1,136,33,544.0,Very_Old,Premium,Accessory
Charger,LG,Repairable,3.4,0.19,,,3,181,38,952.6315789473684,Old,Budget,Accessory
Tablet,Samsung,Working,1.4,0.5,256.0,10.1,3,16365,1677,32730.0,Recent,Premium,Mobile
Laptop,OnePlus,Repairable,8.0,2.02,64.0,16.7,3,1546,178,765.3465346534654,Very_Old,Budget,Computer
Headphones,Xiaomi,Repairable,1.1,0.44,,,3,639,84,1452.2727272727273,Recent,Budget,Accessory
Laptop,Generic,Dead,5.5,2.18,64.0,14.9,2,1176,131,539.4495412844036,Very_Old,Budget,Computer
Mouse,HP,Working,1.0,0.12,,,2,666,101,5550.0,New,Budget,Computer
Smartphone,HP,Repairable,3.3,0.21,128.0,5.5,2,4092,429,19485.714285714286,Old,Budget,Mobile
Tablet,Realme,Dead,1.8,0.42,512.0,12.9,1,2246,235,5347.619047619048,Recent,Budget,Mobile
Mouse,Sony,Repairable,1.5,0.1,,,2,324,52,3240.0,Recent,Premium,Computer
Mouse,Dell,Working,2.6,0.16,,,1,713,106,4456.25,Recent,Premium,Computer
Tablet,Asus,Repairable,1.1,0.71,512.0,9.6,1,9485,974,13359.154929577466,Recent,Budget,Mobile
Tablet,OnePlus,Dead,2.1,0.46,512.0,12.3,2,2906,301,6317.391304347826,Recent,Budget,Mobile
Monitor,Lenovo,Working,1.6,7.2,,21.5,3,6465,700,897.9166666666666,Recent,Budget,Computer
Battery,Lenovo,Working,2.2,0.55,,,2,757,111,1376.3636363636363,Recent,Budget,Accessory
Battery,Local,Repairable,0.8,0.51,,,2,197,40,386.27450980392155,New,Budget,Accessory
Headphones,Apple,Working,0.7,0.32,,,3,2668,302,8337.5,New,Premium,Accessory
Headphones,HP,Dead,5.7,0.31,,,2,188,29,606.4516129032259,Very_Old,Budget,Accessory
Laptop,Apple,Dead,2.0,2.56,64.0,16.8,1,7142,734,2789.84375,Recent,Premium,Computer
Tablet,MSI,Dead,2.0,0.73,64.0,8.5,2,2804,291,3841.095890410959,Recent,Premium,Mobile
Tablet,Asus,Repairable,2.7,0.4,512.0,8.9,1,6803,706,17007.5,Recent,Budget,Mobile
Charger,Samsung,Working,2.5,0.3,,,3,452,81,1506.6666666666667,Recent,Premium,Accessory
Tablet,Local,Repairable,3.9,0.6,1024.0,12.6,3,1840,205,3066.666666666667,Old,Budget,Mobile
Tablet,HP,Repairable,4.9,0.71,1024.0,10.7,1,3847,405,5418.30985915493,Old,Budget,Mobile
Charger,Apple,Repairable,1.0,0.19,,,2,441,64,2321.0526315789475,New,Premium,Accessory
Mouse,Samsung,Dead,4.1,0.19,,,2,103,20,542.1052631578947,Old,Premium,Computer
Monitor,Asus,Repairable,0.5,7.31,,27.1,3,3708,405,507.25034199726406,New,Budget,Computer
Mouse,Acer,Repairable,0.6,0.14,,,1,427,62,3049.9999999999995,New,Budget,Computer
Charger,Local,Working,0.7,0.18,,,3,198,54,1100.0,New,Budget,Accessory
Battery,Generic,Dead,5.2,0.73,,,1,55,16,75.34246575342466,Very_Old,Budget,Accessory
Keyboard,LG,Repairable,0.7,0.94,,,3,593,81,630.8510638297872,New,Budget,Computer
Keyboard,MSI,Working,2.7,0.52,,,2,975,133,1875.0,Recent,Premium,Computer
Laptop,Acer,Repairable,2.8,1.82,512.0,13.2,3,9204,949,5057.142857142857,Recent,Budget,Computer
Monitor,Generic,Dead,1.0,7.99,,28.1,2,925,118,115.76971214017522,New,Budget,Computer
Battery,LG,Working,0.9,0.6,,,1,1147,150,1911.6666666666667,New,Budget,Accessory
Headphones,Generic,Repairable,1.3,0.45,,,1,609,81,1353.3333333333333,Recent,Budget,Accessory
Headphones,Asus,Repairable,1.5,0.37,,,2,1065,127,2878.3783783783783,Recent,Budget,Accessory
Headphones,Sony,Working,0.9,0.32,,,1,2332,269,7287.5,New,Premium,Accessory
Keyboard,HP,Repairable,1.5,1.03,,,1,752,97,730.0970873786407,Recent,Budget,Computer
Battery,Asus,Working,6.1,0.45,,,3,273,63,606.6666666666666,Very_Old,Budget,Accessory
Keyboard,OnePlus,Repairable,3.6,0.88,,,2,486,70,552.2727272727273,Old,Budget,Computer
Speaker,OnePlus,Dead,0.6,1.8,,,2,607,74,337.22222222222223,New,Budget,Accessory
Smartphone,Realme,Working,8.0,0.18,1024.0,6.2,3,779,112,4327.777777777778,Very_Old,Budget,Mobile
Speaker,Samsung,Working,1.3,2.09,,,3,3142,353,1503.349282296651,Recent,Premium,Accessory
Charger,Realme,Repairable,4.8,0.13,,,3,70,27,538.4615384615385,Old,Budget,Accessory
Battery,Generic,Working,1.3,0.32,,,3,462,82,1443.75,Recent,Budget,Accessory
Charger,Asus,Dead,4.4,0.18,,,3,67,16,372.22222222222223,Old,Budget,Accessory
Speaker,Generic,Repairable,2.5,1.75,,,3,454,69,259.42857142857144,Recent,Budget,Accessory
Battery,Asus,Dead,3.0,0.73,,,1,205,31,280.8219178082192,Recent,Budget,Accessory
Tablet,Apple,Repairable,0.5,0.49,128.0,10.8,1,10784,1104,22008.163265306124,New,Premium,Mobile
Battery,MSI,Working,3.3,0.36,,,2,869,122,2413.888888888889,Old,Premium,Accessory
Headphones,Sony,Dead,2.1,0.41,,,2,520,63,1268.2926829268295,Recent,Premium,Accessory
Monitor,Lenovo,Repairable,0.7,7.51,,24.1,1,3959,430,527.1637816245006,New,Budget,Computer
Keyboard,Acer,Dead,4.3,1.13,,,1,161,28,142.4778761061947,Old,Budget,Computer
Tablet,HP,Repairable,2.3,0.68,512.0,8.6,2,7580,784,11147.05882352941,Recent,Budget,Mobile
Battery,MSI,Working,3.8,0.54,,,3,608,96,1125.9259259259259,Old,Premium,Accessory
Keyboard,Generic,Working,1.6,0.86,,,2,742,111,862.7906976744187,Recent,Budget,Computer
Mouse,Acer,Dead,2.1,0.2,,,3,88,18,440.0,Recent,Budget,Computer
Charger,Generic,Working,3.1,0.26,,,3,189,54,726.9230769230769,Old,Budget,Accessory
Laptop,Asus,Repairable,2.4,2.35,512.0,16.3,2,13175,1347,5606.382978723404,Recent,Budget,Computer
Tablet,MSI,Working,0.8,0.74,128.0,9.2,3,13277,1368,17941.891891891893,New,Premium,Mobile
Keyboard,Sony,Working,4.6,0.8,,,2,851,122,1063.75,Old,Premium,Computer
Charger,MSI,Working,1.1,0.1,,,1,645,99,6450.0,Recent,Premium,Accessory
Smartphone,Samsung,Working,0.7,0.23,128.0,5.8,3,10245,1064,44543.47826086956,New,Premium,Mobile
Mouse,Lenovo,Dead,0.7,0.13,,,2,168,26,1292.3076923076922,New,Budget,Computer
Battery,Realme,Repairable,0.8,0.62,,,1,427,63,688.7096774193549,New,Budget,Accessory
Laptop,Acer,Repairable,2.8,2.72,1024.0,14.0,2,7548,784,2775.0,Recent,Budget,Computer
Headphones,Dell,Repairable,5.0,0.41,,,2,576,78,1404.878048780488,Old,Premium,Accessory
Battery,Dell,Dead,2.7,0.51,,,1,178,28,349.01960784313724,Recent,Premium,Accessory
Headphones,Realme,Repairable,3.6,0.4,,,1,454,66,1135.0,Old,Budget,Accessory
Monitor,Xiaomi,Dead,5.1,4.68,,30.3,1,564,75,120.51282051282053,Very_Old,Budget,Computer
Tablet,Asus,Dead,3.7,0.61,32.0,9.1,2,1706,181,2796.72131147541,Old,Budget,Mobile
Monitor,HP,Dead,2.6,4.93,,31.3,2,1686,188,341.9878296146045,Recent,Budget,Computer
Monitor,Dell,Working,3.8,4.89,,23.6,1,6768,726,1384.0490797546013,Old,Premium,Computer
Smartphone,Generic,Repairable,0.9,0.15,256.0,6.6,2,2949,314,19660.0,New,Budget,Mobile
Mouse,Realme,Working,1.0,0.12,,,1,524,87,4366.666666666667,New,Budget,Computer
Mouse,Realme,Working,0.6,0.18,,,2,392,74,2177.777777777778,New,Budget,Computer
Battery,Acer,Working,0.6,0.76,,,3,697,106,917.1052631578947,New,Budget,Accessory
Charger,MSI,Dead,2.1,0.15,,,2,96,19,640.0,Recent,Premium,Accessory
Charger,Local,Dead,0.6,0.12,,,1,55,15,458.33333333333337,New,Budget,Accessory
Mouse,Sony,Working,3.4,0.15,,,2,469,81,3126.666666666667,Old,Premium,Computer
Charger,Generic,Dead,1.6,0.29,,,3,61,17,210.34482758620692,Recent,Budget,Accessory
Mouse,Realme,Working,3.0,0.19,,,3,243,59,1278.9473684210527,Recent,Budget,Computer
Mouse,Acer,Repairable,1.5,0.16,,,2,301,50,1881.25,Recent,Budget,Computer
Speaker,HP,Repairable,1.8,1.8,,,3,1416,165,786.6666666666666,Recent,Budget,Accessory
Mouse,Generic,Dead,3.9,0.14,,,2,52,15,371.4285714285714,Old,Budget,Computer
Speaker,Generic,Working,1.1,1.2,,,2,1274,164,1061.6666666666667,Recent,Budget,Accessory
Keyboard,Realme,Repairable,1.5,0.51,,,3,407,61,798.0392156862745,Recent,Budget,Computer
Tablet,Apple,Repairable,1.4,0.63,512.0,8.9,2,9567,982,15185.714285714286,Recent,Premium,Mobile
Charger,Xiaomi,Dead,4.9,0.22,,,1,55,15,250.0,Old,Budget,Accessory
Charger,Samsung,Dead,8.0,0.17,,,1,55,15,323.52941176470586,Very_Old,Premium,Accessory
Headphones,Local,Repairable,4.4,0.5,,,3,235,44,470.0,Old,Budget,Accessory
Keyboard,LG,Repairable,3.7,1.05,,,3,363,58,345.7142857142857,Old,Budget,Computer
Battery,HP,Repairable,2.2,0.72,,,2,499,70,693.0555555555555,Recent,Budget,Accessory
Headphones,Sony,Working,0.5,0.3,,,3,1840,220,6133.333333333334,New,Premium,Accessory
Mouse,LG,Working,1.0,0.19,,,2,513,86,2700.0,New,Budget,Computer
Speaker,Sony,Dead,1.0,1.62,,,3,646,77,398.7654320987654,New,Premium,Accessory
Smartphone,Acer,Dead,2.0,0.17,512.0,5.4,1,1791,189,10535.294117647058,Recent,Budget,Mobile
Laptop,Realme,Working,1.9,1.91,256.0,14.9,3,14350,1479,7513.089005235603,Recent,Budget,Computer
Monitor,HP,Dead,0.6,6.65,,27.5,3,1680,191,252.6315789473684,New,Budget,Computer
Tablet,Generic,Working,1.2,0.63,1024.0,12.5,3,7330,774,11634.920634920634,Recent,Budget,Mobile
Laptop,Sony,Working,1.1,2.0,256.0,16.7,2,27834,2827,13917.0,Recent,Premium,Computer
Battery,MSI,Repairable,5.1,0.34,,,2,226,43,664.7058823529411,Very_Old,Premium,Accessory
Tablet,Generic,Working,1.9,0.44,32.0,8.7,2,5650,606,12840.90909090909,Recent,Budget,Mobile
Tablet,Acer,Repairable,2.5,0.78,128.0,9.8,2,5874,614,7530.7692307692305,Recent,Budget,Mobile
Tablet,Lenovo,Repairable,2.3,0.74,64.0,11.4,2,4722,493,6381.081081081081,Recent,Budget,Mobile
Laptop,Sony,Repairable,1.6,1.81,32.0,13.3,2,12367,1265,6832.596685082873,Recent,Premium,Computer
Smartphone,Local,Repairable,2.9,0.18,512.0,5.2,1,1914,211,10633.333333333334,Recent,Budget,Mobile
Charger,Samsung,Working,4.5,0.2,,,3,310,66,1550.0,Old,Premium,Accessory
Mouse,Apple,Working,2.2,0.14,,,2,755,110,5392.857142857142,Recent,Premium,Computer
Smartphone,MSI,Dead,3.2,0.16,512.0,6.3,2,1668,176,10425.0,Old,Premium,Mobile
Laptop,Dell,Working,1.0,1.96,512.0,14.8,2,28345,2878,14461.734693877552,New,Premium,Computer
Mouse,HP,Dead,3.0,0.16,,,1,134,23,837.5,Recent,Budget,Computer
Tablet,Realme,Working,3.0,0.52,64.0,10.1,3,4869,522,9363.461538461539,Recent,Budget,Mobile
Tablet,OnePlus,Working,1.2,0.79,256.0,8.8,1,18188,1860,23022.78481012658,Recent,Budget,Mobile
Smartphone,Local,Repairable,0.5,0.15,32.0,5.2,3,1994,219,13293.333333333334,New,Budget,Mobile
Headphones,Local,Working,2.0,0.46,,,2,811,117,1763.0434782608695,Recent,Budget,Accessory
Tablet,Realme,Repairable,1.0,0.56,32.0,12.0,2,4326,453,7724.999999999999,New,Budget,Mobile
Speaker,Dell,Dead,4.2,2.82,,,3,349,50,123.75886524822695,Old,Premium,Accessory
Keyboard,Local,Repairable,2.9,0.58,,,3,211,42,363.7931034482759,Recent,Budget,Computer
Keyboard,Samsung,Repairable,1.1,0.8,,,1,986,120,1232.5,Recent,Premium,Computer
Monitor,Sony,Working,1.1,3.26,,19.3,3,6369,683,1953.6809815950921,Recent,Premium,Computer
Keyboard,HP,Dead,0.5,0.58,,,1,333,44,574.1379310344828,New,Budget,Computer
Smartphone,Local,Dead,1.0,0.25,256.0,5.2,3,904,100,3616.0,New,Budget,Mobile
Speaker,Samsung,Dead,2.1,2.72,,,1,740,89,272.05882352941177,Recent,Premium,Accessory
Charger,Local,Repairable,1.2,0.21,,,2,130,33,619.047619047619,Recent,Budget,Accessory
Mouse,OnePlus,Working,3.1,0.17,,,2,562,91,3305.882352941176,Old,Budget,Computer
Monitor,Lenovo,Working,4.6,5.89,,27.3,2,3736,420,634.295415959253,Old,Budget,Computer
Monitor,Lenovo,Dead,3.9,3.03,,21.4,2,1261,142,416.1716171617162,Old,Budget,Computer
Battery,LG,Working,1.8,0.74,,,1,823,118,1112.162162162162,Recent,Budget,Accessory
Laptop,Sony,Repairable,1.8,1.7,512.0,13.7,2,13157,1343,7739.411764705883,Recent,Premium,Computer
Keyboard,MSI,Dead,1.4,0.76,,,3,349,46,459.2105263157895,Recent,Premium,Computer
Smartphone,OnePlus,Dead,8.0,0.16,64.0,5.1,3,265,36,1656.25,Very_Old,Budget,Mobile
Headphones,Local,Repairable,0.6,0.23,,,3,520,72,2260.869565217391,New,Budget,Accessory
Mouse,Dell,Repairable,6.2,0.12,,,3,91,29,758.3333333333334,Very_Old,Premium,Computer
Mouse,Apple,Working,1.1,0.15,,,2,1044,139,6960.0,Recent,Premium,Computer
Monitor,Sony,Dead,1.0,6.78,,31.0,1,2092,233,308.5545722713864,New,Premium,Computer
Battery,Acer,Repairable,2.6,0.52,,,3,363,57,698.0769230769231,Recent,Budget,Accessory
Mouse,Sony,Repairable,3.9,0.13,,,1,250,45,1923.076923076923,Old,Premium,Computer
Monitor,Samsung,Repairable,6.0,3.82,,24.9,1,1480,176,387.434554973822,Very_Old,Premium,Computer
Monitor,Acer,Working,3.7,6.86,,25.9,3,4558,504,664.4314868804664,Old,Budget,Computer
Keyboard,HP,Repairable,0.7,0.91,,,2,855,107,939.5604395604395,New,Budget,Computer
Smartphone,Local,Working,0.7,0.17,1024.0,6.1,1,4349,469,25582.35294117647,New,Budget,Mobile
Headphones,Apple,Dead,4.9,0.4,,,2,398,50,995.0,Old,Premium,Accessory
Charger,Dell,Dead,0.6,0.28,,,3,147,25,525.0,New,Premium,Accessory
Charger,Local,Dead,1.3,0.29,,,1,55,16,189.6551724137931,Recent,Budget,Accessory
Tablet,Realme,Working,4.9,0.75,1024.0,10.8,1,5005,542,6673.333333333333,Old,Budget,Mobile
Battery,Asus,Repairable,0.8,0.57,,,3,483,69,847.3684210526317,New,Budget,Accessory
Headphones,HP,Dead,3.6,0.43,,,2,357,46,830.232558139535,Old,Budget,Accessory
Headphones,LG,Repairable,0.5,0.44,,,2,1276,148,2900.0,New,Budget,Accessory
Battery,LG,Working,3.6,0.37,,,3,456,81,1232.4324324324325,Old,Budget,Accessory
Keyboard,Lenovo,Repairable,0.5,0.94,,,2,761,98,809.5744680851064,New,Budget,Computer
Battery,Apple,Repairable,8.0,0.5,,,2,88,29,176.0,Very_Old,Premium,Accessory
Monitor,Samsung,Repairable,2.5,7.13,,29.4,1,5318,570,745.8625525946704,Recent,Premium,Computer
Keyboard,Samsung,Working,1.6,0.94,,,2,1680,205,1787.2340425531916,Recent,Premium,Computer
Headphones,Asus,Repairable,1.8,0.27,,,2,857,106,3174.074074074074,Recent,Budget,Accessory
Headphones,OnePlus,Working,0.5,0.42,,,3,1671,203,3978.571428571429,New,Budget,Accessory
Headphones,Samsung,Dead,1.1,0.29,,,2,560,67,1931.034482758621,Recent,Premium,Accessory
Monitor,Samsung,Repairable,1.5,6.37,,20.6,2,3965,429,622.4489795918367,Recent,Premium,Computer
Tablet,OnePlus,Dead,1.9,0.53,256.0,8.3,2,2807,291,5296.226415094339,Recent,Budget,Mobile
Laptop,HP,Working,5.0,2.54,256.0,13.3,1,11213,1166,4414.566929133858,Old,Budget,Computer
Laptop,HP,Repairable,7.9,2.52,128.0,15.8,2,1421,167,563.8888888888889,Very_Old,Budget,Computer
Tablet,Xiaomi,Repairable,3.3,0.71,32.0,10.1,2,3352,356,4721.12676056338,Old,Budget,Mobile
Mouse,MSI,Dead,0.5,0.19,,,3,172,27,905.2631578947369,New,Premium,Computer
Charger,Apple,Repairable,1.0,0.28,,,3,465,67,1660.7142857142856,New,Premium,Accessory
Charger,Generic,Dead,8.0,0.27,,,3,45,15,166.66666666666666,Very_Old,Budget,Accessory
Charger,Xiaomi,Working,1.1,0.27,,,2,408,76,1511.111111111111,Recent,Budget,Accessory
Battery,LG,Working,1.0,0.35,,,1,1238,159,3537.1428571428573,New,Budget,Accessory
Laptop,HP,Working,1.2,2.81,64.0,13.1,2,18734,1919,6666.903914590747,Recent,Budget,Computer
Keyboard,Apple,Dead,1.8,0.67,,,1,502,61,749.2537313432836,Recent,Premium,Computer
Monitor,Realme,Repairable,2.2,3.39,,24.0,2,1872,214,552.2123893805309,Recent,Budget,Computer
Tablet,OnePlus,Dead,0.9,0.72,32.0,8.5,1,3413,352,4740.277777777778,New,Budget,Mobile
Laptop,LG,Repairable,1.8,1.64,32.0,14.0,2,8996,927,5485.365853658537,Recent,Budget,Computer
Tablet,Acer,Dead,4.4,0.77,128.0,9.6,1,1761,188,2287.0129870129867,Old,Budget,Mobile
Laptop,Asus,Working,1.1,2.32,256.0,17.0,1,31217,3166,13455.603448275862,Recent,Budget,Computer
Smartphone,Generic,Working,0.8,0.15,512.0,6.5,1,6897,729,45980.0,New,Budget,Mobile
Monitor,MSI,Repairable,4.2,6.39,,25.6,2,3200,353,500.78247261345854,Old,Premium,Computer
Laptop,Apple,Repairable,5.4,2.95,256.0,14.2,3,8751,906,2966.4406779661017,Very_Old,Premium,Computer
Battery,Lenovo,Repairable,0.9,0.57,,,2,505,71,885.9649122807018,New,Budget,Accessory
Monitor,Asus,Repairable,4.7,3.5,,28.8,1,2182,245,623.4285714285714,Old,Budget,Computer
Keyboard,Xiaomi,Dead,0.7,0.72,,,1,231,34,320.83333333333337,New,Budget,Computer
Mouse,Local,Working,2.4,0.12,,,1,292,64,2433.3333333333335,Recent,Budget,Computer
Tablet,LG,Dead,1.7,0.77,64.0,9.3,2,2593,271,3367.5324675324673,Recent,Budget,Mobile
Smartphone,LG,Dead,0.8,0.15,64.0,5.2,1,2493,259,16620.0,New,Budget,Mobile
Battery,Acer,Dead,1.5,0.59,,,3,151,26,255.93220338983053,Recent,Budget,Accessory
Battery,Dell,Dead,0.9,0.69,,,2,308,41,446.37681159420293,New,Premium,Accessory
Battery,LG,Dead,0.7,0.38,,,2,268,37,705.2631578947369,New,Budget,Accessory
Keyboard,Xiaomi,Dead,0.6,1.18,,,2,179,29,151.6949152542373,New,Budget,Computer
Charger,Sony,Repairable,4.6,0.16,,,1,211,41,1318.75,Old,Premium,Accessory
Mouse,HP,Working,1.3,0.17,,,3,493,84,2900.0,Recent,Budget,Computer
Speaker,HP,Dead,1.1,2.55,,,3,569,71,223.1372549019608,Recent,Budget,Accessory
Speaker,Sony,Dead,5.8,1.86,,,2,272,41,146.23655913978493,Very_Old,Premium,Accessory
Battery,Sony,Repairable,1.7,0.79,,,1,707,92,894.9367088607595,Recent,Premium,Accessory
Tablet,Xiaomi,Working,1.3,0.75,1024.0,9.0,2,10998,1141,14664.0,Recent,Budget,Mobile
Speaker,LG,Working,2.5,1.15,,,1,2499,286,2173.0434782608695,Recent,Budget,Accessory
Mouse,Local,Working,0.9,0.11,,,2,278,62,2527.2727272727275,New,Budget,Computer
Mouse,LG,Working,2.2,0.19,,,2,626,97,3294.736842105263,Recent,Budget,Computer
Monitor,LG,Repairable,1.7,3.3,,26.3,1,4448,471,1347.878787878788,Recent,Budget,Computer
Speaker,MSI,Working,1.7,1.62,,,2,2693,307,1662.3456790123455,Recent,Premium,Accessory
Monitor,Dell,Repairable,1.3,6.79,,30.4,2,4689,502,690.5743740795288,Recent,Premium,Computer
Tablet,MSI,Dead,2.1,0.5,128.0,10.7,2,3327,343,6654.0,Recent,Premium,Mobile
Speaker,OnePlus,Repairable,1.0,2.25,,,3,1255,149,557.7777777777778,New,Budget,Accessory
Laptop,MSI,Working,4.2,2.18,32.0,13.4,1,17598,1803,8072.477064220183,Old,Premium,Computer
Smartphone,Sony,Dead,1.5,0.25,128.0,5.3,3,2425,252,9700.0,Recent,Premium,Mobile
Charger,HP,Repairable,1.2,0.17,,,3,274,47,1611.764705882353,Recent,Budget,Accessory
Headphones,Generic,Working,3.3,0.42,,,2,709,106,1688.095238095238,Old,Budget,Accessory
Charger,Realme,Dead,3.8,0.19,,,2,50,15,263.1578947368421,Old,Budget,Accessory
Charger,Acer,Working,2.2,0.29,,,2,428,78,1475.8620689655174,Recent,Budget,Accessory
Mouse,Dell,Dead,2.2,0.16,,,1,185,28,1156.25,Recent,Premium,Computer
Battery,Samsung,Repairable,1.6,0.47,,,2,707,91,1504.2553191489362,Recent,Premium,Accessory
Tablet,OnePlus,Repairable,4.5,0.53,256.0,10.0,2,4189,439,7903.77358490566,Old,Budget,Mobile
Headphones,Acer,Dead,0.8,0.49,,,1,430,54,877.5510204081633,New,Budget,Accessory
Laptop,Asus,Dead,4.7,1.78,256.0,13.1,1,3387,352,1902.808988764045,Old,Budget,Computer
Smartphone,Dell,Dead,3.4,0.21,256.0,5.1,2,2001,210,9528.57142857143,Old,Premium,Mobile
Tablet,MSI,Working,1.0,0.43,1024.0,11.1,3,13480,1389,31348.837209302324,New,Premium,Mobile
Charger,Local,Repairable,2.2,0.22,,,2,105,30,477.27272727272725,Recent,Budget,Accessory
Keyboard,Local,Working,1.1,0.67,,,2,482,84,719.4029850746268,Recent,Budget,Computer
Speaker,Sony,Dead,4.3,2.23,,,3,297,43,133.18385650224215,Old,Premium,Accessory
Charger,Samsung,Working,0.9,0.27,,,2,712,107,2637.037037037037,New,Premium,Accessory
Battery,Local,Working,2.7,0.5,,,3,268,62,536.0,Recent,Budget,Accessory
Monitor,Asus,Working,8.0,6.99,,30.0,3,776,126,111.01573676680972,Very_Old,Budget,Computer
Laptop,Sony,Repairable,3.3,1.95,256.0,13.7,1,11297,1158,5793.333333333333,Old,Premium,Computer
Speaker,LG,Dead,0.7,2.45,,,2,548,69,223.6734693877551,New,Budget,Accessory
Headphones,HP,Repairable,3.9,0.5,,,3,501,71,1002.0,Old,Budget,Accessory
Smartphone,Xiaomi,Working,1.8,0.23,64.0,6.4,1,7504,790,32626.086956521736,Recent,Budget,Mobile
Monitor,Acer,Working,1.4,5.27,,31.7,2,6736,724,1278.1783681214422,Recent,Budget,Computer
Battery,Sony,Working,1.3,0.76,,,3,874,124,1150.0,Recent,Premium,Accessory
Keyboard,Asus,Working,8.0,0.97,,,2,154,52,158.76288659793815,Very_Old,Budget,Computer
Tablet,Generic,Dead,2.4,0.51,512.0,8.6,1,1411,152,2766.6666666666665,Recent,Budget,Mobile
Speaker,Apple,Working,0.7,1.7,,,1,5212,564,3065.8823529411766,New,Premium,Accessory
Keyboard,LG,Working,2.4,0.57,,,2,1162,152,2038.5964912280704,Recent,Budget,Computer
Headphones,Acer,Working,2.3,0.49,,,2,1508,186,3077.5510204081634,Recent,Budget,Accessory
Mouse,Generic,Dead,0.9,0.15,,,2,85,18,566.6666666666667,New,Budget,Computer
Charger,Dell,Dead,0.6,0.1,,,3,111,21,1110.0,New,Premium,Accessory
Mouse,HP,Repairable,1.1,0.14,,,1,399,59,2849.9999999999995,Recent,Budget,Computer
Keyboard,Local,Repairable,0.8,0.97,,,3,296,51,305.1546391752577,New,Budget,Computer
Charger,Generic,Repairable,1.2,0.1,,,1,132,33,1320.0,Recent,Budget,Accessory
Tablet,MSI,Dead,1.5,0.46,64.0,11.1,1,3344,345,7269.565217391304,Recent,Premium,Mobile
Charger,Samsung,Working,2.1,0.15,,,3,460,81,3066.666666666667,Recent,Premium,Accessory
Laptop,Generic,Working,2.4,2.79,1024.0,15.2,1,12951,1341,4641.935483870968,Recent,Budget,Computer
Charger,Generic,Dead,1.4,0.17,,,1,76,17,447.0588235294117,Recent,Budget,Accessory
Speaker,Asus,Dead,0.6,2.98,,,3,641,80,215.1006711409396,New,Budget,Accessory
Charger,MSI,Repairable,2.8,0.11,,,2,252,45,2290.909090909091,Recent,Premium,Accessory
Smartphone,Acer,Working,1.8,0.16,1024.0,6.6,3,6895,729,43093.75,Recent,Budget,Mobile
Tablet,Samsung,Repairable,2.1,0.57,32.0,11.5,1,6685,694,11728.070175438597,Recent,Premium,Mobile
Monitor,HP,Working,2.9,6.07,,24.6,1,6741,726,1110.5436573311367,Recent,Budget,Computer
Charger,Asus,Repairable,2.3,0.15,,,2,286,48,1906.6666666666667,Recent,Budget,Accessory
Monitor,Acer,Dead,2.3,4.56,,29.5,2,1277,146,280.04385964912285,Recent,Budget,Computer
Tablet,Xiaomi,Working,0.9,0.52,1024.0,9.5,2,10937,1134,21032.69230769231,New,Budget,Mobile
Smartphone,Xiaomi,Working,3.6,0.16,32.0,5.1,1,5386,578,33662.5,Old,Budget,Mobile
Monitor,Lenovo,Working,0.5,7.49,,23.6,2,8328,887,1111.882510013351,New,Budget,Computer
Monitor,Acer,Working,1.0,6.08,,31.9,3,6200,672,1019.7368421052631,New,Budget,Computer
Monitor,Dell,Dead,8.0,6.18,,25.4,3,206,42,33.333333333333336,Very_Old,Premium,Computer
Monitor,Dell,Working,2.8,3.51,,20.0,3,5644,611,1607.977207977208,Recent,Premium,Computer
Headphones,Realme,Repairable,0.7,0.26,,,2,669,87,2573.076923076923,New,Budget,Accessory
Monitor,LG,Working,3.6,5.43,,20.1,2,4553,501,838.4898710865563,Old,Budget,Computer
Monitor,OnePlus,Working,2.1,4.36,,31.7,3,6591,708,1511.6972477064219,Recent,Budget,Computer
Headphones,Lenovo,Dead,0.7,0.26,,,1,494,60,1900.0,New,Budget,Accessory
Laptop,Xiaomi,Working,7.4,2.66,1024.0,14.3,1,2859,325,1074.812030075188,Very_Old,Budget,Computer
Battery,Samsung,Repairable,8.0,0.35,,,3,54,26,154.2857142857143,Very_Old,Premium,Accessory
Keyboard,Apple,Dead,4.4,1.15,,,2,213,33,185.21739130434784,Old,Premium,Computer
Charger,Realme,Dead,0.7,0.11,,,3,58,15,527.2727272727273,New,Budget,Accessory
Speaker,Asus,Dead,1.0,2.94,,,2,676,83,229.93197278911566,New,Budget,Accessory
Charger,Xiaomi,Working,3.5,0.26,,,3,220,58,846.1538461538461,Old,Budget,Accessory
Charger,Xiaomi,Working,3.7,0.22,,,2,214,56,972.7272727272727,Old,Budget,Accessory
Mouse,Acer,Working,2.1,0.15,,,2,549,89,3660.0,Recent,Budget,Computer
Smartphone,Acer,Working,8.0,0.19,256.0,5.2,3,1067,141,5615.789473684211,Very_Old,Budget,Mobile
Charger,Local,Dead,3.5,0.17,,,3,45,14,264.70588235294116,Old,Budget,Accessory
Battery,Xiaomi,Dead,1.4,0.61,,,2,127,23,208.19672131147541,Recent,Budget,Accessory
Tablet,Dell,Repairable,5.7,0.43,256.0,11.5,2,3707,391,8620.93023255814,Very_Old,Premium,Mobile
Smartphone,Generic,Working,1.3,0.19,128.0,6.1,2,5413,581,28489.473684210527,Recent,Budget,Mobile
Tablet,LG,Working,2.7,0.56,256.0,12.9,3,9524,993,17007.142857142855,Recent,Budget,Mobile
Tablet,Dell,Repairable,1.0,0.57,64.0,11.7,1,8075,833,14166.666666666668,New,Premium,Mobile
Smartphone,LG,Repairable,3.4,0.18,128.0,5.0,2,2846,304,15811.111111111111,Old,Budget,Mobile
Smartphone,Xiaomi,Working,1.6,0.19,128.0,5.8,3,6781,718,35689.47368421053,Recent,Budget,Mobile
Mouse,Lenovo,Working,1.1,0.19,,,2,618,96,3252.6315789473683,Recent,Budget,Computer
Keyboard,LG,Repairable,2.3,0.57,,,3,478,68,838.5964912280702,Recent,Budget,Computer
Keyboard,Asus,Working,6.3,0.91,,,3,321,69,352.74725274725273,Very_Old,Budget,Computer
Laptop,Sony,Repairable,2.5,2.87,512.0,15.0,1,12269,1257,4274.912891986062,Recent,Premium,Computer
Monitor,OnePlus,Dead,6.9,3.86,,27.0,3,364,54,94.30051813471503,Very_Old,Budget,Computer
Battery,Xiaomi,Working,2.8,0.48,,,2,479,83,997.9166666666667,Recent,Budget,Accessory
Tablet,Sony,Repairable,2.8,0.49,1024.0,8.9,2,6433,669,13128.57142857143,Recent,Premium,Mobile
Speaker,Samsung,Repairable,0.5,2.94,,,2,1792,205,609.5238095238095,New,Premium,Accessory
Charger,Acer,Working,7.5,0.13,,,2,54,40,415.38461538461536,Very_Old,Budget,Accessory
Tablet,Sony,Repairable,0.9,0.72,256.0,8.6,1,10936,1119,15188.888888888889,New,Premium,Mobile
Keyboard,Sony,Repairable,5.4,0.64,,,1,369,57,576.5625,Very_Old,Premium,Computer
Charger,Acer,Working,8.0,0.28,,,3,55,41,196.42857142857142,Very_Old,Budget,Accessory
Charger,Asus,Dead,1.3,0.12,,,3,95,19,791.6666666666667,Recent,Budget,Accessory
Headphones,OnePlus,Working,1.9,0.44,,,3,1399,175,3179.5454545454545,Recent,Budget,Accessory
Monitor,Local,Working,2.7,4.62,,27.6,2,2469,290,534.4155844155844,Recent,Budget,Computer
Speaker,Local,Working,1.8,2.62,,,2,879,127,335.4961832061069,Recent,Budget,Accessory
Monitor,Generic,Dead,3.6,3.32,,27.5,2,538,70,162.04819277108436,Old,Budget,Computer
Keyboard,Local,Working,4.4,0.68,,,2,286,64,420.5882352941176,Old,Budget,Computer
Laptop,LG,Dead,2.0,1.82,512.0,16.1,2,5428,561,2982.4175824175823,Recent,Budget,Computer
Mouse,Xiaomi,Repairable,0.8,0.15,,,3,253,45,1686.6666666666667,New,Budget,Computer
Headphones,Samsung,Repairable,1.3,0.39,,,3,915,112,2346.153846153846,Recent,Premium,Accessory
Headphones,Acer,Working,2.4,0.25,,,3,1415,176,5660.0,Recent,Budget,Accessory
Smartphone,Xiaomi,Working,1.4,0.18,1024.0,5.1,1,8923,932,49572.222222222226,Recent,Budget,Mobile
Charger,Generic,Repairable,1.5,0.17,,,2,126,32,741.1764705882352,Recent,Budget,Accessory
Headphones,Sony,Repairable,5.4,0.43,,,2,397,60,923.2558139534884,Very_Old,Premium,Accessory
Mouse,HP,Dead,3.0,0.15,,,2,134,23,893.3333333333334,Recent,Budget,Computer
Speaker,Realme,Working,1.3,2.15,,,3,1383,177,643.2558139534884,Recent,Budget,Accessory
Monitor,OnePlus,Dead,1.8,5.28,,28.8,1,1643,185,311.17424242424244,Recent,Budget,Computer
Battery,LG,Repairable,1.7,0.78,,,3,374,59,479.48717948717945,Recent,Budget,Accessory
Headphones,Lenovo,Working,2.8,0.48,,,1,1669,202,3477.0833333333335,Recent,Budget,Accessory
Smartphone,Asus,Repairable,4.6,0.23,256.0,6.1,1,3223,342,14013.043478260868,Old,Budget,Mobile
Keyboard,MSI,Dead,0.8,0.87,,,1,346,46,397.7011494252874,New,Premium,Computer
Battery,OnePlus,Working,3.2,0.56,,,2,695,105,1241.0714285714284,Old,Budget,Accessory
Charger,Samsung,Dead,1.1,0.3,,,2,121,23,403.33333333333337,Recent,Premium,Accessory
Monitor,Acer,Repairable,0.6,4.09,,31.7,1,5095,542,1245.721271393643,New,Budget,Computer
Speaker,Dell,Working,2.6,2.76,,,1,2265,267,820.6521739130435,Recent,Premium,Accessory
Smartphone,Generic,Working,7.7,0.16,256.0,5.2,2,541,89,3381.25,Very_Old,Budget,Mobile
Charger,Generic,Repairable,2.2,0.26,,,2,117,32,450.0,Recent,Budget,Accessory
Battery,Asus,Working,8.0,0.52,,,1,111,47,213.46153846153845,Very_Old,Budget,Accessory
Speaker,Generic,Dead,1.8,2.36,,,2,320,47,135.59322033898306,Recent,Budget,Accessory
Charger,Realme,Dead,1.7,0.22,,,1,67,16,304.54545454545456,Recent,Budget,Accessory
Mouse,Apple,Repairable,2.6,0.2,,,3,320,52,1600.0,Recent,Premium,Computer
Keyboard,Samsung,Dead,4.9,0.89,,,1,172,29,193.25842696629212,Old,Premium,Computer
Laptop,OnePlus,Working,6.7,2.23,1024.0,13.7,1,6039,647,2708.0717488789237,Very_Old,Budget,Computer
Charger,Sony,Working,1.1,0.27,,,2,614,97,2274.074074074074,Recent,Premium,Accessory
Laptop,Xiaomi,Repairable,5.4,1.85,32.0,13.0,2,2927,316,1582.162162162162,Very_Old,Budget,Computer
Battery,Acer,Working,1.9,0.8,,,3,730,110,912.5,Recent,Budget,Accessory
Monitor,Xiaomi,Working,1.2,7.38,,19.2,3,5349,589,724.7967479674796,Recent,Budget,Computer
Headphones,HP,Working,3.9,0.29,,,2,1070,143,3689.6551724137935,Old,Budget,Accessory
Mouse,Apple,Working,1.0,0.15,,,3,899,124,5993.333333333334,New,Premium,Computer
Monitor,Xiaomi,Working,1.2,3.86,,31.9,1,6492,697,1681.8652849740934,Recent,Budget,Computer
Monitor,Dell,Dead,3.5,4.48,,21.8,1,1341,153,299.3303571428571,Old,Premium,Computer
Charger,Sony,Working,0.8,0.21,,,2,637,98,3033.3333333333335,New,Premium,Accessory
Battery,Apple,Repairable,2.9,0.64,,,1,622,83,971.875,Recent,Premium,Accessory
Smartphone,Asus,Repairable,1.3,0.22,256.0,5.4,2,5497,574,24986.363636363636,Recent,Budget,Mobile
Smartphone,HP,Repairable,1.4,0.18,64.0,6.5,1,4816,501,26755.555555555555,Recent,Budget,Mobile
Keyboard,Apple,Working,4.3,0.65,,,1,1028,138,1581.5384615384614,Old,Premium,Computer
Charger,OnePlus,Dead,3.2,0.14,,,1,94,19,671.4285714285713,Old,Budget,Accessory
Monitor,Dell,Repairable,0.6,4.13,,29.5,3,5095,542,1233.6561743341404,New,Premium,Computer
Speaker,Lenovo,Working,1.0,1.67,,,2,2149,252,1286.8263473053892,New,Budget,Accessory
Battery,Dell,Dead,0.7,0.8,,,3,256,37,320.0,New,Premium,Accessory
Headphones,Sony,Working,2.1,0.43,,,3,1939,229,4509.302325581395,Recent,Premium,Accessory
Battery,Samsung,Repairable,3.8,0.31,,,2,350,56,1129.032258064516,Old,Premium,Accessory
Keyboard,Realme,Dead,2.6,0.76,,,2,172,29,226.31578947368422,Recent,Budget,Computer
Battery,HP,Working,2.7,0.78,,,1,766,113,982.051282051282,Recent,Budget,Accessory
Laptop,Acer,Dead,4.5,1.98,64.0,13.6,1,3177,331,1604.5454545454545,Old,Budget,Computer
Speaker,Acer,Repairable,2.0,2.59,,,3,932,118,359.8455598455599,Recent,Budget,Accessory
Monitor,Local,Repairable,1.8,7.93,,26.9,2,1597,195,201.38713745271124,Recent,Budget,Computer
Keyboard,Apple,Repairable,0.6,1.09,,,1,1363,158,1250.4587155963302,New,Premium,Computer
Headphones,HP,Repairable,1.5,0.2,,,2,1071,127,5355.0,Recent,Budget,Accessory
Monitor,Generic,Working,0.5,3.01,,21.5,2,4603,501,1529.2358803986713,New,Budget,Computer
Keyboard,Acer,Working,0.9,0.96,,,2,953,132,992.7083333333334,New,Budget,Computer
Battery,Realme,Dead,1.3,0.37,,,3,123,23,332.43243243243245,Recent,Budget,Accessory
Keyboard,OnePlus,Repairable,2.7,1.0,,,3,461,68,461.0,Recent,Budget,Computer
Monitor,Samsung,Repairable,0.7,3.39,,31.3,3,4704,497,1387.6106194690265,New,Premium,Computer
Smartphone,Realme,Working,1.0,0.18,32.0,6.1,3,4542,489,25233.333333333336,New,Budget,Mobile
Smartphone,Lenovo,Repairable,2.8,0.21,1024.0,5.9,2,4828,502,22990.47619047619,Recent,Budget,Mobile
Tablet,Samsung,Working,0.8,0.52,64.0,11.0,2,17522,1793,33696.153846153844,New,Premium,Mobile
Battery,Acer,Dead,2.0,0.64,,,1,198,30,309.375,Recent,Budget,Accessory
Battery,Asus,Working,4.8,0.59,,,3,496,85,840.677966101695,Old,Budget,Accessory
Laptop,Lenovo,Working,1.1,2.52,256.0,14.5,3,24964,2541,9906.349206349207,Recent,Budget,Computer
Monitor,Samsung,Dead,3.5,6.62,,26.6,3,1084,131,163.74622356495468,Old,Premium,Computer
Smartphone,Local,Dead,0.8,0.25,256.0,5.2,1,1384,148,5536.0,New,Budget,Mobile
Laptop,Samsung,Repairable,0.8,2.39,256.0,13.1,3,14397,1469,6023.849372384937,New,Premium,Computer
Speaker,Acer,Repairable,2.1,1.78,,,1,968,120,543.8202247191011,Recent,Budget,Accessory
Speaker,Xiaomi,Working,3.7,2.83,,,2,1275,168,450.53003533568904,Old,Budget,Accessory
Monitor,Samsung,Working,4.0,4.08,,21.7,2,5141,562,1260.049019607843,Old,Premium,Computer
Smartphone,Xiaomi,Repairable,3.4,0.24,256.0,6.6,2,2972,317,12383.333333333334,Old,Budget,Mobile
Smartphone,Realme,Dead,2.5,0.19,1024.0,5.1,1,1295,139,6815.789473684211,Recent,Budget,Mobile
Headphones,Acer,Working,0.6,0.41,,,2,1765,212,4304.878048780488,New,Budget,Accessory
Headphones,Apple,Repairable,2.1,0.37,,,3,1159,136,3132.4324324324325,Recent,Premium,Accessory
Monitor,HP,Repairable,1.8,5.35,,29.7,3,3398,370,635.1401869158879,Recent,Budget,Computer
Smartphone,Generic,Repairable,1.7,0.21,256.0,6.6,2,3194,339,15209.52380952381,Recent,Budget,Mobile
Keyboard,MSI,Working,4.9,0.69,,,3,510,87,739.1304347826087,Old,Premium,Computer
Smartphone,Lenovo,Working,1.1,0.18,512.0,6.2,2,11917,1231,66205.55555555556,Recent,Budget,Mobile
Keyboard,OnePlus,Working,0.7,0.59,,,2,1232,159,2088.135593220339,New,Budget,Computer
Charger,Acer,Repairable,2.5,0.25,,,1,246,44,984.0,Recent,Budget,Accessory
Charger,LG,Working,6.1,0.14,,,2,142,49,1014.2857142857142,Very_Old,Budget,Accessory
Keyboard,Sony,Dead,1.0,0.75,,,1,440,56,586.6666666666666,New,Premium,Computer
Keyboard,Asus,Repairable,2.2,1.02,,,2,616,83,603.9215686274509,Recent,Budget,Computer
Battery,Samsung,Repairable,0.6,0.33,,,3,623,83,1887.8787878787878,New,Premium,Accessory
Charger,Local,Working,3.0,0.14,,,2,181,53,1292.8571428571427,Recent,Budget,Accessory
Mouse,Generic,Repairable,3.8,0.14,,,3,113,31,807.1428571428571,Old,Budget,Computer
Charger,OnePlus,Dead,1.5,0.24,,,3,118,21,491.6666666666667,Recent,Budget,Accessory
Tablet,Realme,Working,8.0,0.54,1024.0,8.8,3,869,122,1609.2592592592591,Very_Old,Budget,Mobile
Tablet,Generic,Dead,1.0,0.68,64.0,9.9,3,1663,177,2445.5882352941176,New,Budget,Mobile
Monitor,Generic,Repairable,0.9,4.43,,22.8,1,2428,271,548.0812641083522,New,Budget,Computer
Battery,Local,Working,1.0,0.67,,,2,345,70,514.9253731343283,New,Budget,Accessory
Smartphone,OnePlus,Working,2.0,0.23,32.0,6.1,1,8867,926,38552.17391304348,Recent,Budget,Mobile
Mouse,Asus,Dead,2.7,0.17,,,3,107,20,629.4117647058823,Recent,Budget,Computer
Charger,Xiaomi,Working,1.4,0.27,,,3,344,70,1274.074074074074,Recent,Budget,Accessory
Charger,OnePlus,Dead,1.3,0.12,,,2,101,20,841.6666666666667,Recent,Budget,Accessory
Battery,HP,Repairable,0.7,0.59,,,3,427,63,723.728813559322,New,Budget,Accessory
Laptop,HP,Repairable,1.3,2.63,256.0,16.1,1,13777,1407,5238.403041825095,Recent,Budget,Computer
Monitor,Acer,Working,3.2,4.23,,28.7,3,4720,515,1115.839243498818,Old,Budget,Computer
Mouse,MSI,Working,1.5,0.12,,,1,769,111,6408.333333333334,Recent,Premium,Computer
Laptop,Acer,Dead,5.6,2.46,64.0,15.7,3,1347,149,547.5609756097562,Very_Old,Budget,Computer
Headphones,Generic,Working,1.6,0.38,,,2,1034,139,2721.0526315789475,Recent,Budget,Accessory
Monitor,Apple,Working,1.9,7.07,,27.0,1,12982,1352,1836.2093352192362,Recent,Premium,Computer
Monitor,Dell,Dead,0.8,7.18,,20.8,2,2484,272,345.96100278551535,New,Premium,Computer
Laptop,Lenovo,Repairable,1.8,1.89,32.0,15.9,2,11640,1193,6158.730158730159,Recent,Budget,Computer
Charger,Asus,Repairable,0.8,0.28,,,2,265,47,946.4285714285713,New,Budget,Accessory
Headphones,Sony,Working,3.7,0.34,,,1,1444,180,4247.058823529412,Old,Premium,Accessory
Battery,Realme,Repairable,0.8,0.38,,,2,354,56,931.578947368421,New,Budget,Accessory
Speaker,Realme,Working,2.1,1.24,,,2,1150,152,927.4193548387096,Recent,Budget,Accessory
Smartphone,Xiaomi,Working,0.7,0.22,32.0,5.1,1,8525,892,38750.0,New,Budget,Mobile
Keyboard,Generic,Dead,2.1,0.56,,,3,140,25,249.99999999999997,Recent,Budget,Computer
Laptop,LG,Repairable,5.3,2.55,512.0,16.2,3,5684,598,2229.0196078431372,Very_Old,Budget,Computer
Keyboard,Apple,Working,4.0,0.9,,,3,1010,138,1122.2222222222222,Old,Premium,Computer
Laptop,Xiaomi,Working,1.0,1.99,32.0,13.7,1,18523,1896,9308.040201005026,New,Budget,Computer
Laptop,Xiaomi,Working,1.1,2.2,128.0,15.4,1,15522,1596,7055.454545454545,Recent,Budget,Computer
Keyboard,Apple,Working,5.6,1.02,,,2,819,118,802.9411764705882,Very_Old,Premium,Computer
Keyboard,HP,Repairable,2.2,0.84,,,1,595,81,708.3333333333334,Recent,Budget,Computer
Tablet,Realme,Dead,5.0,0.5,32.0,11.7,3,633,74,1266.0,Old,Budget,Mobile
Keyboard,Samsung,Repairable,0.9,0.76,,,2,709,92,932.8947368421052,New,Premium,Computer
Speaker,LG,Dead,0.8,1.35,,,2,490,62,362.96296296296293,New,Budget,Accessory
Smartphone,Lenovo,Repairable,2.6,0.23,1024.0,6.6,2,4149,434,18039.130434782608,Recent,Budget,Mobile
Tablet,Local,Repairable,1.0,0.53,64.0,11.0,1,2915,312,5500.0,New,Budget,Mobile
Speaker,Sony,Repairable,1.6,2.23,,,2,1624,186,728.2511210762332,Recent,Premium,Accessory
Laptop,HP,Repairable,2.1,2.44,64.0,14.2,1,14201,1450,5820.081967213115,Recent,Budget,Computer
Tablet,MSI,Working,1.4,0.69,128.0,8.9,1,16156,1656,23414.49275362319,Recent,Premium,Mobile
Charger,Generic,Repairable,1.4,0.19,,,3,122,32,642.1052631578947,Recent,Budget,Accessory
Monitor,Acer,Repairable,0.9,7.62,,25.3,3,3726,407,488.9763779527559,New,Budget,Computer
Laptop,Samsung,Working,2.8,2.85,64.0,14.0,3,16264,1672,5706.666666666666,Recent,Premium,Computer
Speaker,Realme,Working,2.1,2.6,,,2,1109,150,426.53846153846155,Recent,Budget,Accessory
Battery,Apple,Repairable,8.0,0.53,,,3,80,29,150.94339622641508,Very_Old,Premium,Accessory
Charger,Asus,Repairable,1.2,0.13,,,2,321,52,2469.230769230769,Recent,Budget,Accessory
Smartphone,Lenovo,Repairable,6.7,0.19,1024.0,6.5,2,1471,167,7742.105263157895,Very_Old,Budget,Mobile
Laptop,Samsung,Working,1.8,2.51,1024.0,15.2,2,26753,2720,10658.565737051793,Recent,Premium,Computer
Battery,OnePlus,Dead,0.6,0.65,,,3,185,29,284.6153846153846,New,Budget,Accessory
Tablet,Samsung,Working,3.9,0.73,32.0,9.6,2,8664,907,11868.493150684932,Old,Premium,Mobile
Monitor,Xiaomi,Repairable,1.8,5.98,,26.7,2,2410,273,403.01003344481603,Recent,Budget,Computer
Mouse,Lenovo,Repairable,1.2,0.11,,,3,238,43,2163.6363636363635,Recent,Budget,Computer
Tablet,Realme,Repairable,0.7,0.72,512.0,10.1,1,6434,669,8936.111111111111,New,Budget,Mobile
Monitor,Dell,Working,1.9,3.73,,20.9,3,7189,765,1927.3458445040214,Recent,Premium,Computer
Battery,Apple,Working,2.4,0.77,,,2,1097,146,1424.6753246753246,Recent,Premium,Accessory
Smartphone,Samsung,Repairable,3.4,0.15,128.0,5.2,2,4135,433,27566.666666666668,Old,Premium,Mobile
Smartphone,Lenovo,Dead,1.4,0.17,64.0,5.8,2,1955,205,11500.0,Recent,Budget,Mobile
Monitor,Generic,Repairable,1.2,6.28,,24.2,1,2771,310,441.2420382165605,Recent,Budget,Computer
Keyboard,Xiaomi,Repairable,0.9,0.69,,,1,627,83,908.6956521739131,New,Budget,Computer
Battery,OnePlus,Repairable,2.2,0.53,,,2,399,60,752.8301886792452,Recent,Budget,Accessory
Laptop,Dell,Repairable,1.7,1.92,512.0,16.5,1,18057,1834,9404.6875,Recent,Premium,Computer
Laptop,Xiaomi,Repairable,0.7,2.27,32.0,14.6,2,7990,829,3519.8237885462554,New,Budget,Computer
Monitor,Asus,Dead,4.7,5.64,,21.7,3,791,100,140.24822695035462,Old,Budget,Computer
Charger,HP,Dead,3.7,0.22,,,2,79,17,359.09090909090907,Old,Budget,Accessory
Battery,Apple,Dead,1.0,0.47,,,3,380,49,808.5106382978723,New,Premium,Accessory
Smartphone,HP,Repairable,2.0,0.19,128.0,6.4,2,4829,502,25415.78947368421,Recent,Budget,Mobile
Speaker,Generic,Dead,1.3,1.36,,,3,283,41,208.08823529411762,Recent,Budget,Accessory
Tablet,Xiaomi,Repairable,2.7,0.69,512.0,9.8,3,4320,453,6260.869565217392,Recent,Budget,Mobile
Tablet,HP,Repairable,0.7,0.78,128.0,11.1,2,7494,776,9607.692307692307,New,Budget,Mobile
Laptop,LG,Repairable,2.7,2.32,256.0,16.0,1,9722,1002,4190.517241379311,Recent,Budget,Computer
Laptop,Acer,Dead,3.8,2.33,64.0,13.5,3,2559,270,1098.283261802575,Old,Budget,Computer
Smartphone,Sony,Working,0.7,0.18,128.0,6.7,2,10732,1113,59622.222222222226,New,Premium,Mobile
Charger,Lenovo,Dead,3.6,0.23,,,2,76,17,330.4347826086956,Old,Budget,Accessory
Headphones,Generic,Dead,0.9,0.49,,,2,229,33,467.34693877551024,New,Budget,Accessory
Battery,MSI,Dead,0.7,0.55,,,2,308,41,560.0,New,Premium,Accessory
Mouse,Local,Repairable,4.9,0.1,,,2,83,28,830.0,Old,Budget,Computer
Speaker,Dell,Repairable,1.1,1.08,,,1,1980,220,1833.3333333333333,Recent,Premium,Accessory
Keyboard,Sony,Repairable,4.5,0.92,,,2,431,65,468.4782608695652,Old,Premium,Computer
Laptop,Lenovo,Repairable,3.9,2.68,128.0,15.2,3,7458,775,2782.8358208955224,Old,Budget,Computer
Speaker,OnePlus,Working,7.4,2.99,,,3,266,67,88.96321070234113,Very_Old,Budget,Accessory
Charger,Local,Working,4.3,0.2,,,1,132,48,660.0,Old,Budget,Accessory
Headphones,HP,Dead,2.4,0.22,,,2,385,48,1750.0,Recent,Budget,Accessory
Battery,Lenovo,Working,4.6,0.41,,,2,466,82,1136.5853658536587,Old,Budget,Accessory
Monitor,MSI,Repairable,6.1,5.14,,24.7,3,1242,154,241.6342412451362,Very_Old,Premium,Computer
Headphones,HP,Repairable,2.0,0.39,,,2,1073,128,2751.2820512820513,Recent,Budget,Accessory
Mouse,OnePlus,Working,1.7,0.18,,,3,566,91,3144.4444444444443,Recent,Budget,Computer
Speaker,OnePlus,Working,1.3,2.32,,,3,2577,297,1110.7758620689656,Recent,Budget,Accessory
Headphones,Asus,Working,2.1,0.22,,,2,1519,186,6904.545454545455,Recent,Budget,Accessory
Charger,Dell,Dead,1.2,0.16,,,3,129,22,806.25,Recent,Premium,Accessory
Charger,HP,Working,0.5,0.25,,,3,479,82,1916.0,New,Budget,Accessory
Speaker,Xiaomi,Repairable,1.2,2.06,,,1,935,117,453.88349514563106,Recent,Budget,Accessory
Speaker,Samsung,Working,4.8,1.17,,,3,1358,172,1160.6837606837607,Old,Premium,Accessory
Mouse,LG,Working,4.3,0.16,,,1,349,69,2181.25,Old,Budget,Computer
Headphones,Local,Repairable,1.6,0.41,,,3,454,66,1107.3170731707319,Recent,Budget,Accessory
Mouse,Realme,Dead,5.0,0.13,,,2,50,15,384.6153846153846,Old,Budget,Computer
Battery,HP,Working,0.5,0.31,,,3,1118,147,3606.451612903226,New,Budget,Accessory
Keyboard,Realme,Working,0.9,0.54,,,2,726,108,1344.4444444444443,New,Budget,Computer
Charger,Samsung,Working,1.6,0.25,,,1,679,102,2716.0,Recent,Premium,Accessory
Smartphone,Apple,Dead,1.0,0.2,128.0,6.5,1,4589,468,22945.0,New,Premium,Mobile
Mouse,Lenovo,Working,1.3,0.2,,,1,719,106,3595.0,Recent,Budget,Computer
Battery,HP,Working,0.6,0.32,,,2,942,130,2943.75,New,Budget,Accessory
Smartphone,Apple,Working,3.1,0.17,512.0,5.2,3,10961,1136,64476.47058823529,Old,Premium,Mobile
Headphones,LG,Working,5.6,0.3,,,1,900,126,3000.0,Very_Old,Budget,Accessory
Speaker,Realme,Dead,6.3,1.01,,,3,91,21,90.0990099009901,Very_Old,Budget,Accessory
Charger,Generic,Working,0.5,0.28,,,1,324,68,1157.142857142857,New,Budget,Accessory
Speaker,Sony,Dead,0.7,1.22,,,1,749,86,613.9344262295082,New,Premium,Accessory
Battery,HP,Repairable,6.1,0.65,,,1,213,42,327.6923076923077,Very_Old,Budget,Accessory
Tablet,Samsung,Repairable,1.4,0.42,512.0,8.1,3,9604,986,22866.666666666668,Recent,Premium,Mobile
Headphones,MSI,Repairable,6.4,0.31,,,1,280,49,903.2258064516129,Very_Old,Premium,Accessory
Battery,HP,Working,2.8,0.79,,,2,922,129,1167.0886075949365,Recent,Budget,Accessory
Tablet,Local,Working,0.9,0.47,32.0,11.1,1,6545,695,13925.531914893618,New,Budget,Mobile
Headphones,LG,Repairable,3.2,0.25,,,2,842,104,3368.0,Old,Budget,Accessory
Battery,Xiaomi,Working,2.5,0.72,,,1,610,97,847.2222222222223,Recent,Budget,Accessory
Laptop,LG,Repairable,1.6,2.97,256.0,16.5,1,13606,1391,4581.144781144781,Recent,Budget,Computer
Battery,Generic,Repairable,6.6,0.64,,,2,67,27,104.6875,Very_Old,Budget,Accessory
Mouse,MSI,Working,0.5,0.1,,,3,629,97,6290.0,New,Premium,Computer
Keyboard,LG,Dead,0.9,0.68,,,2,271,38,398.52941176470586,New,Budget,Computer
Charger,Apple,Repairable,1.4,0.18,,,2,352,55,1955.5555555555557,Recent,Premium,Accessory
Keyboard,Realme,Working,0.6,0.97,,,1,943,131,972.1649484536083,New,Budget,Computer
Laptop,Realme,Dead,1.7,2.45,1024.0,14.7,2,3640,379,1485.7142857142856,Recent,Budget,Computer
Battery,HP,Working,2.5,0.78,,,2,930,130,1192.3076923076924,Recent,Budget,Accessory
Headphones,HP,Repairable,1.6,0.39,,,3,798,100,2046.1538461538462,Recent,Budget,Accessory
Battery,Realme,Dead,2.1,0.79,,,3,107,22,135.44303797468353,Recent,Budget,Accessory
Speaker,HP,Repairable,5.8,1.81,,,1,674,91,372.3756906077348,Very_Old,Budget,Accessory
Smartphone,LG,Repairable,2.2,0.15,128.0,5.5,2,4398,459,29320.0,Recent,Budget,Mobile
Keyboard,LG,Repairable,0.6,1.07,,,3,585,80,546.7289719626168,New,Budget,Computer
Laptop,LG,Working,3.7,1.93,64.0,16.9,1,13434,1387,6960.621761658032,Old,Budget,Computer
Headphones,Xiaomi,Working,1.4,0.38,,,1,1491,185,3923.684210526316,Recent,Budget,Accessory
Speaker,Asus,Repairable,2.1,2.83,,,2,1344,160,474.9116607773851,Recent,Budget,Accessory
Monitor,Generic,Working,1.5,7.31,,26.1,2,3348,384,458.0027359781122,Recent,Budget,Computer
Smartphone,MSI,Working,6.5,0.21,1024.0,6.2,3,3111,346,14814.285714285716,Very_Old,Premium,Mobile
Laptop,Realme,Repairable,4.2,2.92,32.0,13.7,1,4254,451,1456.8493150684933,Old,Budget,Computer
Mouse,Local,Working,1.8,0.17,,,1,250,60,1470.5882352941176,Recent,Budget,Computer
Tablet,Generic,Repairable,0.5,0.54,64.0,11.4,1,5157,541,9550.0,New,Budget,Mobile
Headphones,Dell,Repairable,1.5,0.26,,,1,1160,137,4461.538461538461,Recent,Premium,Accessory
Laptop,Realme,Working,0.9,1.66,1024.0,17.0,3,16351,1678,9850.0,New,Budget,Computer
Tablet,Lenovo,Repairable,0.9,0.42,256.0,10.3,3,6337,659,15088.095238095239,New,Budget,Mobile
Monitor,Apple,Dead,1.0,4.51,,29.1,1,2761,295,612.1951219512196,New,Premium,Computer
Laptop,Samsung,Dead,3.0,2.45,128.0,16.6,3,4043,419,1650.204081632653,Recent,Premium,Computer
Tablet,OnePlus,Working,7.5,0.47,256.0,10.6,2,1526,188,3246.8085106382982,Very_Old,Budget,Mobile
Charger,Acer,Working,0.7,0.19,,,2,492,84,2589.4736842105262,New,Budget,Accessory
Tablet,HP,Dead,2.0,0.53,128.0,12.7,3,2504,261,4724.528301886792,Recent,Budget,Mobile
Headphones,OnePlus,Dead,1.0,0.4,,,2,388,49,970.0,New,Budget,Accessory
Smartphone,LG,Working,0.6,0.21,32.0,5.0,2,8380,878,39904.76190476191,New,Budget,Mobile
Tablet,HP,Dead,0.9,0.63,128.0,9.0,2,3472,358,5511.111111111111,New,Budget,Mobile
Headphones,Xiaomi,Working,2.7,0.25,,,1,1212,156,4848.0,Recent,Budget,Accessory
Laptop,Acer,Working,1.6,2.48,1024.0,16.8,2,24224,2467,9767.741935483871,Recent,Budget,Computer
Smartphone,Samsung,Dead,0.5,0.24,64.0,6.7,1,2693,279,11220.833333333334,New,Premium,Mobile
Keyboard,OnePlus,Dead,1.2,0.77,,,2,258,37,335.06493506493507,Recent,Budget,Computer
Battery,OnePlus,Repairable,0.7,0.66,,,2,680,89,1030.3030303030303,New,Budget,Accessory
Mouse,Xiaomi,Dead,2.4,0.17,,,3,85,18,499.99999999999994,Recent,Budget,Computer
Charger,MSI,Repairable,1.1,0.11,,,3,228,42,2072.7272727272725,Recent,Premium,Accessory
Battery,MSI,Working,1.4,0.42,,,3,783,114,1864.2857142857144,Recent,Premium,Accessory
Tablet,OnePlus,Dead,0.9,0.45,64.0,8.7,3,3370,348,7488.888888888889,New,Budget,Mobile
Monitor,Samsung,Repairable,2.0,5.97,,20.3,2,4547,486,761.641541038526,Recent,Premium,Computer
Headphones,Samsung,Repairable,1.3,0.22,,,2,1189,138,5404.545454545455,Recent,Premium,Accessory
Battery,Lenovo,Working,0.9,0.58,,,2,1030,139,1775.8620689655174,New,Budget,Accessory
Monitor,MSI,Working,2.0,5.17,,29.9,2,7359,785,1423.404255319149,Recent,Premium,Computer
Tablet,Xiaomi,Dead,1.0,0.69,1024.0,10.1,1,2819,292,4085.507246376812,New,Budget,Mobile
Headphones,LG,Working,1.2,0.34,,,1,1691,205,4973.529411764705,Recent,Budget,Accessory
Monitor,Local,Repairable,0.6,3.56,,25.6,2,1705,197,478.9325842696629,New,Budget,Computer
Keyboard,Acer,Repairable,4.3,0.66,,,3,358,56,542.4242424242424,Old,Budget,Computer
Keyboard,Dell,Repairable,6.7,1.17,,,1,222,44,189.74358974358975,Very_Old,Premium,Computer
Tablet,Local,Repairable,1.4,0.43,32.0,10.7,1,3291,350,7653.488372093024,Recent,Budget,Mobile
Smartphone,Sony,Repairable,4.3,0.25,256.0,5.6,3,3281,348,13124.0,Old,Premium,Mobile
Battery,Samsung,Repairable,0.9,0.3,,,2,658,86,2193.3333333333335,New,Premium,Accessory
Mouse,OnePlus,Repairable,2.1,0.18,,,3,284,48,1577.7777777777778,Recent,Budget,Computer
Keyboard,Samsung,Working,5.5,0.94,,,1,773,114,822.3404255319149,Very_Old,Premium,Computer
Mouse,Dell,Working,0.8,0.19,,,1,899,124,4731.578947368421,New,Premium,Computer
Mouse,Lenovo,Working,0.9,0.12,,,2,747,109,6225.0,New,Budget,Computer
Mouse,Sony,Working,0.6,0.15,,,2,726,107,4840.0,New,Premium,Computer
Speaker,Xiaomi,Working,2.7,2.68,,,2,1328,172,495.5223880597015,Recent,Budget,Accessory
Charger,Apple,Dead,1.6,0.3,,,2,194,30,646.6666666666667,Recent,Premium,Accessory
Keyboard,MSI,Repairable,5.1,0.81,,,3,284,50,350.61728395061726,Very_Old,Premium,Computer
Smartphone,Asus,Dead,1.6,0.22,1024.0,5.5,3,1823,192,8286.363636363636,Recent,Budget,Mobile
Mouse,Samsung,Dead,0.6,0.14,,,1,242,34,1728.5714285714284,New,Premium,Computer
Battery,Sony,Repairable,0.5,0.64,,,2,753,96,1176.5625,New,Premium,Accessory
Headphones,Dell,Working,1.0,0.41,,,3,2390,275,5829.2682926829275,New,Premium,Accessory
Laptop,Realme,Working,7.1,1.85,256.0,13.6,1,2396,278,1295.135135135135,Very_Old,Budget,Computer
Smartphone,Lenovo,Working,2.9,0.22,64.0,5.6,1,8228,862,37400.0,Recent,Budget,Mobile
Speaker,HP,Repairable,0.9,2.16,,,3,1340,158,620.3703703703703,New,Budget,Accessory
Tablet,LG,Repairable,3.1,0.58,128.0,9.4,3,4071,428,7018.9655172413795,Old,Budget,Mobile
Monitor,Apple,Dead,1.0,4.33,,23.5,1,2628,281,606.9284064665127,New,Premium,Computer
Smartphone,Lenovo,Repairable,0.6,0.17,32.0,5.6,1,6477,672,38100.0,New,Budget,Mobile
Tablet,Local,Repairable,2.7,0.69,32.0,12.7,1,2687,289,3894.202898550725,Recent,Budget,Mobile
Keyboard,MSI,Dead,0.5,1.02,,,2,434,55,425.4901960784314,New,Premium,Computer
Charger,Generic,Repairable,4.5,0.13,,,3,65,26,500.0,Old,Budget,Accessory
Speaker,OnePlus,Repairable,0.9,2.2,,,3,1463,170,665.0,New,Budget,Accessory
Charger,Asus,Repairable,1.3,0.21,,,2,305,50,1452.3809523809525,Recent,Budget,Accessory
Speaker,OnePlus,Repairable,1.6,2.71,,,3,1354,160,499.6309963099631,Recent,Budget,Accessory
Monitor,HP,Dead,0.6,6.11,,26.2,2,1792,201,293.28968903436987,New,Budget,Computer
Headphones,Sony,Dead,6.8,0.46,,,2,104,21,226.08695652173913,Very_Old,Premium,Accessory
Battery,Apple,Dead,1.2,0.42,,,2,351,46,835.7142857142858,Recent,Premium,Accessory
Headphones,Samsung,Dead,0.7,0.36,,,2,462,57,1283.3333333333335,New,Premium,Accessory
Monitor,Local,Dead,1.3,4.1,,28.5,2,903,108,220.2439024390244,Recent,Budget,Computer
Tablet,Local,Working,1.4,0.44,512.0,9.0,2,5988,639,13609.09090909091,Recent,Budget,Mobile
Battery,Acer,Working,2.0,0.72,,,2,775,113,1076.388888888889,Recent,Budget,Accessory
Headphones,Samsung,Working,2.5,0.36,,,2,2238,259,6216.666666666667,Recent,Premium,Accessory
Laptop,MSI,Working,5.9,2.27,32.0,14.8,2,7965,841,3508.8105726872245,Very_Old,Premium,Computer
Battery,Dell,Repairable,0.9,0.62,,,3,548,75,883.8709677419355,New,Premium,Accessory
Charger,Sony,Working,0.7,0.14,,,1,675,102,4821.428571428571,New,Premium,Accessory
Keyboard,Local,Dead,4.9,0.9,,,2,66,18,73.33333333333333,Old,Budget,Computer
Battery,LG,Dead,1.3,0.59,,,1,224,33,379.66101694915255,Recent,Budget,Accessory
Speaker,MSI,Working,2.7,1.1,,,1,2507,287,2279.090909090909,Recent,Premium,Accessory
Charger,Realme,Working,1.2,0.17,,,1,406,75,2388.235294117647,Recent,Budget,Accessory
Laptop,Samsung,Dead,0.9,1.97,32.0,16.5,1,7240,743,3675.1269035532996,New,Premium,Computer
Battery,Xiaomi,Dead,1.6,0.67,,,3,149,25,222.38805970149252,Recent,Budget,Accessory
Tablet,Apple,Working,1.2,0.56,64.0,12.1,1,20769,2117,37087.5,Recent,Premium,Mobile
Headphones,Generic,Working,0.6,0.29,,,2,1164,152,4013.7931034482763,New,Budget,Accessory
Charger,Asus,Repairable,2.2,0.19,,,1,276,47,1452.6315789473683,Recent,Budget,Accessory
Headphones,Sony,Working,0.9,0.33,,,3,2037,239,6172.727272727272,New,Premium,Accessory
Laptop,Apple,Repairable,5.1,1.89,64.0,15.6,3,8833,912,4673.544973544974,Very_Old,Premium,Computer
Battery,Generic,Dead,0.5,0.66,,,1,113,22,171.21212121212122,New,Budget,Accessory
Speaker,Lenovo,Repairable,8.0,2.75,,,2,142,40,51.63636363636363,Very_Old,Budget,Accessory
Speaker,Lenovo,Working,1.1,1.76,,,2,2340,273,1329.5454545454545,Recent,Budget,Accessory
Headphones,Dell,Repairable,1.4,0.3,,,2,1191,140,3970.0,Recent,Premium,Accessory
Laptop,Xiaomi,Repairable,0.9,2.77,1024.0,14.9,1,11899,1220,4295.667870036101,New,Budget,Computer
Battery,Generic,Working,4.3,0.42,,,1,252,61,600.0,Old,Budget,Accessory
Keyboard,MSI,Repairable,2.4,0.82,,,3,598,81,729.2682926829269,Recent,Premium,Computer
Headphones,Lenovo,Repairable,5.1,0.49,,,3,425,63,867.3469387755102,Very_Old,Budget,Accessory
Battery,MSI,Dead,3.4,0.34,,,3,135,24,397.0588235294117,Old,Premium,Accessory
Headphones,Asus,Working,3.1,0.33,,,1,1582,194,4793.939393939394,Old,Budget,Accessory
Tablet,Acer,Working,1.2,0.64,32.0,11.1,1,10700,1111,16718.75,Recent,Budget,Mobile
Laptop,Dell,Working,0.9,1.6,256.0,13.9,1,29755,3018,18596.875,New,Premium,Computer
Laptop,Lenovo,Dead,4.9,1.58,1024.0,15.2,2,2279,240,1442.4050632911392,Old,Budget,Computer
Monitor,Acer,Repairable,1.8,3.23,,31.8,2,2644,290,818.5758513931888,Recent,Budget,Computer
Mouse,Acer,Repairable,2.7,0.14,,,3,211,41,1507.142857142857,Recent,Budget,Computer
Monitor,Local,Repairable,1.1,4.72,,30.5,1,2124,241,450.0,Recent,Budget,Computer
Tablet,LG,Working,0.9,0.74,32.0,9.1,1,11908,1231,16091.891891891892,New,Budget,Mobile
Headphones,LG,Working,0.6,0.24,,,2,2323,267,9679.166666666668,New,Budget,Accessory
Battery,MSI,Repairable,1.7,0.34,,,2,643,85,1891.1764705882351,Recent,Premium,Accessory
Tablet,Generic,Working,4.7,0.7,1024.0,9.1,2,4389,474,6270.0,Old,Budget,Mobile
Charger,Local,Dead,4.1,0.24,,,3,45,14,187.5,Old,Budget,Accessory
Tablet,Apple,Dead,3.7,0.54,64.0,9.3,3,2999,310,5553.7037037037035,Old,Premium,Mobile
Battery,Samsung,Repairable,1.3,0.35,,,3,655,86,1871.4285714285716,Recent,Premium,Accessory
Tablet,Apple,Dead,1.2,0.61,64.0,12.7,2,4421,453,7247.540983606557,Recent,Premium,Mobile
Keyboard,Lenovo,Dead,1.3,1.04,,,3,286,40,275.0,Recent,Budget,Computer
Battery,Apple,Dead,1.6,0.49,,,2,360,47,734.6938775510205,Recent,Premium,Accessory
Charger,MSI,Repairable,5.4,0.25,,,2,114,31,456.0,Very_Old,Premium,Accessory
Laptop,Xiaomi,Dead,4.9,2.08,512.0,16.3,1,2157,229,1037.0192307692307,Old,Budget,Computer
Tablet,Sony,Repairable,0.9,0.71,1024.0,12.4,3,8345,860,11753.521126760565,New,Premium,Mobile
Headphones,OnePlus,Working,0.9,0.33,,,2,2365,272,7166.666666666666,New,Budget,Accessory
Speaker,Realme,Dead,0.5,1.22,,,1,519,63,425.40983606557376,New,Budget,Accessory
Smartphone,Xiaomi,Dead,1.2,0.25,512.0,5.6,2,1480,158,5920.0,Recent,Budget,Mobile
Mouse,MSI,Repairable,3.3,0.17,,,1,312,51,1835.2941176470588,Old,Premium,Computer
Smartphone,LG,Repairable,2.0,0.23,32.0,5.8,2,3924,412,17060.869565217392,Recent,Budget,Mobile
Battery,Local,Repairable,0.8,0.6,,,3,193,40,321.6666666666667,New,Budget,Accessory
Speaker,HP,Dead,1.3,1.94,,,3,444,58,228.8659793814433,Recent,Budget,Accessory
Monitor,Xiaomi,Working,0.7,6.43,,30.2,3,4998,547,777.293934681182,New,Budget,Computer
Smartphone,Generic,Working,2.9,0.15,512.0,5.2,1,4830,518,32200.0,Recent,Budget,Mobile
Headphones,Apple,Repairable,3.5,0.5,,,1,1221,143,2442.0,Old,Premium,Accessory
Keyboard,HP,Working,2.8,0.67,,,2,1010,137,1507.4626865671642,Recent,Budget,Computer
Laptop,MSI,Dead,4.4,1.75,512.0,14.8,3,2890,303,1651.4285714285713,Old,Premium,Computer
Mouse,LG,Working,3.0,0.14,,,3,482,83,3442.8571428571427,Recent,Budget,Computer
Headphones,MSI,Repairable,0.7,0.31,,,1,1491,170,4809.677419354839,New,Premium,Accessory
Speaker,HP,Repairable,1.0,2.31,,,2,1280,153,554.1125541125541,New,Budget,Accessory
Laptop,Generic,Working,0.6,1.68,256.0,15.2,2,16331,1676,9720.833333333334,New,Budget,Computer
Charger,Dell,Repairable,3.7,0.17,,,1,231,43,1358.8235294117646,Old,Premium,Accessory
Battery,Samsung,Working,1.9,0.77,,,1,1274,164,1654.5454545454545,Recent,Premium,Accessory
Keyboard,Apple,Working,3.1,0.53,,,3,1349,170,2545.2830188679245,Old,Premium,Computer
Headphones,Dell,Repairable,1.8,0.48,,,2,966,117,2012.5,Recent,Premium,Accessory
Battery,Dell,Dead,1.1,0.51,,,1,251,36,492.156862745098,Recent,Premium,Accessory
Tablet,Sony,Working,0.8,0.74,128.0,12.2,2,15634,1604,21127.027027027027,New,Premium,Mobile
Mouse,Acer,Repairable,4.1,0.13,,,1,199,39,1530.7692307692307,Old,Budget,Computer
Tablet,Generic,Working,0.7,0.77,32.0,9.9,3,6184,660,8031.168831168831,New,Budget,Mobile
Laptop,MSI,Dead,1.2,2.19,128.0,14.5,3,4736,487,2162.557077625571,Recent,Premium,Computer
Laptop,MSI,Repairable,3.7,2.75,32.0,14.9,2,8161,847,2967.6363636363635,Old,Premium,Computer
Mouse,Xiaomi,Repairable,4.6,0.11,,,2,145,34,1318.1818181818182,Old,Budget,Computer
Speaker,Lenovo,Dead,1.0,2.36,,,2,600,75,254.23728813559325,New,Budget,Accessory
Laptop,Sony,Working,2.1,2.79,64.0,14.4,2,18596,1905,6665.232974910394,Recent,Premium,Computer
Headphones,Acer,Working,2.0,0.44,,,3,1183,154,2688.6363636363635,Recent,Budget,Accessory
Laptop,Samsung,Working,3.7,2.1,128.0,16.0,1,17056,1749,8121.9047619047615,Old,Premium,Computer
Mouse,HP,Repairable,0.7,0.15,,,3,286,48,1906.6666666666667,New,Budget,Computer
Charger,Apple,Working,1.4,0.22,,,2,796,114,3618.181818181818,Recent,Premium,Accessory
Battery,Samsung,Dead,1.5,0.51,,,3,207,31,405.88235294117646,Recent,Premium,Accessory
Battery,HP,Working,1.7,0.78,,,2,1062,143,1361.5384615384614,Recent,Budget,Accessory
Keyboard,MSI,Repairable,0.8,0.52,,,2,965,117,1855.7692307692307,New,Premium,Computer
Monitor,Generic,Repairable,2.0,5.69,,23.1,3,1917,222,336.9068541300527,Recent,Budget,Computer
Keyboard,OnePlus,Dead,1.8,1.18,,,2,302,42,255.93220338983053,Recent,Budget,Computer
Charger,HP,Dead,0.8,0.13,,,1,127,22,976.9230769230769,New,Budget,Accessory
Monitor,Apple,Repairable,3.4,4.48,,31.3,1,3981,427,888.6160714285713,Old,Premium,Computer
Charger,Asus,Working,0.9,0.1,,,3,448,79,4480.0,New,Budget,Accessory
Smartphone,Sony,Dead,1.0,0.19,32.0,6.6,1,3308,340,17410.526315789473,New,Premium,Mobile
Laptop,Realme,Repairable,1.7,2.12,32.0,14.0,2,6976,726,3290.566037735849,Recent,Budget,Computer
Keyboard,Xiaomi,Repairable,0.6,1.16,,,2,455,67,392.2413793103449,New,Budget,Computer
Charger,Samsung,Repairable,0.9,0.19,,,1,383,58,2015.7894736842104,New,Premium,Accessory
Charger,HP,Working,0.5,0.13,,,3,502,85,3861.5384615384614,New,Budget,Accessory
Headphones,Apple,Dead,2.8,0.27,,,1,573,68,2122.222222222222,Recent,Premium,Accessory
Headphones,Asus,Dead,2.1,0.47,,,1,414,52,880.8510638297873,Recent,Budget,Accessory
Headphones,Generic,Working,0.8,0.35,,,1,1278,163,3651.4285714285716,New,Budget,Accessory
Charger,Generic,Repairable,0.7,0.18,,,1,136,33,755.5555555555555,New,Budget,Accessory
Mouse,Sony,Working,0.6,0.15,,,2,721,107,4806.666666666667,New,Premium,Computer
Headphones,LG,Working,4.2,0.38,,,3,940,130,2473.684210526316,Old,Budget,Accessory
Charger,Dell,Repairable,1.5,0.2,,,3,220,42,1100.0,Recent,Premium,Accessory
Mouse,Realme,Repairable,5.0,0.2,,,1,95,29,475.0,Old,Budget,Computer
Laptop,Samsung,Dead,0.8,1.72,128.0,15.6,2,7072,725,4111.627906976744,New,Premium,Computer
Laptop,Dell,Repairable,4.3,2.63,512.0,15.5,3,7477,777,2842.965779467681,Old,Premium,Computer
Monitor,Apple,Working,2.8,5.56,,27.4,3,8309,881,1494.4244604316548,Recent,Premium,Computer
Mouse,MSI,Repairable,2.1,0.16,,,3,320,52,2000.0,Recent,Premium,Computer
Mouse,Local,Repairable,3.0,0.16,,,2,113,31,706.25,Recent,Budget,Computer
Headphones,Local,Repairable,2.8,0.33,,,1,344,55,1042.4242424242423,Recent,Budget,Accessory
Battery,MSI,Dead,0.5,0.58,,,2,285,39,491.3793103448276,New,Premium,Accessory
Battery,Samsung,Repairable,7.7,0.48,,,1,77,28,160.41666666666669,Very_Old,Premium,Accessory
Smartphone,Dell,Working,1.0,0.16,512.0,5.4,1,14969,1536,93556.25,New,Premium,Mobile
Keyboard,Apple,Repairable,2.4,0.98,,,2,887,110,905.1020408163265,Recent,Premium,Computer
Mouse,Samsung,Working,4.7,0.14,,,2,363,71,2592.8571428571427,Old,Premium,Computer
Mouse,Local,Dead,5.0,0.19,,,1,55,15,289.4736842105263,Old,Budget,Computer
Tablet,Dell,Repairable,0.6,0.44,512.0,12.8,3,7647,790,17379.545454545456,New,Premium,Mobile
Laptop,Asus,Dead,2.1,2.06,256.0,14.8,1,6588,677,3198.0582524271845,Recent,Budget,Computer
Tablet,Dell,Repairable,1.3,0.78,1024.0,12.1,2,9629,989,12344.871794871795,Recent,Premium,Mobile
Battery,Apple,Repairable,1.9,0.69,,,3,572,78,828.9855072463769,Recent,Premium,Accessory
Speaker,MSI,Repairable,2.2,2.97,,,3,1105,136,372.05387205387206,Recent,Premium,Accessory
Keyboard,OnePlus,Working,3.7,0.84,,,2,708,107,842.8571428571429,Old,Budget,Computer
Speaker,Asus,Working,3.4,1.34,,,3,1750,213,1305.9701492537313,Old,Budget,Accessory
Headphones,Sony,Working,0.7,0.48,,,3,1916,227,3991.666666666667,New,Premium,Accessory
Battery,Local,Repairable,1.0,0.36,,,1,299,50,830.5555555555555,New,Budget,Accessory
Speaker,Generic,Dead,3.0,2.48,,,3,207,35,83.46774193548387,Recent,Budget,Accessory
Headphones,Asus,Repairable,1.8,0.23,,,1,1112,131,4834.782608695652,Recent,Budget,Accessory
Laptop,LG,Repairable,1.1,2.97,1024.0,14.7,1,15832,1614,5330.63973063973,Recent,Budget,Computer
Tablet,Realme,Working,0.8,0.71,1024.0,8.9,2,7681,809,10818.30985915493,New,Budget,Mobile
Monitor,Dell,Repairable,1.0,5.78,,23.1,1,5892,626,1019.3771626297578,New,Premium,Computer
Monitor,Acer,Working,0.7,5.32,,21.9,1,8639,914,1623.8721804511276,New,Budget,Computer
Battery,Dell,Dead,1.0,0.77,,,1,334,45,433.76623376623377,New,Premium,Accessory
Laptop,Realme,Working,8.0,2.71,64.0,13.8,3,1255,165,463.09963099631,Very_Old,Budget,Computer
Smartphone,LG,Working,1.3,0.18,64.0,6.4,2,10705,1110,59472.222222222226,Recent,Budget,Mobile
Tablet,Acer,Repairable,3.1,0.47,32.0,12.1,3,4604,481,9795.744680851065,Old,Budget,Mobile
Charger,LG,Working,0.9,0.27,,,2,464,82,1718.5185185185185,New,Budget,Accessory
Headphones,Xiaomi,Repairable,0.7,0.4,,,3,735,94,1837.5,New,Budget,Accessory
Tablet,HP,Working,0.7,0.53,64.0,11.3,3,15395,1580,29047.169811320753,New,Budget,Mobile
Monitor,Xiaomi,Repairable,3.1,4.06,,22.6,1,1931,221,475.61576354679806,Old,Budget,Computer
Smartphone,Lenovo,Working,1.1,0.17,256.0,6.0,1,9880,1028,58117.647058823524,Recent,Budget,Mobile
Smartphone,Acer,Repairable,1.3,0.23,128.0,5.8,1,4258,445,18513.043478260868,Recent,Budget,Mobile
Laptop,Local,Working,0.5,2.22,128.0,16.9,1,9672,1011,4356.756756756757,New,Budget,Computer
Battery,MSI,Working,3.6,0.55,,,3,541,90,983.6363636363635,Old,Premium,Accessory
Mouse,Samsung,Repairable,2.3,0.18,,,2,311,51,1727.7777777777778,Recent,Premium,Computer
Monitor,Xiaomi,Working,2.2,7.07,,29.4,3,4576,506,647.2418670438473,Recent,Budget,Computer
Keyboard,LG,Working,4.7,1.16,,,2,600,97,517.2413793103449,Old,Budget,Computer
Keyboard,Local,Working,2.2,1.05,,,3,464,83,441.90476190476187,Recent,Budget,Computer
Keyboard,LG,Working,8.0,0.51,,,3,122,48,239.2156862745098,Very_Old,Budget,Computer
Mouse,Asus,Dead,1.2,0.13,,,1,151,25,1161.5384615384614,Recent,Budget,Computer
Charger,OnePlus,Working,3.0,0.12,,,1,482,83,4016.666666666667,Recent,Budget,Accessory
Mouse,MSI,Working,2.9,0.13,,,2,496,84,3815.3846153846152,Recent,Premium,Computer
Laptop,Realme,Dead,2.5,2.64,32.0,16.4,1,3256,340,1233.3333333333333,Recent,Budget,Computer
Headphones,Lenovo,Dead,7.2,0.37,,,3,70,18,189.1891891891892,Very_Old,Budget,Accessory
Mouse,Generic,Repairable,3.8,0.19,,,3,83,28,436.84210526315786,Old,Budget,Computer
Mouse,Local,Working,7.3,0.15,,,2,50,40,333.33333333333337,Very_Old,Budget,Computer
Mouse,Apple,Working,0.8,0.14,,,1,1057,140,7549.999999999999,New,Premium,Computer
Mouse,LG,Repairable,1.2,0.11,,,1,407,60,3700.0,Recent,Budget,Computer
Monitor,Dell,Working,0.5,4.56,,26.7,2,8290,878,1817.9824561403511,New,Premium,Computer
Battery,Lenovo,Repairable,1.1,0.43,,,1,549,75,1276.7441860465117,Recent,Budget,Accessory
Monitor,Asus,Repairable,2.6,3.61,,22.2,3,2715,298,752.0775623268698,Recent,Budget,Computer
Speaker,Realme,Repairable,7.8,1.79,,,1,112,35,62.56983240223464,Very_Old,Budget,Accessory
Keyboard,Realme,Working,1.1,0.84,,,1,721,109,858.3333333333334,Recent,Budget,Computer
Smartphone,Generic,Working,0.6,0.2,256.0,5.2,3,5157,555,25785.0,New,Budget,Mobile
Mouse,Sony,Repairable,2.8,0.2,,,2,290,49,1450.0,Recent,Premium,Computer
Mouse,Apple,Repairable,2.5,0.2,,,1,549,74,2745.0,Recent,Premium,Computer
Tablet,HP,Repairable,1.7,0.69,32.0,10.5,1,6261,652,9073.913043478262,Recent,Budget,Mobile
Battery,OnePlus,Dead,1.2,0.38,,,1,246,35,647.3684210526316,Recent,Budget,Accessory
Mouse,Xiaomi,Repairable,0.8,0.17,,,1,274,47,1611.764705882353,New,Budget,Computer
Monitor,HP,Working,2.0,3.73,,26.6,1,6698,716,1795.710455764075,Recent,Budget,Computer
Smartphone,Local,Repairable,8.0,0.16,32.0,6.6,3,216,41,1350.0,Very_Old,Budget,Mobile
Speaker,Local,Repairable,0.7,2.75,,,1,712,97,258.90909090909093,New,Budget,Accessory
Charger,Local,Working,1.5,0.16,,,1,216,56,1350.0,Recent,Budget,Accessory
Headphones,MSI,Repairable,1.2,0.47,,,3,1146,135,2438.297872340426,Recent,Premium,Accessory
Monitor,Apple,Repairable,2.7,6.99,,27.0,1,5075,546,726.0371959942776,Recent,Premium,Computer
Tablet,Asus,Dead,1.7,0.71,1024.0,11.2,1,3203,331,4511.267605633803,Recent,Budget,Mobile
Keyboard,Generic,Dead,4.8,0.78,,,3,57,17,73.07692307692308,Old,Budget,Computer
Charger,Samsung,Working,2.0,0.17,,,2,591,94,3476.4705882352937,Recent,Premium,Accessory
Speaker,Lenovo,Working,6.5,1.97,,,2,621,101,315.2284263959391,Very_Old,Budget,Accessory
Charger,MSI,Repairable,2.6,0.12,,,2,226,42,1883.3333333333335,Recent,Premium,Accessory
Smartphone,Acer,Working,5.5,0.22,1024.0,5.4,2,2937,328,13350.0,Very_Old,Budget,Mobile
Headphones,HP,Working,2.8,0.43,,,1,1942,230,4516.279069767442,Recent,Budget,Accessory
Smartphone,Acer,Working,1.2,0.24,64.0,6.3,1,9375,977,39062.5,Recent,Budget,Mobile
Headphones,Xiaomi,Working,2.3,0.24,,,2,1339,168,5579.166666666667,Recent,Budget,Accessory
Speaker,Dell,Working,0.8,1.51,,,3,3095,347,2049.6688741721855,New,Premium,Accessory
Monitor,Sony,Repairable,2.4,7.19,,23.9,3,3521,386,489.7079276773296,Recent,Premium,Computer
Headphones,Generic,Repairable,5.6,0.21,,,1,260,46,1238.095238095238,Very_Old,Budget,Accessory
Laptop,Generic,Dead,1.0,2.77,256.0,15.3,2,2609,276,941.8772563176896,New,Budget,Computer
Tablet,Sony,Working,4.9,0.59,64.0,11.9,2,7650,806,12966.101694915254,Old,Premium,Mobile
Battery,Samsung,Working,3.2,0.76,,,1,905,127,1190.7894736842104,Old,Premium,Accessory
Laptop,Dell,Repairable,0.9,1.57,256.0,13.6,1,15444,1572,9836.942675159235,New,Premium,Computer
Tablet,Lenovo,Repairable,2.1,0.47,1024.0,8.2,2,5167,542,10993.617021276596,Recent,Budget,Mobile
Mouse,Local,Dead,4.1,0.16,,,3,45,14,281.25,Old,Budget,Computer
Speaker,Sony,Dead,5.0,1.14,,,1,409,52,358.7719298245614,Old,Premium,Accessory
Speaker,OnePlus,Repairable,2.4,1.37,,,1,1410,164,1029.1970802919707,Recent,Budget,Accessory
Keyboard,LG,Working,3.4,0.8,,,3,872,124,1090.0,Old,Budget,Computer
Keyboard,Lenovo,Working,0.8,0.7,,,2,1083,144,1547.1428571428573,New,Budget,Computer
Smartphone,HP,Repairable,1.0,0.17,256.0,5.1,3,6405,665,37676.470588235294,New,Budget,Mobile
Keyboard,Local,Working,1.6,0.87,,,2,609,97,700.0,Recent,Budget,Computer
Tablet,Local,Working,8.0,0.7,1024.0,11.9,3,764,112,1091.4285714285716,Very_Old,Budget,Mobile
Laptop,OnePlus,Repairable,7.1,2.56,1024.0,14.6,2,1991,224,777.734375,Very_Old,Budget,Computer
Tablet,Apple,Repairable,2.6,0.54,512.0,10.8,3,7804,806,14451.85185185185,Recent,Premium,Mobile
Tablet,HP,Dead,5.9,0.41,512.0,11.5,3,1152,126,2809.756097560976,Very_Old,Budget,Mobile
Mouse,Local,Working,7.1,0.19,,,2,53,40,278.9473684210526,Very_Old,Budget,Computer
Laptop,Sony,Repairable,2.0,1.81,32.0,16.1,1,13554,1384,7488.397790055248,Recent,Premium,Computer
Charger,OnePlus,Working,5.0,0.26,,,1,241,60,926.9230769230769,Old,Budget,Accessory
Battery,Xiaomi,Dead,2.3,0.47,,,1,116,22,246.8085106382979,Recent,Budget,Accessory
Monitor,Acer,Repairable,0.9,3.57,,22.4,2,4260,453,1193.2773109243699,New,Budget,Computer
Speaker,Xiaomi,Working,1.2,2.92,,,3,1525,193,522.2602739726027,Recent,Budget,Accessory
Mouse,Samsung,Repairable,0.5,0.13,,,2,390,59,3000.0,New,Premium,Computer
Tablet,Asus,Working,0.7,0.43,128.0,8.9,1,16305,1671,37918.604651162794,New,Budget,Mobile
Smartphone,MSI,Working,1.4,0.24,1024.0,6.6,2,11249,1164,46870.833333333336,Recent,Premium,Mobile
Smartphone,Samsung,Working,1.9,0.19,1024.0,5.1,3,11477,1187,60405.26315789473,Recent,Premium,Mobile
Speaker,Samsung,Working,0.7,2.3,,,1,3649,404,1586.521739130435,New,Premium,Accessory
Laptop,Xiaomi,Dead,3.6,2.87,512.0,15.4,2,2507,266,873.5191637630662,Old,Budget,Computer
Smartphone,MSI,Repairable,1.9,0.25,512.0,6.6,1,7220,747,28880.0,Recent,Premium,Mobile
Tablet,Sony,Working,1.1,0.71,1024.0,9.0,1,16085,1649,22654.92957746479,Recent,Premium,Mobile
Mouse,Asus,Working,6.3,0.1,,,1,249,59,2490.0,Very_Old,Budget,Computer
Tablet,Samsung,Repairable,0.8,0.73,64.0,9.7,2,8065,832,11047.945205479453,New,Premium,Mobile
Speaker,OnePlus,Repairable,1.0,2.17,,,2,1389,162,640.0921658986175,New,Budget,Accessory
Laptop,Dell,Working,2.6,1.52,128.0,13.4,2,16802,1723,11053.947368421053,Recent,Premium,Computer
Smartphone,Sony,Working,1.6,0.23,32.0,5.4,2,11832,1223,51443.47826086956,Recent,Premium,Mobile
Keyboard,Apple,Working,2.2,1.04,,,1,1735,210,1668.2692307692307,Recent,Premium,Computer
Headphones,Local,Working,1.6,0.36,,,2,673,103,1869.4444444444446,Recent,Budget,Accessory
Charger,Samsung,Working,0.6,0.13,,,2,710,106,5461.538461538461,New,Premium,Accessory
Mouse,Dell,Repairable,0.7,0.12,,,2,390,59,3250.0,New,Premium,Computer
Monitor,LG,Working,0.7,3.96,,19.3,1,10067,1054,2542.1717171717173,New,Budget,Computer
Monitor,Sony,Working,2.6,4.92,,26.7,1,8204,870,1667.479674796748,Recent,Premium,Computer
Headphones,Generic,Working,1.0,0.45,,,2,1026,138,2280.0,New,Budget,Accessory
Smartphone,OnePlus,Repairable,4.0,0.19,1024.0,6.4,2,4302,450,22642.105263157893,Old,Budget,Mobile
Battery,HP,Working,7.3,0.56,,,2,144,50,257.1428571428571,Very_Old,Budget,Accessory
Speaker,OnePlus,Repairable,3.3,2.76,,,2,1203,146,435.8695652173913,Old,Budget,Accessory
Smartphone,MSI,Repairable,1.3,0.23,1024.0,6.0,3,5043,529,21926.08695652174,Recent,Premium,Mobile
Mouse,Dell,Working,0.9,0.13,,,1,972,132,7476.923076923076,New,Premium,Computer
Smartphone,Local,Working,0.8,0.21,256.0,5.2,1,5531,593,26338.09523809524,New,Budget,Mobile
Mouse,Samsung,Dead,1.3,0.16,,,3,140,24,875.0,Recent,Premium,Computer
Smartphone,Lenovo,Repairable,3.7,0.25,128.0,5.3,3,2560,276,10240.0,Old,Budget,Mobile
Tablet,OnePlus,Dead,1.7,0.7,256.0,8.1,3,2589,269,3698.571428571429,Recent,Budget,Mobile
Monitor,OnePlus,Working,2.1,7.78,,24.5,3,6027,658,774.6786632390746,Recent,Budget,Computer
Monitor,OnePlus,Repairable,7.4,6.47,,26.3,2,614,94,94.89953632148378,Very_Old,Budget,Computer
Monitor,Dell,Repairable,7.8,6.44,,28.1,1,695,102,107.91925465838509,Very_Old,Premium,Computer
Battery,Realme,Repairable,3.2,0.45,,,3,188,39,417.77777777777777,Old,Budget,Accessory
Mouse,Realme,Repairable,3.6,0.13,,,2,143,34,1100.0,Old,Budget,Computer
Headphones,LG,Working,1.1,0.45,,,1,1729,208,3842.222222222222,Recent,Budget,Accessory
Battery,MSI,Repairable,4.0,0.6,,,2,310,52,516.6666666666667,Old,Premium,Accessory
Mouse,LG,Working,2.1,0.13,,,2,497,84,3823.076923076923,Recent,Budget,Computer
Headphones,Samsung,Repairable,1.4,0.22,,,1,1607,180,7304.545454545455,Recent,Premium,Accessory
Battery,Lenovo,Dead,0.6,0.63,,,2,218,32,346.031746031746,New,Budget,Accessory
Tablet,Sony,Dead,2.6,0.54,128.0,11.6,3,2583,269,4783.333333333333,Recent,Premium,Mobile
Smartphone,Dell,Repairable,2.8,0.16,64.0,5.5,3,4334,453,27087.5,Recent,Premium,Mobile
Charger,Sony,Repairable,0.6,0.18,,,1,362,56,2011.111111111111,New,Premium,Accessory
Monitor,Generic,Dead,1.8,6.52,,23.1,1,860,109,131.90184049079755,Recent,Budget,Computer
Laptop,Xiaomi,Working,0.6,2.53,256.0,14.4,3,17175,1762,6788.537549407115,New,Budget,Computer
Headphones,OnePlus,Repairable,2.9,0.36,,,3,730,94,2027.7777777777778,Recent,Budget,Accessory
Mouse,Local,Dead,1.9,0.16,,,3,56,15,350.0,Recent,Budget,Computer
Laptop,Sony,Working,1.2,1.71,1024.0,15.6,2,24023,2445,14048.538011695906,Recent,Premium,Computer
Tablet,Generic,Dead,4.6,0.56,128.0,11.7,3,630,74,1125.0,Old,Budget,Mobile
Tablet,Xiaomi,Repairable,4.1,0.75,1024.0,12.2,1,3589,380,4785.333333333333,Old,Budget,Mobile
Charger,Apple,Working,0.5,0.12,,,2,736,108,6133.333333333334,New,Premium,Accessory
Headphones,HP,Working,3.0,0.22,,,1,1645,199,7477.272727272727,Recent,Budget,Accessory
Charger,HP,Dead,1.8,0.16,,,1,143,24,893.75,Recent,Budget,Accessory
Charger,Local,Repairable,0.9,0.17,,,2,139,33,817.6470588235294,New,Budget,Accessory
Monitor,MSI,Working,0.6,6.36,,31.1,1,11661,1219,1833.4905660377358,New,Premium,Computer
Laptop,Acer,Repairable,4.7,1.98,512.0,13.3,2,6079,636,3070.2020202020203,Old,Budget,Computer
Laptop,OnePlus,Working,1.1,1.64,64.0,16.5,1,24140,2457,14719.512195121952,Recent,Budget,Computer
Laptop,Asus,Repairable,1.4,2.34,256.0,14.8,1,14404,1470,6155.555555555556,Recent,Budget,Computer
Battery,Asus,Working,7.5,0.45,,,1,135,49,300.0,Very_Old,Budget,Accessory
Battery,Generic,Working,1.6,0.33,,,1,518,87,1569.6969696969695,Recent,Budget,Accessory
Laptop,Local,Dead,3.9,1.65,512.0,13.6,2,1272,140,770.909090909091,Old,Budget,Computer
Charger,LG,Working,3.4,0.24,,,3,312,66,1300.0,Old,Budget,Accessory
Battery,MSI,Repairable,1.8,0.74,,,3,533,74,720.2702702702703,Recent,Premium,Accessory
Smartphone,Apple,Dead,3.8,0.23,64.0,5.8,3,2096,219,9113.04347826087,Old,Premium,Mobile
Smartphone,Realme,Working,4.5,0.24,256.0,5.1,1,3075,342,12812.5,Old,Budget,Mobile
Tablet,Generic,Repairable,6.9,0.51,32.0,9.9,1,913,112,1790.1960784313726,Very_Old,Budget,Mobile
Battery,Sony,Repairable,0.8,0.34,,,3,479,68,1408.8235294117646,New,Premium,Accessory
Headphones,Acer,Working,1.1,0.35,,,3,1646,200,4702.857142857143,Recent,Budget,Accessory
Laptop,Acer,Dead,8.0,2.16,32.0,15.1,3,476,61,220.37037037037035,Very_Old,Budget,Computer
Monitor,LG,Working,2.1,5.59,,19.0,3,4641,510,830.232558139535,Recent,Budget,Computer
Tablet,Local,Working,0.7,0.44,128.0,9.0,2,6442,685,14640.90909090909,New,Budget,Mobile
Laptop,Generic,Repairable,5.0,2.89,512.0,16.8,1,4235,449,1465.3979238754325,Old,Budget,Computer
Mouse,Lenovo,Working,1.1,0.15,,,2,540,89,3600.0,Recent,Budget,Computer
Keyboard,Sony,Dead,3.8,1.12,,,2,242,36,216.07142857142856,Old,Premium,Computer
Battery,HP,Working,1.6,0.68,,,3,714,107,1050.0,Recent,Budget,Accessory
Monitor,Realme,Repairable,0.6,6.77,,31.9,1,2912,325,430.1329394387002,New,Budget,Computer
Monitor,Xiaomi,Working,0.7,7.28,,29.8,2,5670,622,778.8461538461538,New,Budget,Computer
Laptop,Samsung,Working,3.9,2.87,32.0,16.8,2,15574,1603,5426.480836236934,Old,Premium,Computer
Headphones,Dell,Repairable,0.8,0.22,,,2,1200,140,5454.545454545455,New,Premium,Accessory
Smartphone,Generic,Working,4.0,0.2,32.0,6.3,3,3099,344,15495.0,Old,Budget,Mobile
Charger,HP,Repairable,1.0,0.29,,,2,244,45,841.3793103448277,New,Budget,Accessory
Battery,MSI,Repairable,5.1,0.45,,,2,265,47,588.8888888888889,Very_Old,Premium,Accessory
Laptop,Samsung,Repairable,1.6,1.76,256.0,13.8,3,12940,1323,7352.272727272727,Recent,Premium,Computer
Smartphone,Apple,Dead,1.0,0.17,32.0,6.4,2,3548,364,20870.588235294115,New,Premium,Mobile
Monitor,Sony,Working,2.2,7.47,,28.0,3,7084,763,948.326639892905,Recent,Premium,Computer
Laptop,Generic,Dead,2.7,2.17,32.0,13.3,2,2291,243,1055.7603686635946,Recent,Budget,Computer
Keyboard,Samsung,Working,4.4,1.04,,,3,694,106,667.3076923076923,Old,Premium,Computer
Laptop,Dell,Dead,3.4,1.52,128.0,13.3,3,3225,335,2121.7105263157896,Old,Premium,Computer
Charger,Apple,Dead,3.5,0.25,,,2,141,24,564.0,Old,Premium,Accessory
Tablet,LG,Repairable,0.5,0.6,256.0,8.8,2,8614,887,14356.666666666668,New,Budget,Mobile
Keyboard,LG,Dead,2.6,0.56,,,2,198,30,353.57142857142856,Recent,Budget,Computer
Tablet,Realme,Working,1.8,0.66,512.0,8.9,3,6063,647,9186.363636363636,Recent,Budget,Mobile
Headphones,Acer,Dead,1.0,0.27,,,1,388,49,1437.037037037037,New,Budget,Accessory
Headphones,Local,Repairable,1.5,0.4,,,3,378,58,945.0,Recent,Budget,Accessory
Keyboard,MSI,Working,3.5,1.0,,,1,917,128,917.0,Old,Premium,Computer
Keyboard,Generic,Repairable,0.6,1.11,,,2,324,54,291.8918918918919,New,Budget,Computer
Mouse,Dell,Repairable,0.8,0.1,,,1,475,67,4750.0,New,Premium,Computer
Charger,Realme,Repairable,2.2,0.3,,,1,184,39,613.3333333333334,Recent,Budget,Accessory
Charger,Xiaomi,Repairable,1.6,0.17,,,1,183,38,1076.4705882352941,Recent,Budget,Accessory
Smartphone,OnePlus,Working,0.8,0.16,512.0,5.2,2,9923,1032,62018.75,New,Budget,Mobile
Laptop,MSI,Working,1.1,1.96,512.0,15.3,1,36797,3723,18773.979591836734,Recent,Premium,Computer
Smartphone,Acer,Dead,8.0,0.19,128.0,5.6,2,221,32,1163.157894736842,Very_Old,Budget,Mobile
Tablet,LG,Dead,0.9,0.46,1024.0,12.8,2,3815,392,8293.478260869564,New,Budget,Mobile
Battery,MSI,Repairable,0.6,0.38,,,3,553,76,1455.2631578947369,New,Premium,Accessory
Headphones,Generic,Repairable,0.9,0.31,,,2,479,68,1545.1612903225807,New,Budget,Accessory
Speaker,Acer,Repairable,1.7,1.54,,,2,1048,127,680.5194805194805,Recent,Budget,Accessory
Keyboard,Samsung,Dead,0.7,0.8,,,1,505,62,631.25,New,Premium,Computer
Mouse,MSI,Working,1.3,0.19,,,2,811,116,4268.421052631579,Recent,Premium,Computer
Speaker,HP,Working,6.6,2.58,,,2,690,109,267.4418604651163,Very_Old,Budget,Accessory
Headphones,Apple,Dead,4.4,0.22,,,3,339,43,1540.909090909091,Old,Premium,Accessory
Speaker,Realme,Dead,8.0,2.54,,,3,45,19,17.716535433070867,Very_Old,Budget,Accessory
Tablet,Local,Working,3.5,0.75,64.0,11.7,3,3673,404,4897.333333333333,Old,Budget,Mobile
Monitor,Lenovo,Dead,2.0,7.62,,30.0,3,1530,178,200.78740157480314,Recent,Budget,Computer
Battery,LG,Repairable,2.7,0.45,,,3,286,49,635.5555555555555,Recent,Budget,Accessory
Smartphone,LG,Repairable,6.0,0.21,32.0,5.3,3,1337,153,6366.666666666667,Very_Old,Budget,Mobile
Keyboard,Dell,Working,4.0,1.09,,,1,1088,145,998.1651376146788,Old,Premium,Computer
Battery,Local,Working,2.6,0.48,,,2,309,66,643.75,Recent,Budget,Accessory
Monitor,Lenovo,Repairable,0.5,7.17,,27.2,3,3263,360,455.0906555090655,New,Budget,Computer
Monitor,OnePlus,Repairable,1.9,5.63,,19.4,2,4555,486,809.0586145648313,Recent,Budget,Computer
Speaker,Local,Working,3.5,1.1,,,1,676,104,614.5454545454545,Old,Budget,Accessory
Mouse,Dell,Repairable,1.6,0.11,,,2,410,61,3727.2727272727275,Recent,Premium,Computer
Smartphone,Generic,Dead,2.0,0.15,128.0,6.1,3,753,85,5020.0,Recent,Budget,Mobile
Charger,LG,Dead,3.8,0.19,,,1,80,18,421.05263157894734,Old,Budget,Accessory
Tablet,Local,Repairable,3.7,0.64,512.0,11.0,2,1905,211,2976.5625,Old,Budget,Mobile
Smartphone,OnePlus,Dead,2.5,0.22,64.0,6.7,2,1981,208,9004.545454545454,Recent,Budget,Mobile
Charger,OnePlus,Repairable,0.9,0.29,,,2,304,51,1048.2758620689656,New,Budget,Accessory
Headphones,Samsung,Dead,2.7,0.23,,,2,406,50,1765.2173913043478,Recent,Premium,Accessory
Battery,Sony,Repairable,3.4,0.65,,,1,363,57,558.4615384615385,Old,Premium,Accessory
Monitor,Apple,Repairable,2.1,3.44,,30.7,3,6098,641,1772.6744186046512,Recent,Premium,Computer
Laptop,Asus,Dead,0.5,2.79,64.0,14.4,3,6224,643,2230.8243727598565,New,Budget,Computer
Mouse,Sony,Repairable,3.0,0.14,,,3,278,47,1985.7142857142856,Recent,Premium,Computer
Laptop,Lenovo,Dead,1.3,1.98,128.0,13.6,2,4727,486,2387.373737373737,Recent,Budget,Computer
Tablet,HP,Repairable,4.1,0.54,128.0,12.4,3,3687,389,6827.777777777777,Old,Budget,Mobile
Headphones,Asus,Dead,1.9,0.36,,,3,444,55,1233.3333333333335,Recent,Budget,Accessory
Tablet,Xiaomi,Dead,4.9,0.47,32.0,12.8,1,1076,118,2289.3617021276596,Old,Budget,Mobile
Mouse,LG,Repairable,1.4,0.14,,,3,253,45,1807.1428571428569,Recent,Budget,Computer
Battery,Samsung,Dead,0.7,0.67,,,1,352,46,525.3731343283582,New,Premium,Accessory
Battery,OnePlus,Working,7.4,0.69,,,1,130,49,188.40579710144928,Very_Old,Budget,Accessory
Monitor,Generic,Repairable,0.6,7.93,,23.1,3,1970,233,248.42370744010088,New,Budget,Computer
Smartphone,Apple,Dead,5.2,0.21,256.0,6.6,2,1484,158,7066.666666666667,Very_Old,Premium,Mobile
Speaker,Asus,Working,8.0,1.17,,,1,393,76,335.8974358974359,Very_Old,Budget,Accessory
Speaker,Samsung,Dead,1.5,2.05,,,2,803,94,391.70731707317077,Recent,Premium,Accessory
Keyboard,LG,Dead,7.8,0.68,,,3,45,15,66.17647058823529,Very_Old,Budget,Computer
Mouse,HP,Dead,0.7,0.16,,,3,120,22,750.0,New,Budget,Computer
Battery,Asus,Working,1.6,0.34,,,3,819,117,2408.8235294117644,Recent,Budget,Accessory
Monitor,Asus,Working,0.6,7.18,,23.3,1,8446,898,1176.3231197771588,New,Budget,Computer
Keyboard,Xiaomi,Repairable,4.6,1.02,,,1,245,46,240.19607843137254,Old,Budget,Computer
Tablet,Apple,Repairable,0.6,0.69,256.0,11.8,3,11070,1133,16043.478260869566,New,Premium,Mobile
Battery,MSI,Dead,1.7,0.47,,,2,228,33,485.10638297872345,Recent,Premium,Accessory
Speaker,Dell,Working,3.3,2.8,,,2,1674,208,597.8571428571429,Old,Premium,Accessory
Laptop,Acer,Dead,2.0,1.55,1024.0,16.5,2,4334,446,2796.1290322580644,Recent,Budget,Computer
Keyboard,Local,Working,1.4,1.15,,,1,626,99,544.3478260869566,Recent,Budget,Computer
Tablet,Realme,Repairable,5.9,0.7,512.0,9.1,1,1457,166,2081.4285714285716,Very_Old,Budget,Mobile
Headphones,Apple,Working,1.5,0.25,,,2,2872,322,11488.0,Recent,Premium,Accessory
Mouse,Lenovo,Working,1.8,0.2,,,1,601,95,3005.0,Recent,Budget,Computer
Monitor,Xiaomi,Working,3.6,7.71,,21.7,3,3671,417,476.1348897535668,Old,Budget,Computer
Charger,Sony,Repairable,1.9,0.17,,,1,297,49,1747.0588235294117,Recent,Premium,Accessory
Charger,Local,Dead,1.4,0.27,,,1,55,16,203.7037037037037,Recent,Budget,Accessory
Mouse,Local,Working,2.0,0.2,,,1,224,57,1120.0,Recent,Budget,Computer
Tablet,Asus,Working,1.8,0.71,512.0,11.0,1,12734,1314,17935.211267605635,Recent,Budget,Mobile
Battery,Samsung,Working,1.0,0.73,,,2,1118,147,1531.5068493150686,New,Premium,Accessory
Mouse,Asus,Working,1.3,0.16,,,2,575,92,3593.75,Recent,Budget,Computer
Mouse,Realme,Dead,1.2,0.14,,,2,85,18,607.1428571428571,Recent,Budget,Computer
Monitor,HP,Repairable,2.0,6.0,,27.5,3,3540,386,590.0,Recent,Budget,Computer
Mouse,Lenovo,Working,1.2,0.11,,,2,676,102,6145.454545454545,Recent,Budget,Computer
Tablet,Generic,Repairable,4.3,0.5,32.0,10.4,1,2153,236,4306.0,Old,Budget,Mobile
Battery,Lenovo,Repairable,2.0,0.63,,,3,322,53,511.1111111111111,Recent,Budget,Accessory
Laptop,LG,Working,3.1,1.59,32.0,16.3,1,17068,1749,10734.591194968552,Old,Budget,Computer
Monitor,Asus,Working,1.7,3.75,,30.6,1,9786,1026,2609.6,Recent,Budget,Computer
Keyboard,OnePlus,Working,3.5,0.79,,,1,869,123,1100.0,Old,Budget,Computer
Keyboard,Acer,Dead,6.2,0.87,,,2,88,20,101.14942528735632,Very_Old,Budget,Computer
Tablet,Local,Working,1.3,0.53,32.0,10.6,3,5896,630,11124.528301886792,Recent,Budget,Mobile
Laptop,Local,Repairable,0.8,1.83,512.0,13.2,2,6047,633,3304.3715846994533,New,Budget,Computer
Tablet,Samsung,Repairable,1.7,0.57,128.0,9.7,2,8672,893,15214.0350877193,Recent,Premium,Mobile
Battery,Dell,Repairable,8.0,0.39,,,2,71,28,182.05128205128204,Very_Old,Premium,Accessory
Keyboard,MSI,Repairable,0.7,1.01,,,2,999,121,989.1089108910891,New,Premium,Computer
Monitor,MSI,Repairable,3.9,5.78,,29.9,3,2598,291,449.48096885813146,Old,Premium,Computer
Mouse,HP,Dead,6.0,0.2,,,3,45,14,225.0,Very_Old,Budget,Computer
Tablet,OnePlus,Repairable,8.0,0.46,128.0,8.4,2,757,96,1645.6521739130435,Very_Old,Budget,Mobile
Charger,HP,Repairable,1.1,0.25,,,2,333,53,1332.0,Recent,Budget,Accessory
Smartphone,Xiaomi,Dead,3.5,0.21,512.0,6.3,2,1155,125,5500.0,Old,Budget,Mobile
Battery,LG,Repairable,1.5,0.72,,,3,456,66,633.3333333333334,Recent,Budget,Accessory
Keyboard,Xiaomi,Repairable,2.9,0.88,,,2,421,64,478.40909090909093,Recent,Budget,Computer
Keyboard,HP,Dead,1.1,0.77,,,2,347,46,450.64935064935065,Recent,Budget,Computer
Tablet,Generic,Dead,1.9,0.76,128.0,9.8,3,1174,129,1544.7368421052631,Recent,Budget,Mobile
Battery,OnePlus,Working,4.9,0.53,,,2,485,84,915.0943396226414,Old,Budget,Accessory
Tablet,Dell,Working,1.3,0.51,128.0,8.6,2,15153,1556,29711.764705882353,Recent,Premium,Mobile
Tablet,Samsung,Dead,4.7,0.71,1024.0,11.4,3,1589,169,2238.0281690140846,Old,Premium,Mobile
Charger,Apple,Dead,2.3,0.14,,,2,142,24,1014.2857142857142,Recent,Premium,Accessory
Keyboard,Local,Working,1.6,0.99,,,1,609,97,615.1515151515151,Recent,Budget,Computer
Speaker,Dell,Repairable,2.0,2.54,,,2,1526,177,600.7874015748032,Recent,Premium,Accessory
Tablet,Samsung,Dead,2.4,0.71,64.0,12.3,2,2792,290,3932.3943661971834,Recent,Premium,Mobile
Battery,Xiaomi,Dead,2.4,0.71,,,3,118,22,166.19718309859155,Recent,Budget,Accessory
Mouse,Realme,Repairable,1.0,0.15,,,2,204,40,1360.0,New,Budget,Computer
Monitor,LG,Repairable,2.9,5.38,,27.8,2,3417,372,635.1301115241636,Recent,Budget,Computer
Mouse,Generic,Working,2.8,0.12,,,1,340,69,2833.3333333333335,Recent,Budget,Computer
Smartphone,Generic,Working,4.2,0.23,32.0,6.0,3,2434,278,10582.608695652174,Old,Budget,Mobile
Monitor,Asus,Dead,0.8,5.69,,26.2,2,1676,188,294.5518453427065,New,Budget,Computer
Speaker,Acer,Repairable,2.6,1.78,,,2,963,120,541.0112359550561,Recent,Budget,Accessory
Headphones,Asus,Working,4.7,0.23,,,3,1025,137,4456.521739130435,Old,Budget,Accessory
Charger,Generic,Repairable,0.9,0.11,,,2,131,33,1190.909090909091,New,Budget,Accessory
Laptop,Asus,Working,3.4,2.11,128.0,15.1,2,18570,1901,8800.947867298579,Old,Budget,Computer
Mouse,OnePlus,Repairable,0.5,0.17,,,3,300,50,1764.705882352941,New,Budget,Computer
Smartphone,Acer,Repairable,3.6,0.17,32.0,6.4,2,2798,299,16458.823529411762,Old,Budget,Mobile
Tablet,HP,Dead,6.7,0.55,256.0,8.9,2,879,98,1598.181818181818,Very_Old,Budget,Mobile
Keyboard,HP,Repairable,3.8,0.96,,,3,361,58,376.0416666666667,Old,Budget,Computer
Tablet,Apple,Dead,1.2,0.45,256.0,9.0,1,5331,549,11846.666666666666,Recent,Premium,Mobile
Laptop,Realme,Working,2.6,2.99,1024.0,15.2,2,9700,1016,3244.1471571906354,Recent,Budget,Computer
Keyboard,Xiaomi,Repairable,2.2,1.14,,,2,413,63,362.280701754386,Recent,Budget,Computer
Mouse,Dell,Dead,2.1,0.15,,,2,132,23,880.0,Recent,Premium,Computer
Battery,OnePlus,Repairable,0.6,0.5,,,3,432,64,864.0,New,Budget,Accessory
Tablet,Sony,Repairable,2.1,0.52,64.0,8.7,2,6898,715,13265.384615384615,Recent,Premium,Mobile
Smartphone,MSI,Repairable,5.9,0.24,128.0,5.6,2,1746,194,7275.0,Very_Old,Premium,Mobile
Smartphone,LG,Repairable,2.4,0.16,1024.0,5.5,2,4260,446,26625.0,Recent,Budget,Mobile
Monitor,Sony,Working,5.4,7.26,,25.8,1,4051,455,557.9889807162534,Very_Old,Premium,Computer
Smartphone,Asus,Dead,5.8,0.24,128.0,5.2,3,878,97,3658.3333333333335,Very_Old,Budget,Mobile
Battery,LG,Repairable,0.9,0.64,,,2,524,73,818.75,New,Budget,Accessory
Keyboard,Realme,Working,0.5,0.54,,,2,988,134,1829.6296296296296,New,Budget,Computer
Tablet,Lenovo,Dead,4.6,0.54,64.0,10.9,3,1539,164,2850.0,Old,Budget,Mobile
Charger,Generic,Working,3.8,0.19,,,1,157,50,826.3157894736842,Old,Budget,Accessory
Mouse,LG,Repairable,1.6,0.15,,,2,317,51,2113.3333333333335,Recent,Budget,Computer
Tablet,Sony,Dead,0.7,0.8,512.0,9.0,1,3880,400,4850.0,New,Premium,Mobile
Monitor,Asus,Dead,2.0,5.69,,29.0,2,1602,181,281.5465729349736,Recent,Budget,Computer
Speaker,Generic,Working,2.0,2.22,,,2,1292,168,581.9819819819819,Recent,Budget,Accessory
Monitor,Generic,Dead,0.6,5.85,,19.2,2,1156,137,197.60683760683762,New,Budget,Computer
Speaker,Local,Working,1.5,2.85,,,2,1003,141,351.9298245614035,Recent,Budget,Accessory
Headphones,Samsung,Repairable,1.7,0.49,,,3,926,113,1889.795918367347,Recent,Premium,Accessory
Tablet,OnePlus,Dead,0.6,0.74,1024.0,10.3,3,3795,390,5128.378378378378,New,Budget,Mobile
Keyboard,Dell,Dead,1.9,1.09,,,2,330,45,302.7522935779816,Recent,Premium,Computer
Tablet,Realme,Working,1.1,0.41,512.0,12.2,1,9480,989,23121.951219512197,Recent,Budget,Mobile
Monitor,Sony,Repairable,5.0,7.78,,26.5,3,2264,262,291.0025706940874,Old,Premium,Computer
Charger,Samsung,Working,1.7,0.25,,,3,572,92,2288.0,Recent,Premium,Accessory
Mouse,Samsung,Repairable,2.0,0.11,,,2,436,63,3963.6363636363635,Recent,Premium,Computer
Charger,Apple,Dead,1.7,0.17,,,2,181,28,1064.705882352941,Recent,Premium,Accessory
Headphones,LG,Dead,2.7,0.26,,,2,380,49,1461.5384615384614,Recent,Budget,Accessory
Smartphone,Realme,Working,1.2,0.17,256.0,6.3,3,5567,596,32747.05882352941,Recent,Budget,Mobile
Headphones,Generic,Working,7.2,0.44,,,1,206,56,468.1818181818182,Very_Old,Budget,Accessory
Headphones,Asus,Repairable,0.8,0.22,,,3,1048,124,4763.636363636364,New,Budget,Accessory
Mouse,Generic,Repairable,1.2,0.18,,,3,173,37,961.1111111111112,Recent,Budget,Computer
Laptop,Local,Repairable,7.6,1.88,256.0,15.0,1,737,97,392.0212765957447,Very_Old,Budget,Computer
Monitor,OnePlus,Dead,1.0,5.95,,24.8,2,1858,207,312.2689075630252,New,Budget,Computer
Monitor,Lenovo,Dead,1.4,3.08,,23.4,1,1828,198,593.5064935064935,Recent,Budget,Computer
Charger,HP,Working,0.5,0.16,,,1,588,93,3675.0,New,Budget,Accessory
Headphones,Xiaomi,Working,1.5,0.24,,,3,1155,150,4812.5,Recent,Budget,Accessory
Monitor,Samsung,Working,2.9,6.15,,24.9,1,8784,930,1428.2926829268292,Recent,Premium,Computer
Speaker,Local,Working,2.0,2.62,,,2,959,135,366.03053435114504,Recent,Budget,Accessory
Mouse,Samsung,Working,2.9,0.14,,,2,574,92,4100.0,Recent,Premium,Computer
Charger,Apple,Working,3.4,0.13,,,2,518,86,3984.6153846153843,Old,Premium,Accessory
Tablet,Acer,Dead,1.0,0.54,32.0,10.8,1,2590,270,4796.296296296296,New,Budget,Mobile
Laptop,Apple,Dead,3.7,2.68,64.0,17.0,2,4969,511,1854.1044776119402,Old,Premium,Computer
Speaker,OnePlus,Dead,2.3,1.8,,,1,650,79,361.1111111111111,Recent,Budget,Accessory
Speaker,OnePlus,Repairable,3.1,2.5,,,1,1020,127,408.0,Old,Budget,Accessory
Tablet,MSI,Repairable,1.8,0.74,128.0,11.3,2,7146,740,9656.756756756757,Recent,Premium,Mobile
Monitor,Generic,Repairable,2.3,7.21,,26.5,2,1667,200,231.20665742024966,Recent,Budget,Computer
Charger,LG,Working,0.8,0.24,,,1,622,97,2591.666666666667,New,Budget,Accessory
Charger,OnePlus,Dead,0.6,0.24,,,3,116,21,483.33333333333337,New,Budget,Accessory
Battery,LG,Working,0.8,0.51,,,2,851,121,1668.627450980392,New,Budget,Accessory
Speaker,OnePlus,Repairable,1.6,1.77,,,3,1338,157,755.9322033898305,Recent,Budget,Accessory
Mouse,Xiaomi,Working,3.5,0.16,,,3,220,57,1375.0,Old,Budget,Computer
Tablet,Xiaomi,Repairable,5.8,0.67,512.0,12.0,2,1524,173,2274.6268656716416,Very_Old,Budget,Mobile
Headphones,OnePlus,Repairable,0.9,0.37,,,3,998,120,2697.2972972972975,New,Budget,Accessory
Battery,Sony,Dead,1.6,0.74,,,2,230,34,310.81081081081084,Recent,Premium,Accessory
Speaker,Lenovo,Working,0.7,2.89,,,1,3366,377,1164.7058823529412,New,Budget,Accessory
Speaker,Local,Working,2.8,1.94,,,1,795,118,409.7938144329897,Recent,Budget,Accessory
Battery,Sony,Working,3.6,0.34,,,3,536,89,1576.470588235294,Old,Premium,Accessory
Smartphone,Local,Working,2.0,0.17,64.0,5.8,3,2678,302,15752.941176470587,Recent,Budget,Mobile
Charger,Asus,Working,0.8,0.13,,,2,469,81,3607.6923076923076,New,Budget,Accessory
Monitor,Samsung,Dead,1.0,6.58,,24.9,1,2741,297,416.56534954407294,New,Premium,Computer
Laptop,MSI,Working,1.9,1.55,128.0,14.0,1,20789,2121,13412.258064516129,Recent,Premium,Computer
Smartphone,Sony,Working,2.1,0.22,32.0,5.7,2,9879,1027,44904.545454545456,Recent,Premium,Mobile
Battery,OnePlus,Repairable,0.8,0.69,,,2,538,74,779.7101449275362,New,Budget,Accessory
Headphones,Lenovo,Working,3.2,0.35,,,2,1447,180,4134.285714285715,Old,Budget,Accessory
Speaker,LG,Working,5.3,2.84,,,2,1056,146,371.830985915493,Very_Old,Budget,Accessory
Keyboard,Dell,Repairable,1.9,0.69,,,3,742,95,1075.3623188405797,Recent,Premium,Computer
Monitor,LG,Repairable,1.7,3.64,,20.7,2,3579,384,983.2417582417582,Recent,Budget,Computer
Keyboard,Acer,Dead,1.9,0.89,,,2,217,33,243.82022471910113,Recent,Budget,Computer
Tablet,Acer,Working,0.6,0.78,128.0,12.1,3,12045,1246,15442.307692307691,New,Budget,Mobile
Tablet,Local,Working,1.4,0.7,64.0,9.0,3,4838,519,6911.428571428572,Recent,Budget,Mobile
Laptop,OnePlus,Working,0.8,2.02,64.0,17.0,3,18991,1943,9401.485148514852,New,Budget,Computer
Laptop,Acer,Working,0.6,2.16,32.0,14.2,1,22778,2321,10545.37037037037,New,Budget,Computer
Speaker,Dell,Dead,2.2,1.3,,,2,639,76,491.53846153846155,Recent,Premium,Accessory
Headphones,Realme,Working,1.3,0.38,,,2,1251,161,3292.1052631578946,Recent,Budget,Accessory
Smartphone,Local,Working,4.9,0.23,64.0,5.7,2,2096,244,9113.04347826087,Old,Budget,Mobile
Keyboard,Dell,Working,1.9,1.04,,,2,1502,187,1444.2307692307693,Recent,Premium,Computer
Charger,Apple,Repairable,0.7,0.18,,,3,462,66,2566.666666666667,New,Premium,Accessory
Battery,OnePlus,Repairable,1.6,0.47,,,2,491,70,1044.6808510638298,Recent,Budget,Accessory
Tablet,MSI,Working,2.3,0.8,128.0,9.0,2,12201,1262,15251.25,Recent,Premium,Mobile
Charger,Lenovo,Repairable,0.9,0.11,,,2,281,48,2554.5454545454545,New,Budget,Accessory
Headphones,Xiaomi,Working,2.1,0.26,,,1,1384,174,5323.076923076923,Recent,Budget,Accessory
Speaker,Apple,Working,3.2,1.52,,,2,2703,308,1778.2894736842104,Old,Premium,Accessory
Mouse,Generic,Dead,8.0,0.14,,,2,50,15,357.1428571428571,Very_Old,Budget,Computer
Keyboard,LG,Dead,1.7,1.06,,,2,291,41,274.52830188679246,Recent,Budget,Computer
Laptop,LG,Working,2.7,2.78,64.0,15.3,3,17900,1836,6438.84892086331,Recent,Budget,Computer
Laptop,Asus,Repairable,1.0,2.1,32.0,15.6,2,14273,1456,6796.666666666666,New,Budget,Computer
Monitor,HP,Repairable,0.9,3.26,,22.3,3,4342,461,1331.9018404907977,New,Budget,Computer
Monitor,Local,Repairable,1.9,6.73,,20.1,2,1662,199,246.95393759286773,Recent,Budget,Computer
Tablet,Generic,Dead,0.9,0.49,128.0,10.8,1,1595,170,3255.1020408163267,New,Budget,Mobile
Tablet,Realme,Dead,1.9,0.48,512.0,8.8,1,1623,173,3381.25,Recent,Budget,Mobile
Battery,Local,Working,8.0,0.53,,,1,62,42,116.98113207547169,Very_Old,Budget,Accessory
Battery,MSI,Working,4.3,0.56,,,3,598,95,1067.8571428571427,Old,Premium,Accessory
Laptop,Asus,Working,0.9,2.53,512.0,16.3,2,24347,2479,9623.320158102768,New,Budget,Computer
Monitor,Local,Working,0.7,6.87,,30.5,2,3001,349,436.82678311499274,New,Budget,Computer
Monitor,MSI,Repairable,1.2,6.27,,23.8,3,4185,451,667.464114832536,Recent,Premium,Computer
Monitor,Sony,Repairable,2.6,7.74,,30.9,2,3067,341,396.2532299741602,Recent,Premium,Computer
Battery,Samsung,Repairable,2.4,0.7,,,2,499,70,712.8571428571429,Recent,Premium,Accessory
Keyboard,HP,Working,1.8,1.11,,,2,1181,155,1063.9639639639638,Recent,Budget,Computer
Monitor,Apple,Repairable,2.0,3.1,,27.3,1,5457,576,1760.3225806451612,Recent,Premium,Computer
Headphones,Realme,Dead,3.0,0.37,,,3,156,26,421.6216216216216,Recent,Budget,Accessory
Speaker,Acer,Repairable,1.7,1.71,,,1,1223,145,715.2046783625731,Recent,Budget,Accessory
Keyboard,Realme,Dead,4.6,1.04,,,3,70,19,67.3076923076923,Old,Budget,Computer
Keyboard,Apple,Working,4.9,0.83,,,1,1164,153,1402.4096385542168,Old,Premium,Computer
Laptop,Dell,Working,0.8,2.51,64.0,14.8,2,23916,2436,9528.286852589643,New,Premium,Computer
Speaker,Xiaomi,Dead,0.5,1.3,,,3,340,47,261.53846153846155,New,Budget,Accessory
Laptop,HP,Repairable,1.0,1.65,128.0,13.1,1,15322,1560,9286.060606060606,New,Budget,Computer
Mouse,Local,Repairable,2.4,0.11,,,1,162,36,1472.7272727272727,Recent,Budget,Computer
Smartphone,MSI,Repairable,5.9,0.17,32.0,5.1,1,2292,249,13482.35294117647,Very_Old,Premium,Mobile
Charger,LG,Repairable,5.9,0.2,,,3,67,26,335.0,Very_Old,Budget,Accessory
Smartphone,OnePlus,Working,1.3,0.16,32.0,6.2,3,8507,890,53168.75,Recent,Budget,Mobile
Headphones,MSI,Repairable,1.8,0.32,,,2,907,111,2834.375,Recent,Premium,Accessory
Keyboard,OnePlus,Repairable,1.1,0.57,,,3,737,94,1292.982456140351,Recent,Budget,Computer
Keyboard,Sony,Repairable,0.8,0.92,,,2,771,99,838.0434782608695,New,Premium,Computer
Charger,Asus,Repairable,1.0,0.23,,,1,320,52,1391.304347826087,New,Budget,Accessory
Mouse,LG,Dead,1.5,0.16,,,3,122,22,762.5,Recent,Budget,Computer
Smartphone,HP,Working,1.2,0.21,128.0,5.0,1,11763,1216,56014.28571428572,Recent,Budget,Mobile
Battery,Asus,Working,1.8,0.33,,,2,802,116,2430.30303030303,Recent,Budget,Accessory
Speaker,Sony,Working,2.1,2.73,,,1,3207,360,1174.7252747252746,Recent,Premium,Accessory
Tablet,HP,Dead,0.6,0.57,512.0,8.7,3,3417,352,5994.736842105263,New,Budget,Mobile
Laptop,Apple,Dead,3.4,2.62,1024.0,13.0,2,7147,734,2727.8625954198474,Old,Premium,Computer
Speaker,Acer,Working,1.0,2.65,,,1,2688,308,1014.3396226415094,New,Budget,Accessory
Headphones,HP,Repairable,5.0,0.22,,,2,524,72,2381.818181818182,Old,Budget,Accessory
Mouse,HP,Working,2.2,0.1,,,3,519,86,5190.0,Recent,Budget,Computer
Smartphone,Realme,Repairable,2.4,0.17,256.0,6.2,1,2879,307,16935.294117647056,Recent,Budget,Mobile
Speaker,Xiaomi,Working,1.8,2.72,,,3,1375,177,505.5147058823529,Recent,Budget,Accessory
Tablet,LG,Working,1.1,0.79,64.0,8.1,3,13009,1342,16467.088607594935,Recent,Budget,Mobile
Laptop,HP,Working,3.4,1.67,1024.0,14.1,3,12976,1340,7770.059880239522,Old,Budget,Computer
Keyboard,LG,Repairable,1.1,1.07,,,2,725,94,677.5700934579439,Recent,Budget,Computer
Smartphone,Samsung,Repairable,8.0,0.22,1024.0,6.3,2,782,98,3554.5454545454545,Very_Old,Premium,Mobile
Laptop,Samsung,Working,8.0,2.57,32.0,16.8,1,3870,427,1505.8365758754865,Very_Old,Premium,Computer
Tablet,Apple,Working,0.7,0.68,1024.0,12.7,1,29575,2998,43492.647058823524,New,Premium,Mobile
Tablet,Acer,Working,1.0,0.6,1024.0,9.2,3,12143,1255,20238.333333333336,New,Budget,Mobile
Keyboard,Local,Working,2.3,0.68,,,3,395,75,580.8823529411765,Recent,Budget,Computer
Monitor,Apple,Working,1.7,5.65,,25.4,1,12044,1255,2131.6814159292035,Recent,Premium,Computer
Battery,Sony,Working,1.2,0.38,,,1,978,133,2573.684210526316,Recent,Premium,Accessory
Tablet,Xiaomi,Repairable,0.9,0.63,1024.0,8.8,3,5511,577,8747.619047619048,New,Budget,Mobile
Mouse,Samsung,Working,0.7,0.17,,,3,692,104,4070.5882352941176,New,Premium,Computer
Tablet,Samsung,Working,6.6,0.69,32.0,9.4,3,3171,353,4595.652173913044,Very_Old,Premium,Mobile
Battery,Asus,Repairable,2.0,0.34,,,3,365,57,1073.5294117647059,Recent,Budget,Accessory
Smartphone,Realme,Repairable,0.9,0.23,64.0,5.0,1,3626,382,15765.217391304348,New,Budget,Mobile
Headphones,LG,Working,2.7,0.33,,,3,1310,167,3969.6969696969695,Recent,Budget,Accessory
Speaker,HP,Repairable,1.0,2.1,,,2,1762,200,839.047619047619,New,Budget,Accessory
Charger,Acer,Working,0.7,0.16,,,3,384,73,2400.0,New,Budget,Accessory
Smartphone,MSI,Dead,1.1,0.19,1024.0,6.6,2,3148,324,16568.42105263158,Recent,Premium,Mobile
Speaker,Sony,Working,1.0,2.09,,,2,3137,352,1500.956937799043,New,Premium,Accessory
Keyboard,Generic,Working,2.0,0.8,,,1,572,94,715.0,Recent,Budget,Computer
Keyboard,Samsung,Working,1.8,0.78,,,1,1756,212,2251.2820512820513,Recent,Premium,Computer
Charger,OnePlus,Working,3.4,0.13,,,2,309,65,2376.9230769230767,Old,Budget,Accessory
Headphones,MSI,Dead,5.3,0.36,,,1,267,37,741.6666666666667,Very_Old,Premium,Accessory
Smartphone,Lenovo,Dead,0.6,0.2,1024.0,6.5,3,2310,241,11550.0,New,Budget,Mobile
Smartphone,Dell,Dead,0.7,0.17,32.0,6.6,2,2579,267,15170.588235294117,New,Premium,Mobile
Charger,Realme,Working,6.1,0.3,,,1,127,48,423.33333333333337,Very_Old,Budget,Accessory
Keyboard,Lenovo,Working,0.5,0.53,,,2,1155,151,2179.2452830188677,New,Budget,Computer
Smartphone,Xiaomi,Repairable,1.4,0.23,32.0,5.3,2,4043,424,17578.260869565216,Recent,Budget,Mobile
Speaker,Apple,Repairable,2.4,2.83,,,1,1945,220,687.2791519434629,Recent,Premium,Accessory
Headphones,OnePlus,Repairable,0.7,0.34,,,3,987,119,2902.941176470588,New,Budget,Accessory
Charger,Sony,Working,2.2,0.19,,,3,361,71,1900.0,Recent,Premium,Accessory
Smartphone,HP,Repairable,8.0,0.2,128.0,6.7,1,685,88,3425.0,Very_Old,Budget,Mobile
Smartphone,Samsung,Working,0.8,0.17,128.0,5.5,3,12474,1287,73376.47058823529,New,Premium,Mobile
Battery,Xiaomi,Repairable,3.7,0.44,,,3,171,38,388.6363636363636,Old,Budget,Accessory
Keyboard,Sony,Repairable,2.0,0.64,,,3,687,89,1073.4375,Recent,Premium,Computer
Speaker,Samsung,Working,2.5,2.85,,,2,2836,324,995.0877192982456,Recent,Premium,Accessory
Charger,Sony,Working,0.9,0.26,,,3,573,93,2203.846153846154,New,Premium,Accessory
Monitor,Lenovo,Repairable,2.7,7.16,,25.1,1,3537,387,493.99441340782124,Recent,Budget,Computer
Headphones,Xiaomi,Repairable,2.5,0.29,,,1,564,77,1944.8275862068967,Recent,Budget,Accessory
Mouse,Apple,Dead,2.4,0.12,,,3,144,24,1200.0,Recent,Premium,Computer
Mouse,Samsung,Working,0.5,0.16,,,1,889,123,5556.25,New,Premium,Computer
Battery,OnePlus,Working,3.3,0.49,,,2,703,106,1434.6938775510205,Old,Budget,Accessory
Headphones,MSI,Dead,1.5,0.4,,,2,452,56,1130.0,Recent,Premium,Accessory
Battery,OnePlus,Working,7.1,0.77,,,1,217,58,281.8181818181818,Very_Old,Budget,Accessory
Laptop,MSI,Repairable,5.6,2.17,128.0,16.0,2,5300,559,2442.3963133640555,Very_Old,Premium,Computer
Tablet,Realme,Working,2.9,0.76,1024.0,12.9,1,7801,822,10264.473684210527,Recent,Budget,Mobile
Charger,Acer,Working,1.4,0.27,,,1,514,87,1903.7037037037035,Recent,Budget,Accessory
Mouse,Apple,Repairable,2.9,0.13,,,1,504,70,3876.9230769230767,Recent,Premium,Computer
Smartphone,Xiaomi,Repairable,5.1,0.17,128.0,5.7,1,1882,208,11070.588235294117,Very_Old,Budget,Mobile
Smartphone,Generic,Dead,8.0,0.2,128.0,5.7,3,108,20,540.0,Very_Old,Budget,Mobile
Headphones,Xiaomi,Working,2.6,0.22,,,3,1006,135,4572.727272727273,Recent,Budget,Accessory
Tablet,Samsung,Repairable,5.9,0.74,32.0,12.9,1,2604,281,3518.9189189189187,Very_Old,Premium,Mobile
Battery,Dell,Working,2.9,0.38,,,3,598,95,1573.6842105263158,Recent,Premium,Accessory
Charger,Xiaomi,Repairable,0.9,0.27,,,2,162,37,600.0,New,Budget,Accessory
Headphones,Xiaomi,Working,1.0,0.43,,,1,1562,192,3632.5581395348836,New,Budget,Accessory
Smartphone,Sony,Working,3.6,0.22,1024.0,6.6,3,5846,624,26572.727272727272,Old,Premium,Mobile
Monitor,Realme,Repairable,1.0,5.77,,21.2,3,2463,278,426.86308492201044,New,Budget,Computer
Keyboard,Local,Working,8.0,0.84,,,2,53,42,63.095238095238095,Very_Old,Budget,Computer
Battery,LG,Dead,6.0,0.59,,,1,82,19,138.98305084745763,Very_Old,Budget,Accessory
Speaker,Samsung,Repairable,2.0,2.67,,,3,1090,134,408.2397003745318,Recent,Premium,Accessory
Keyboard,Apple,Working,1.1,0.83,,,3,1518,188,1828.9156626506026,Recent,Premium,Computer
Battery,LG,Repairable,2.9,0.5,,,2,342,55,684.0,Recent,Budget,Accessory
Charger,Asus,Repairable,0.5,0.24,,,3,322,52,1341.6666666666667,New,Budget,Accessory
Laptop,Apple,Repairable,1.5,2.35,256.0,15.5,2,17723,1802,7541.702127659574,Recent,Premium,Computer
Laptop,Local,Working,0.5,2.23,32.0,16.7,3,10178,1061,4564.125560538117,New,Budget,Computer
Headphones,Realme,Working,1.5,0.43,,,3,1047,140,2434.883720930233,Recent,Budget,Accessory
Mouse,Samsung,Dead,5.7,0.14,,,2,62,16,442.85714285714283,Very_Old,Premium,Computer
Headphones,Realme,Working,4.9,0.21,,,1,529,87,2519.0476190476193,Old,Budget,Accessory
Laptop,Sony,Dead,0.7,2.76,32.0,16.4,1,5531,574,2003.985507246377,New,Premium,Computer
Speaker,OnePlus,Working,1.7,1.01,,,2,2386,275,2362.3762376237623,Recent,Budget,Accessory
Speaker,Generic,Repairable,0.9,2.25,,,3,723,96,321.3333333333333,New,Budget,Accessory
Speaker,OnePlus,Dead,1.8,1.08,,,2,600,72,555.5555555555555,Recent,Budget,Accessory
Laptop,HP,Repairable,4.2,2.58,256.0,13.8,2,9079,937,3518.9922480620153,Old,Budget,Computer
Battery,LG,Repairable,4.9,0.46,,,3,173,38,376.0869565217391,Old,Budget,Accessory
Laptop,LG,Dead,4.2,2.91,32.0,13.9,1,3347,350,1150.1718213058418,Old,Budget,Computer
Keyboard,Lenovo,Dead,1.1,0.83,,,2,332,45,400.0,Recent,Budget,Computer
Speaker,Lenovo,Working,0.8,2.65,,,3,2133,253,804.9056603773586,New,Budget,Accessory
Charger,LG,Working,3.8,0.28,,,3,272,63,971.4285714285713,Old,Budget,Accessory
Mouse,Asus,Repairable,1.4,0.18,,,1,389,58,2161.1111111111113,Recent,Budget,Computer
Speaker,Local,Working,2.8,2.25,,,2,743,113,330.22222222222223,Recent,Budget,Accessory
Smartphone,Samsung,Repairable,4.2,0.17,128.0,5.5,1,4704,490,27670.588235294115,Old,Premium,Mobile
Battery,Generic,Dead,3.1,0.44,,,2,79,18,179.54545454545453,Old,Budget,Accessory
Smartphone,HP,Repairable,1.2,0.22,512.0,6.6,2,6067,631,27577.272727272728,Recent,Budget,Mobile
Mouse,Generic,Working,1.2,0.17,,,1,405,75,2382.3529411764703,Recent,Budget,Computer
Smartphone,Generic,Working,0.8,0.19,1024.0,5.6,2,5777,617,30405.263157894737,New,Budget,Mobile
Headphones,Samsung,Dead,1.3,0.41,,,3,424,53,1034.1463414634147,Recent,Premium,Accessory
Mouse,MSI,Working,3.0,0.19,,,2,555,90,2921.0526315789475,Recent,Premium,Computer
Speaker,Realme,Repairable,2.4,1.14,,,2,799,101,700.8771929824562,Recent,Budget,Accessory
Speaker,Xiaomi,Dead,1.2,2.23,,,3,441,58,197.7578475336323,Recent,Budget,Accessory
Laptop,Xiaomi,Dead,2.3,2.59,1024.0,13.2,3,2944,309,1136.6795366795368,Recent,Budget,Computer
Mouse,Asus,Repairable,3.7,0.1,,,1,277,47,2770.0,Old,Budget,Computer
Mouse,Apple,Dead,0.5,0.19,,,3,197,29,1036.842105263158,New,Premium,Computer
Mouse,Local,Working,1.9,0.16,,,1,272,62,1700.0,Recent,Budget,Computer
Mouse,Dell,Working,1.3,0.15,,,1,725,107,4833.333333333334,Recent,Premium,Computer
Charger,OnePlus,Repairable,1.7,0.17,,,3,248,44,1458.8235294117646,Recent,Budget,Accessory
Speaker,Xiaomi,Dead,1.0,2.98,,,2,423,58,141.94630872483222,New,Budget,Accessory
Smartphone,OnePlus,Working,0.9,0.2,32.0,5.0,1,13163,1356,65815.0,New,Budget,Mobile
Smartphone,LG,Repairable,2.8,0.2,256.0,6.5,2,3661,386,18305.0,Recent,Budget,Mobile
Tablet,Generic,Working,1.4,0.52,512.0,11.1,1,8883,929,17082.69230769231,Recent,Budget,Mobile
Speaker,LG,Working,5.1,2.26,,,2,1217,161,538.4955752212389,Very_Old,Budget,Accessory
Laptop,Local,Working,4.1,1.58,256.0,15.5,2,7059,748,4467.721518987341,Old,Budget,Computer
Speaker,Lenovo,Dead,0.6,2.02,,,2,510,65,252.47524752475246,New,Budget,Accessory
Battery,OnePlus,Dead,3.2,0.57,,,1,216,32,378.94736842105266,Old,Budget,Accessory
Battery,Realme,Dead,0.9,0.6,,,2,124,23,206.66666666666669,New,Budget,Accessory
Keyboard,Asus,Repairable,2.4,1.01,,,1,716,93,708.9108910891089,Recent,Budget,Computer
Speaker,Sony,Working,3.9,2.71,,,1,1643,204,606.2730627306273,Old,Premium,Accessory
Laptop,MSI,Repairable,1.3,2.53,32.0,13.8,2,13433,1373,5309.486166007906,Recent,Premium,Computer
Smartphone,Xiaomi,Dead,2.1,0.19,1024.0,6.5,1,1557,165,8194.736842105263,Recent,Budget,Mobile
Keyboard,Lenovo,Repairable,1.5,0.52,,,3,468,67,900.0,Recent,Budget,Computer
Mouse,OnePlus,Working,4.4,0.2,,,3,356,70,1780.0,Old,Budget,Computer
Charger,Samsung,Dead,1.4,0.29,,,2,149,25,513.7931034482759,Recent,Premium,Accessory
Battery,Dell,Working,4.2,0.68,,,1,658,101,967.6470588235294,Old,Premium,Accessory
Speaker,Local,Repairable,1.8,1.37,,,2,503,73,367.15328467153284,Recent,Budget,Accessory
Speaker,LG,Working,3.5,2.79,,,1,1989,239,712.9032258064516,Old,Budget,Accessory
Headphones,Local,Repairable,1.8,0.23,,,1,373,57,1621.7391304347825,Recent,Budget,Accessory
Keyboard,OnePlus,Working,1.4,0.82,,,1,1491,186,1818.2926829268295,Recent,Budget,Computer
Smartphone,Dell,Repairable,0.5,0.25,32.0,6.5,2,6066,631,24264.0,New,Premium,Mobile
Tablet,Local,Working,2.0,0.45,64.0,11.5,3,4975,533,11055.555555555555,Recent,Budget,Mobile
Battery,Lenovo,Repairable,2.0,0.56,,,1,403,61,719.6428571428571,Recent,Budget,Accessory
Mouse,Realme,Dead,2.6,0.19,,,3,54,15,284.2105263157895,Recent,Budget,Computer
Headphones,OnePlus,Repairable,1.1,0.47,,,2,999,120,2125.5319148936173,Recent,Budget,Accessory
Monitor,Realme,Working,2.6,5.67,,24.4,2,3901,436,688.0070546737213,Recent,Budget,Computer
Headphones,LG,Repairable,1.2,0.21,,,3,976,117,4647.619047619048,Recent,Budget,Accessory
Mouse,Xiaomi,Repairable,3.2,0.17,,,1,200,40,1176.4705882352941,Old,Budget,Computer
Smartphone,Realme,Dead,1.1,0.15,32.0,5.9,1,1690,179,11266.666666666668,Recent,Budget,Mobile
Monitor,Generic,Working,1.2,3.51,,23.5,3,2974,339,847.2934472934473,Recent,Budget,Computer
Monitor,Sony,Repairable,3.8,7.59,,31.0,3,3098,344,408.1686429512516,Old,Premium,Computer
Tablet,Generic,Dead,5.3,0.61,1024.0,11.9,2,640,75,1049.1803278688524,Very_Old,Budget,Mobile
Monitor,HP,Repairable,1.0,4.34,,25.7,2,3962,425,912.9032258064516,New,Budget,Computer
Smartphone,Sony,Working,1.3,0.17,64.0,6.6,1,11547,1194,67923.5294117647,Recent,Premium,Mobile
Headphones,Sony,Repairable,2.2,0.46,,,1,970,118,2108.695652173913,Recent,Premium,Accessory
Charger,MSI,Dead,0.9,0.22,,,1,151,25,686.3636363636364,New,Premium,Accessory
Tablet,Sony,Dead,2.7,0.72,128.0,12.6,3,2611,272,3626.388888888889,Recent,Premium,Mobile
Keyboard,Dell,Working,1.5,0.64,,,2,1414,177,2209.375,Recent,Premium,Computer
Battery,Sony,Repairable,0.7,0.44,,,3,497,70,1129.5454545454545,New,Premium,Accessory
Headphones,Lenovo,Working,1.5,0.23,,,2,1430,178,6217.391304347826,Recent,Budget,Accessory
Battery,Generic,Working,2.6,0.61,,,3,392,75,642.6229508196722,Recent,Budget,Accessory
Keyboard,Local,Dead,2.7,0.58,,,3,84,19,144.82758620689657,Recent,Budget,Computer
Mouse,Dell,Repairable,0.8,0.18,,,2,452,65,2511.1111111111113,New,Premium,Computer
Speaker,MSI,Repairable,1.0,1.68,,,1,2091,232,1244.642857142857,New,Premium,Accessory
Mouse,Local,Repairable,2.3,0.18,,,3,104,30,577.7777777777778,Recent,Budget,Computer
Keyboard,Generic,Repairable,1.0,1.05,,,1,437,65,416.19047619047615,New,Budget,Computer
Laptop,Xiaomi,Working,2.8,2.33,512.0,15.9,3,12268,1271,5265.2360515021455,Recent,Budget,Computer
Laptop,MSI,Working,1.1,2.03,128.0,14.2,2,29487,2992,14525.615763546799,Recent,Premium,Computer
Battery,Asus,Working,2.1,0.65,,,1,1155,151,1776.923076923077,Recent,Budget,Accessory
Battery,Realme,Repairable,1.6,0.51,,,2,338,54,662.7450980392157,Recent,Budget,Accessory
Monitor,Acer,Dead,3.8,6.66,,23.2,2,965,119,144.8948948948949,Old,Budget,Computer
Speaker,OnePlus,Repairable,2.4,2.75,,,3,1242,150,451.6363636363636,Recent,Budget,Accessory
Battery,Realme,Working,0.7,0.51,,,3,554,91,1086.2745098039215,New,Budget,Accessory
Laptop,Sony,Working,8.0,2.52,128.0,13.1,3,2563,296,1017.063492063492,Very_Old,Premium,Computer
Smartphone,Samsung,Working,2.2,0.16,64.0,6.4,3,10251,1065,64068.75,Recent,Premium,Mobile
Tablet,Apple,Dead,1.7,0.57,256.0,9.4,3,4932,504,8652.631578947368,Recent,Premium,Mobile
Monitor,Acer,Dead,1.1,7.7,,29.7,3,1580,183,205.19480519480518,Recent,Budget,Computer
Smartphone,Sony,Working,0.9,0.16,256.0,5.4,1,11087,1148,69293.75,New,Premium,Mobile
Smartphone,HP,Dead,3.5,0.17,512.0,5.5,3,1693,179,9958.823529411764,Old,Budget,Mobile
Mouse,MSI,Working,1.5,0.2,,,2,622,97,3110.0,Recent,Premium,Computer
Monitor,LG,Dead,1.4,4.51,,25.4,2,1390,158,308.20399113082044,Recent,Budget,Computer
Laptop,OnePlus,Repairable,1.5,2.54,128.0,15.2,2,13585,1388,5348.425196850394,Recent,Budget,Computer
Smartphone,LG,Repairable,0.6,0.21,32.0,6.1,1,4847,504,23080.95238095238,New,Budget,Mobile
Speaker,Lenovo,Dead,2.8,1.4,,,1,543,67,387.8571428571429,Recent,Budget,Accessory
Speaker,Lenovo,Working,5.3,2.63,,,1,1056,145,401.52091254752855,Very_Old,Budget,Accessory
Battery,LG,Repairable,2.3,0.76,,,1,427,64,561.8421052631579,Recent,Budget,Accessory
Mouse,Realme,Repairable,3.9,0.1,,,2,104,30,1040.0,Old,Budget,Computer
Smartphone,Sony,Dead,3.4,0.23,128.0,6.7,1,2125,222,9239.130434782608,Old,Premium,Mobile
Headphones,Sony,Repairable,0.8,0.27,,,2,1433,164,5307.407407407407,New,Premium,Accessory
Keyboard,Sony,Repairable,0.9,0.98,,,1,904,112,922.4489795918367,New,Premium,Computer
Keyboard,MSI,Dead,0.7,0.7,,,3,324,43,462.8571428571429,New,Premium,Computer
Monitor,HP,Dead,4.3,6.54,,25.4,3,986,121,150.76452599388378,Old,Budget,Computer
Smartphone,LG,Working,1.2,0.16,128.0,5.1,1,9732,1013,60825.0,Recent,Budget,Mobile
Battery,Local,Working,1.0,0.52,,,1,457,81,878.8461538461538,New,Budget,Accessory
Tablet,MSI,Repairable,0.6,0.64,1024.0,8.4,1,10422,1068,16284.375,New,Premium,Mobile
Laptop,LG,Repairable,6.2,1.65,512.0,13.0,2,4333,456,2626.060606060606,Very_Old,Budget,Computer
Monitor,Local,Working,4.8,3.1,,23.7,2,1824,223,588.3870967741935,Old,Budget,Computer
Battery,Dell,Dead,3.2,0.5,,,1,164,27,328.0,Old,Premium,Accessory
Tablet,Lenovo,Working,3.4,0.43,256.0,8.2,2,10884,1129,25311.627906976744,Old,Budget,Mobile
Keyboard,Acer,Repairable,1.8,1.01,,,2,525,74,519.8019801980198,Recent,Budget,Computer
Tablet,MSI,Working,1.0,0.7,32.0,12.5,2,16563,1697,23661.428571428572,New,Premium,Mobile
Laptop,Samsung,Working,1.4,2.26,1024.0,14.0,3,24798,2524,10972.566371681416,Recent,Premium,Computer
Laptop,Sony,Dead,3.3,2.01,512.0,14.6,3,3964,410,1972.1393034825874,Old,Premium,Computer
Headphones,OnePlus,Dead,3.0,0.48,,,2,369,47,768.75,Recent,Budget,Accessory
Smartphone,Apple,Dead,1.8,0.23,512.0,5.1,1,4058,415,17643.478260869564,Recent,Premium,Mobile
Keyboard,Realme,Repairable,0.7,0.53,,,2,441,65,832.0754716981131,New,Budget,Computer
Keyboard,OnePlus,Working,4.0,0.72,,,3,697,105,968.0555555555555,Old,Budget,Computer
Tablet,Realme,Repairable,5.3,0.73,128.0,9.3,2,1901,211,2604.109589041096,Very_Old,Budget,Mobile
Smartphone,Local,Dead,0.7,0.15,256.0,5.5,1,1051,115,7006.666666666667,New,Budget,Mobile
Battery,MSI,Working,2.1,0.33,,,1,891,125,2700.0,Recent,Premium,Accessory
Battery,Samsung,Working,0.9,0.62,,,1,1401,176,2259.6774193548385,New,Premium,Accessory
Tablet,Apple,Working,2.1,0.5,128.0,8.5,1,18261,1867,36522.0,Recent,Premium,Mobile
Keyboard,Sony,Working,1.0,1.13,,,2,1773,214,1569.0265486725666,New,Premium,Computer
Speaker,Acer,Working,2.6,2.83,,,3,1702,211,601.4134275618375,Recent,Budget,Accessory
Smartphone,Xiaomi,Repairable,0.6,0.25,1024.0,6.2,1,3959,415,15836.0,New,Budget,Mobile
Headphones,OnePlus,Working,1.1,0.32,,,1,2365,272,7390.625,Recent,Budget,Accessory
Mouse,Acer,Dead,1.6,0.13,,,2,113,21,869.2307692307692,Recent,Budget,Computer
Headphones,Sony,Dead,1.3,0.49,,,3,498,60,1016.3265306122449,Recent,Premium,Accessory
Headphones,Apple,Working,1.7,0.26,,,3,2828,318,10876.923076923076,Recent,Premium,Accessory
Headphones,Lenovo,Repairable,0.8,0.26,,,1,1087,129,4180.7692307692305,New,Budget,Accessory
Keyboard,Sony,Repairable,4.7,0.59,,,3,303,51,513.5593220338983,Old,Premium,Computer
Laptop,Samsung,Working,1.9,1.91,64.0,14.8,1,27790,2823,14549.73821989529,Recent,Premium,Computer
Keyboard,Lenovo,Dead,1.6,0.58,,,2,228,33,393.1034482758621,Recent,Budget,Computer
Keyboard,Asus,Dead,3.9,1.12,,,3,154,27,137.5,Old,Budget,Computer
Laptop,Xiaomi,Repairable,0.7,1.58,256.0,15.9,3,9272,955,5868.354430379746,New,Budget,Computer
Monitor,Asus,Working,1.4,6.4,,31.2,2,8451,898,1320.46875,Recent,Budget,Computer
Tablet,Xiaomi,Working,0.6,0.48,64.0,12.3,3,7187,759,14972.916666666668,New,Budget,Mobile
Mouse,OnePlus,Working,3.6,0.16,,,1,406,75,2537.5,Old,Budget,Computer
Laptop,Local,Repairable,1.1,1.95,1024.0,14.0,1,6590,688,3379.4871794871797,Recent,Budget,Computer
Mouse,Apple,Dead,0.7,0.17,,,1,250,35,1470.5882352941176,New,Premium,Computer
Battery,HP,Dead,1.7,0.36,,,1,265,37,736.1111111111111,Recent,Budget,Accessory
Monitor,Apple,Working,2.2,7.51,,31.2,3,9284,983,1236.2183754993343,Recent,Premium,Computer
Monitor,Sony,Repairable,4.9,5.88,,23.2,2,2640,296,448.9795918367347,Old,Premium,Computer
Tablet,Lenovo,Repairable,1.4,0.42,64.0,11.5,2,6635,689,15797.619047619048,Recent,Budget,Mobile
Monitor,Local,Working,3.5,3.75,,21.3,1,2432,286,648.5333333333333,Old,Budget,Computer
Laptop,OnePlus,Working,2.7,1.74,256.0,13.9,2,23582,2401,13552.87356321839,Recent,Budget,Computer
Mouse,Lenovo,Repairable,1.2,0.19,,,1,356,55,1873.6842105263158,Recent,Budget,Computer
Battery,Sony,Dead,0.5,0.55,,,1,252,36,458.18181818181813,New,Premium,Accessory
Headphones,Local,Repairable,8.0,0.38,,,2,50,26,131.57894736842104,Very_Old,Budget,Accessory
Headphones,LG,Working,2.2,0.22,,,2,1768,211,8036.363636363636,Recent,Budget,Accessory
Mouse,Local,Working,5.7,0.19,,,1,106,45,557.8947368421052,Very_Old,Budget,Computer
Speaker,Realme,Working,1.3,1.07,,,3,1466,183,1370.0934579439252,Recent,Budget,Accessory
Mouse,Samsung,Working,2.0,0.15,,,2,804,115,5360.0,Recent,Premium,Computer
Charger,HP,Repairable,0.9,0.1,,,1,274,47,2740.0,New,Budget,Accessory
Mouse,Xiaomi,Dead,1.0,0.1,,,2,106,20,1060.0,New,Budget,Computer
Headphones,Generic,Repairable,1.3,0.25,,,2,585,78,2340.0,Recent,Budget,Accessory
Speaker,Realme,Repairable,1.0,2.38,,,3,729,97,306.3025210084034,New,Budget,Accessory
Mouse,OnePlus,Dead,1.9,0.19,,,3,102,20,536.8421052631579,Recent,Budget,Computer
Speaker,Apple,Working,1.9,2.71,,,3,3366,376,1242.0664206642066,Recent,Premium,Accessory
Keyboard,Realme,Repairable,1.1,0.78,,,3,410,63,525.6410256410256,Recent,Budget,Computer
Laptop,Lenovo,Dead,4.9,1.56,1024.0,14.3,1,2386,251,1529.4871794871794,Old,Budget,Computer
Battery,HP,Working,1.0,0.43,,,1,1007,136,2341.860465116279,New,Budget,Accessory
Speaker,OnePlus,Repairable,0.9,1.26,,,2,1759,198,1396.031746031746,New,Budget,Accessory
Headphones,Dell,Working,0.8,0.26,,,3,1853,221,7126.923076923077,New,Premium,Accessory
Mouse,Asus,Working,5.9,0.18,,,2,254,60,1411.111111111111,Very_Old,Budget,Computer
Mouse,HP,Working,0.7,0.18,,,3,619,96,3438.888888888889,New,Budget,Computer
Tablet,Samsung,Dead,1.1,0.63,1024.0,11.8,2,4526,463,7184.126984126984,Recent,Premium,Mobile
Smartphone,LG,Dead,4.9,0.24,64.0,5.8,3,822,92,3425.0,Old,Budget,Mobile
Speaker,HP,Dead,0.5,2.76,,,2,583,74,211.23188405797103,New,Budget,Accessory
Mouse,Local,Working,4.5,0.13,,,2,142,49,1092.3076923076924,Old,Budget,Computer
Monitor,Dell,Working,0.6,4.63,,19.3,1,11959,1244,2582.937365010799,New,Premium,Computer
Laptop,Apple,Working,1.5,1.55,64.0,13.7,3,28660,2909,18490.32258064516,Recent,Premium,Computer
Smartphone,Samsung,Repairable,1.1,0.24,256.0,5.5,2,6839,708,28495.833333333336,Recent,Premium,Mobile
Battery,Samsung,Working,2.3,0.37,,,1,982,134,2654.054054054054,Recent,Premium,Accessory
Speaker,Asus,Dead,2.1,1.48,,,3,519,64,350.6756756756757,Recent,Budget,Accessory
Keyboard,Acer,Working,1.9,1.04,,,1,1302,167,1251.923076923077,Recent,Budget,Computer
Laptop,Generic,Working,0.7,2.0,128.0,13.6,2,11601,1204,5800.5,New,Budget,Computer
Laptop,Lenovo,Working,3.8,2.64,1024.0,15.2,1,16370,1682,6200.757575757575,Old,Budget,Computer
Mouse,Lenovo,Dead,0.6,0.16,,,2,171,27,1068.75,New,Budget,Computer
Laptop,Realme,Repairable,2.2,1.9,32.0,14.4,3,6061,635,3190.0,Recent,Budget,Computer
Headphones,LG,Dead,2.1,0.35,,,3,318,42,908.5714285714287,Recent,Budget,Accessory
Mouse,Asus,Working,3.0,0.19,,,2,400,75,2105.2631578947367,Recent,Budget,Computer
Battery,Generic,Dead,5.9,0.56,,,2,50,16,89.28571428571428,Very_Old,Budget,Accessory
Laptop,Apple,Working,4.4,2.2,1024.0,13.7,3,21699,2213,9863.181818181818,Old,Premium,Computer
Smartphone,Xiaomi,Dead,0.8,0.22,256.0,6.6,3,1849,194,8404.545454545454,New,Budget,Mobile
Smartphone,Sony,Dead,2.6,0.2,128.0,6.8,3,1689,178,8445.0,Recent,Premium,Mobile
Speaker,LG,Repairable,1.3,2.49,,,1,1448,169,581.5261044176706,Recent,Budget,Accessory
Smartphone,Local,Repairable,2.4,0.19,256.0,6.0,2,2439,263,12836.842105263158,Recent,Budget,Mobile
Battery,LG,Working,6.1,0.3,,,1,326,68,1086.6666666666667,Very_Old,Budget,Accessory
Battery,Local,Working,3.0,0.67,,,3,327,68,488.0597014925373,Recent,Budget,Accessory
Laptop,Acer,Dead,0.5,1.5,64.0,13.1,3,4392,452,2928.0,New,Budget,Computer
Smartphone,MSI,Repairable,7.8,0.17,128.0,5.1,1,743,94,4370.588235294117,Very_Old,Premium,Mobile
Speaker,Generic,Dead,2.0,1.76,,,2,224,36,127.27272727272727,Recent,Budget,Accessory
Speaker,Xiaomi,Working,1.3,1.78,,,2,2100,249,1179.7752808988764,Recent,Budget,Accessory
Charger,MSI,Repairable,1.0,0.21,,,1,421,62,2004.7619047619048,New,Premium,Accessory
Battery,OnePlus,Working,3.6,0.8,,,2,789,115,986.25,Old,Budget,Accessory
Battery,OnePlus,Repairable,1.8,0.65,,,2,417,62,641.5384615384615,Recent,Budget,Accessory
Battery,Dell,Working,1.7,0.7,,,2,1011,137,1444.2857142857144,Recent,Premium,Accessory
Smartphone,OnePlus,Working,2.9,0.22,256.0,6.6,2,7564,796,34381.818181818184,Recent,Budget,Mobile
Mouse,Local,Repairable,1.7,0.12,,,1,176,37,1466.6666666666667,Recent,Budget,Computer
Mouse,Asus,Repairable,1.6,0.18,,,2,346,54,1922.2222222222224,Recent,Budget,Computer
Speaker,Samsung,Working,1.5,2.62,,,2,3086,348,1177.8625954198474,Recent,Premium,Accessory
Speaker,LG,Working,1.5,1.22,,,2,2716,308,2226.2295081967213,Recent,Budget,Accessory
Laptop,Realme,Repairable,0.6,2.79,256.0,15.6,1,9090,940,3258.064516129032,New,Budget,Computer
Speaker,HP,Working,5.6,1.3,,,3,946,132,727.6923076923076,Very_Old,Budget,Accessory
Tablet,LG,Dead,3.4,0.7,128.0,11.1,2,1974,208,2820.0,Old,Budget,Mobile
Mouse,Realme,Repairable,3.3,0.18,,,3,147,34,816.6666666666667,Old,Budget,Computer
Battery,Apple,Working,1.4,0.8,,,1,1564,193,1955.0,Recent,Premium,Accessory
Smartphone,MSI,Dead,0.5,0.19,512.0,5.2,2,2574,267,13547.368421052632,New,Premium,Mobile
Tablet,Samsung,Dead,1.2,0.42,128.0,8.4,2,3866,397,9204.761904761905,Recent,Premium,Mobile
Charger,Samsung,Repairable,1.0,0.12,,,2,285,48,2375.0,New,Premium,Accessory
Laptop,Asus,Repairable,1.1,2.36,256.0,16.5,1,18309,1860,7758.050847457627,Recent,Budget,Computer
Speaker,Dell,Dead,4.7,1.35,,,1,339,46,251.1111111111111,Old,Premium,Accessory
Mouse,Dell,Working,0.7,0.18,,,2,641,99,3561.1111111111113,New,Premium,Computer
Speaker,LG,Dead,2.1,1.5,,,2,443,57,295.3333333333333,Recent,Budget,Accessory
Tablet,Dell,Working,8.0,0.7,256.0,10.8,2,2110,247,3014.2857142857147,Very_Old,Premium,Mobile
Speaker,Samsung,Repairable,4.6,2.29,,,3,932,118,406.9868995633188,Old,Premium,Accessory
Headphones,Acer,Repairable,1.2,0.38,,,1,1064,127,2800.0,Recent,Budget,Accessory
Tablet,Samsung,Dead,1.5,0.75,128.0,10.4,2,4105,422,5473.333333333333,Recent,Premium,Mobile
Charger,Xiaomi,Dead,1.5,0.19,,,1,99,19,521.0526315789474,Recent,Budget,Accessory
Battery,MSI,Repairable,2.6,0.32,,,1,525,73,1640.625,Recent,Premium,Accessory
Speaker,Dell,Working,0.5,2.56,,,3,2663,306,1040.234375,New,Premium,Accessory
Keyboard,Generic,Working,1.8,1.06,,,2,501,87,472.64150943396226,Recent,Budget,Computer
Smartphone,Samsung,Repairable,0.8,0.19,64.0,5.6,3,5334,558,28073.684210526317,New,Premium,Mobile
Charger,LG,Working,8.0,0.27,,,1,73,43,270.3703703703704,Very_Old,Budget,Accessory
Tablet,HP,Dead,6.0,0.54,128.0,9.1,3,833,94,1542.5925925925924,Very_Old,Budget,Mobile
Keyboard,Dell,Repairable,4.0,0.98,,,3,381,60,388.7755102040816,Old,Premium,Computer
Speaker,Sony,Dead,1.4,2.01,,,3,590,73,293.5323383084577,Recent,Premium,Accessory
Headphones,Apple,Working,4.9,0.31,,,2,1682,204,5425.806451612903,Old,Premium,Accessory
Mouse,Dell,Working,1.7,0.17,,,1,867,121,5100.0,Recent,Premium,Computer
Keyboard,HP,Working,5.3,0.54,,,3,451,81,835.1851851851851,Very_Old,Budget,Computer
Laptop,LG,Dead,1.8,2.15,512.0,16.8,3,4735,487,2202.3255813953488,Recent,Budget,Computer
Charger,Apple,Repairable,0.7,0.19,,,1,446,64,2347.3684210526317,New,Premium,Accessory
Charger,OnePlus,Repairable,5.0,0.29,,,3,120,33,413.7931034482759,Old,Budget,Accessory
Smartphone,Samsung,Working,0.7,0.23,128.0,5.6,3,12140,1254,52782.60869565217,New,Premium,Mobile
Speaker,Dell,Dead,4.9,2.95,,,3,296,45,100.33898305084745,Old,Premium,Accessory
Laptop,Generic,Repairable,2.2,1.95,128.0,14.8,1,6151,644,3154.3589743589746,Recent,Budget,Computer
Laptop,Acer,Dead,1.2,1.6,1024.0,13.8,2,4454,458,2783.75,Recent,Budget,Computer
Keyboard,Apple,Dead,2.1,0.92,,,1,463,58,503.2608695652174,Recent,Premium,Computer
Smartphone,Apple,Repairable,1.5,0.19,256.0,5.9,2,9664,991,50863.15789473684,Recent,Premium,Mobile
Smartphone,Apple,Dead,8.0,0.19,128.0,5.1,3,386,48,2031.578947368421,Very_Old,Premium,Mobile
Laptop,Local,Repairable,2.6,2.78,128.0,17.0,2,4960,522,1784.1726618705038,Recent,Budget,Computer
Charger,Acer,Working,1.2,0.22,,,3,392,74,1781.8181818181818,Recent,Budget,Accessory
Tablet,MSI,Repairable,2.2,0.46,256.0,12.5,2,8417,867,18297.82608695652,Recent,Premium,Mobile
Mouse,Realme,Working,1.7,0.13,,,3,279,62,2146.153846153846,Recent,Budget,Computer
Charger,Dell,Repairable,2.8,0.16,,,1,309,50,1931.25,Recent,Premium,Accessory
Keyboard,MSI,Working,2.7,0.95,,,3,1053,142,1108.421052631579,Recent,Premium,Computer
Laptop,Realme,Dead,0.6,2.9,512.0,17.0,3,3549,370,1223.7931034482758,New,Budget,Computer
Keyboard,HP,Dead,2.0,1.0,,,3,202,32,202.0,Recent,Budget,Computer
Laptop,HP,Dead,2.5,2.65,1024.0,16.1,3,4852,500,1830.9433962264152,Recent,Budget,Computer
Smartphone,Lenovo,Working,1.0,0.25,64.0,5.1,2,11307,1170,45228.0,New,Budget,Mobile
Mouse,Asus,Repairable,6.0,0.13,,,1,140,34,1076.923076923077,Very_Old,Budget,Computer
Tablet,Samsung,Repairable,1.3,0.79,128.0,10.4,1,7648,791,9681.012658227848,Recent,Premium,Mobile
Charger,Xiaomi,Working,1.6,0.17,,,3,320,67,1882.3529411764705,Recent,Budget,Accessory
Monitor,Sony,Dead,0.8,6.58,,29.5,1,2774,300,421.580547112462,New,Premium,Computer
Mouse,Apple,Repairable,4.4,0.14,,,1,305,50,2178.5714285714284,Old,Premium,Computer
Mouse,LG,Working,2.0,0.1,,,2,640,99,6400.0,Recent,Budget,Computer
Monitor,Realme,Repairable,0.8,7.52,,29.7,3,1994,234,265.1595744680851,New,Budget,Computer
Headphones,Local,Working,0.8,0.21,,,2,959,130,4566.666666666667,New,Budget,Accessory
Monitor,OnePlus,Working,1.2,6.57,,20.4,1,9008,953,1371.0806697108067,Recent,Budget,Computer
Monitor,LG,Dead,5.9,5.26,,25.5,3,569,77,108.17490494296578,Very_Old,Budget,Computer
Headphones,LG,Dead,2.4,0.29,,,2,310,42,1068.9655172413793,Recent,Budget,Accessory
Charger,Sony,Working,2.1,0.19,,,3,435,78,2289.4736842105262,Recent,Premium,Accessory
Headphones,Acer,Working,2.7,0.41,,,2,1079,143,2631.707317073171,Recent,Budget,Accessory
Speaker,Sony,Working,1.3,1.82,,,2,2393,278,1314.8351648351647,Recent,Premium,Accessory
Battery,Dell,Working,1.0,0.33,,,1,1471,183,4457.575757575757,New,Premium,Accessory
Smartphone,Realme,Working,3.2,0.16,128.0,6.3,3,3057,340,19106.25,Old,Budget,Mobile
Charger,Samsung,Working,1.7,0.26,,,2,678,103,2607.6923076923076,Recent,Premium,Accessory
Headphones,Acer,Working,2.3,0.26,,,3,1414,177,5438.461538461538,Recent,Budget,Accessory
Laptop,Local,Working,6.7,2.37,32.0,14.3,3,2153,255,908.4388185654008,Very_Old,Budget,Computer
Keyboard,MSI,Repairable,1.5,1.01,,,2,874,109,865.3465346534654,Recent,Premium,Computer
Speaker,Asus,Working,2.5,2.58,,,2,1897,229,735.2713178294573,Recent,Budget,Accessory
Headphones,Acer,Dead,1.0,0.36,,,2,345,45,958.3333333333334,New,Budget,Accessory
Smartphone,Asus,Repairable,2.5,0.18,64.0,6.5,2,4924,512,27355.55555555556,Recent,Budget,Mobile
Battery,Acer,Repairable,1.7,0.39,,,3,398,60,1020.5128205128204,Recent,Budget,Accessory
Charger,Generic,Dead,8.0,0.22,,,1,55,15,250.0,Very_Old,Budget,Accessory
Laptop,Asus,Working,0.5,1.98,32.0,16.3,3,20285,2072,10244.949494949495,New,Budget,Computer
Tablet,Dell,Repairable,4.2,0.5,128.0,9.2,3,3779,398,7558.0,Old,Premium,Mobile
Speaker,Sony,Dead,5.3,2.01,,,1,332,47,165.17412935323384,Very_Old,Premium,Accessory
Tablet,Generic,Repairable,1.6,0.65,1024.0,9.7,3,3207,341,4933.846153846153,Recent,Budget,Mobile
Laptop,Sony,Working,2.5,2.39,64.0,13.6,3,17094,1754,7152.301255230125,Recent,Premium,Computer
Tablet,Local,Dead,1.4,0.57,1024.0,12.5,2,1443,155,2531.5789473684213,Recent,Budget,Mobile
Speaker,Lenovo,Repairable,0.6,1.49,,,3,1129,135,757.7181208053692,New,Budget,Accessory
Charger,Apple,Repairable,1.9,0.19,,,1,468,66,2463.157894736842,Recent,Premium,Accessory
Keyboard,Samsung,Dead,1.1,0.92,,,3,379,49,411.95652173913044,Recent,Premium,Computer
Tablet,Xiaomi,Repairable,5.3,0.78,32.0,12.4,3,2035,225,2608.974358974359,Very_Old,Budget,Mobile
Speaker,Asus,Working,1.0,1.4,,,1,2424,280,1731.4285714285716,New,Budget,Accessory
Monitor,Asus,Dead,3.0,7.69,,27.3,1,1330,158,172.9518855656697,Recent,Budget,Computer
Smartphone,LG,Working,3.2,0.24,1024.0,6.7,2,7695,809,32062.5,Old,Budget,Mobile
Headphones,MSI,Repairable,1.3,0.3,,,1,1289,149,4296.666666666667,Recent,Premium,Accessory
Speaker,Samsung,Working,1.5,1.0,,,2,3262,363,3262.0,Recent,Premium,Accessory
Smartphone,Local,Working,3.3,0.22,32.0,5.9,2,2762,311,12554.545454545454,Old,Budget,Mobile
Headphones,Samsung,Working,1.4,0.2,,,1,2561,291,12805.0,Recent,Premium,Accessory
Speaker,Local,Working,0.8,1.16,,,1,1425,179,1228.448275862069,New,Budget,Accessory
Charger,Local,Repairable,0.5,0.29,,,3,119,32,410.3448275862069,New,Budget,Accessory
Mouse,Sony,Working,8.0,0.11,,,3,78,42,709.0909090909091,Very_Old,Premium,Computer
Charger,Asus,Repairable,1.4,0.27,,,1,290,50,1074.074074074074,Recent,Budget,Accessory
Charger,LG,Working,1.1,0.27,,,1,519,87,1922.2222222222222,Recent,Budget,Accessory
Keyboard,Realme,Dead,0.5,0.77,,,1,231,35,300.0,New,Budget,Computer
Smartphone,LG,Repairable,1.1,0.19,512.0,6.1,1,4990,519,26263.157894736843,Recent,Budget,Mobile
Mouse,LG,Repairable,3.3,0.14,,,2,225,42,1607.1428571428569,Old,Budget,Computer
Smartphone,MSI,Repairable,0.7,0.17,64.0,5.9,3,4849,504,28523.529411764703,New,Premium,Mobile
Mouse,Lenovo,Repairable,2.0,0.19,,,1,267,46,1405.2631578947369,Recent,Budget,Computer
Monitor,Asus,Working,2.3,5.63,,30.4,3,6139,664,1090.4085257548845,Recent,Budget,Computer
Headphones,Realme,Repairable,1.0,0.21,,,3,622,82,2961.904761904762,New,Budget,Accessory
Monitor,Apple,Working,1.3,3.09,,23.0,2,10671,1113,3453.3980582524273,Recent,Premium,Computer
Battery,MSI,Dead,2.4,0.39,,,1,221,33,566.6666666666666,Recent,Premium,Accessory
Charger,Apple,Working,1.8,0.19,,,2,873,122,4594.736842105263,Recent,Premium,Accessory
Smartphone,Samsung,Repairable,0.6,0.25,256.0,6.4,2,7748,799,30992.0,New,Premium,Mobile
Tablet,Local,Working,1.6,0.58,128.0,12.4,1,6654,706,11472.41379310345,Recent,Budget,Mobile
Mouse,Lenovo,Working,1.0,0.12,,,1,691,104,5758.333333333334,New,Budget,Computer
Tablet,Asus,Dead,5.1,0.53,1024.0,11.5,3,1467,157,2767.9245283018868,Very_Old,Budget,Mobile
Monitor,MSI,Working,3.5,5.82,,31.6,2,5652,617,971.1340206185566,Old,Premium,Computer
Laptop,Samsung,Working,2.4,2.59,32.0,15.7,2,21271,2172,8212.741312741313,Recent,Premium,Computer
Battery,Generic,Repairable,1.1,0.42,,,2,297,50,707.1428571428572,Recent,Budget,Accessory
Smartphone,Asus,Dead,2.0,0.22,512.0,6.1,2,2049,214,9313.636363636364,Recent,Budget,Mobile
Battery,OnePlus,Working,1.7,0.6,,,1,938,129,1563.3333333333335,Recent,Budget,Accessory
Laptop,Samsung,Working,3.0,2.71,256.0,14.2,1,22295,2274,8226.937269372695,Recent,Premium,Computer
Tablet,Realme,Dead,2.7,0.68,128.0,11.3,3,1382,149,2032.3529411764705,Recent,Budget,Mobile
Charger,Local,Dead,1.5,0.18,,,2,50,15,277.77777777777777,Recent,Budget,Accessory
Speaker,OnePlus,Dead,0.8,2.39,,,2,545,69,228.03347280334728,New,Budget,Accessory
Charger,Generic,Repairable,6.1,0.27,,,1,56,26,207.4074074074074,Very_Old,Budget,Accessory
Tablet,Realme,Repairable,5.2,0.56,256.0,8.8,2,2308,251,4121.428571428571,Very_Old,Budget,Mobile
Battery,Apple,Working,0.5,0.69,,,3,1232,159,1785.5072463768117,New,Premium,Accessory
Battery,Asus,Dead,8.0,0.64,,,1,55,16,85.9375,Very_Old,Budget,Accessory
Smartphone,Local,Repairable,1.1,0.22,256.0,6.5,2,2048,224,9309.09090909091,Recent,Budget,Mobile
Mouse,Dell,Working,0.9,0.17,,,2,671,102,3947.0588235294113,New,Premium,Computer
Keyboard,Local,Working,0.6,0.84,,,2,523,89,622.6190476190476,New,Budget,Computer
Smartphone,Local,Repairable,3.1,0.17,32.0,6.0,3,1390,159,8176.470588235294,Old,Budget,Mobile
Tablet,HP,Repairable,1.2,0.55,512.0,8.9,1,9799,1005,17816.363636363636,Recent,Budget,Mobile
Monitor,LG,Repairable,0.7,4.64,,26.1,1,4514,480,972.844827586207,New,Budget,Computer
Speaker,Acer,Repairable,1.4,2.58,,,1,1045,129,405.0387596899225,Recent,Budget,Accessory
Mouse,MSI,Working,1.6,0.14,,,2,723,107,5164.285714285714,Recent,Premium,Computer
Keyboard,Acer,Working,7.3,0.86,,,2,193,56,224.41860465116278,Very_Old,Budget,Computer
Laptop,LG,Working,1.2,1.55,32.0,14.6,2,18557,1898,11972.258064516129,Recent,Budget,Computer
Monitor,OnePlus,Working,1.3,3.49,,23.4,2,7687,815,2202.5787965616046,Recent,Budget,Computer
Laptop,Acer,Repairable,0.8,1.94,128.0,14.2,2,12786,1307,6590.721649484536,New,Budget,Computer
Keyboard,Acer,Dead,3.0,0.93,,,1,205,32,220.4301075268817,Recent,Budget,Computer
Laptop,LG,Repairable,1.0,2.05,32.0,14.4,3,11066,1135,5398.048780487806,New,Budget,Computer
Charger,Local,Working,1.0,0.12,,,2,264,61,2200.0,New,Budget,Accessory
Speaker,Generic,Working,1.7,2.25,,,2,1237,162,549.7777777777778,Recent,Budget,Accessory
Battery,Realme,Dead,4.6,0.57,,,2,70,18,122.80701754385966,Old,Budget,Accessory
Speaker,Xiaomi,Dead,5.7,2.44,,,3,115,26,47.131147540983605,Very_Old,Budget,Accessory
Headphones,Sony,Dead,0.9,0.44,,,2,592,70,1345.4545454545455,New,Premium,Accessory
Smartphone,Asus,Working,2.1,0.21,512.0,5.8,1,11148,1154,53085.71428571429,Recent,Budget,Mobile
Keyboard,Dell,Working,2.8,0.58,,,1,1462,182,2520.689655172414,Recent,Premium,Computer
Monitor,Realme,Working,3.3,6.16,,21.1,1,3362,383,545.7792207792207,Old,Budget,Computer
Monitor,Dell,Repairable,1.6,6.31,,24.0,1,5113,549,810.3011093502378,Recent,Premium,Computer
Headphones,Samsung,Working,2.4,0.44,,,2,1575,193,3579.5454545454545,Recent,Premium,Accessory
Headphones,Asus,Working,1.7,0.43,,,1,2087,244,4853.488372093023,Recent,Budget,Accessory
Mouse,Acer,Working,2.6,0.15,,,2,535,88,3566.666666666667,Recent,Budget,Computer
Charger,Realme,Repairable,0.6,0.2,,,1,167,36,835.0,New,Budget,Accessory
Smartphone,Asus,Working,0.8,0.19,1024.0,6.7,3,9028,942,47515.78947368421,New,Budget,Mobile
Tablet,Apple,Repairable,6.4,0.53,32.0,10.6,1,3396,360,6407.547169811321,Very_Old,Premium,Mobile
Tablet,HP,Dead,3.9,0.65,64.0,11.7,3,1379,148,2121.5384615384614,Old,Budget,Mobile
Keyboard,Sony,Dead,3.2,0.86,,,1,307,42,356.9767441860465,Old,Premium,Computer
Laptop,HP,Working,5.3,2.29,64.0,17.0,1,11403,1185,4979.475982532751,Very_Old,Budget,Computer
Tablet,OnePlus,Working,1.2,0.53,128.0,12.4,3,10493,1090,19798.11320754717,Recent,Budget,Mobile
Battery,Lenovo,Working,3.2,0.35,,,1,867,122,2477.1428571428573,Old,Budget,Accessory
Smartphone,Sony,Repairable,3.1,0.24,512.0,5.9,1,4248,444,17700.0,Old,Premium,Mobile
Keyboard,Xiaomi,Repairable,2.9,0.88,,,2,389,60,442.04545454545456,Recent,Budget,Computer
Speaker,Samsung,Repairable,3.9,1.75,,,1,1307,154,746.8571428571429,Old,Premium,Accessory
Laptop,Asus,Working,0.9,1.91,64.0,14.5,3,17913,1835,9378.534031413614,New,Budget,Computer
Laptop,LG,Repairable,1.5,2.71,1024.0,14.7,3,11609,1190,4283.763837638377,Recent,Budget,Computer
Laptop,Xiaomi,Working,2.6,1.58,512.0,15.5,1,13213,1364,8362.6582278481,Recent,Budget,Computer
Tablet,Realme,Repairable,2.6,0.71,512.0,11.5,1,3920,413,5521.12676056338,Recent,Budget,Mobile
Smartphone,Lenovo,Working,2.8,0.25,1024.0,6.0,2,6941,734,27764.0,Recent,Budget,Mobile
Headphones,Samsung,Repairable,2.3,0.5,,,2,937,114,1874.0,Recent,Premium,Accessory
Tablet,Realme,Working,2.0,0.54,64.0,9.1,3,6289,669,11646.296296296296,Recent,Budget,Mobile
Battery,Xiaomi,Working,0.6,0.59,,,1,744,110,1261.0169491525423,New,Budget,Accessory
Battery,OnePlus,Dead,0.9,0.46,,,3,177,28,384.78260869565213,New,Budget,Accessory
Battery,Generic,Dead,6.5,0.59,,,2,50,16,84.74576271186442,Very_Old,Budget,Accessory
Smartphone,LG,Working,1.6,0.24,256.0,6.0,3,8522,892,35508.333333333336,Recent,Budget,Mobile
Laptop,Realme,Repairable,1.9,2.6,256.0,14.1,2,7476,777,2875.3846153846152,Recent,Budget,Computer
Smartphone,Lenovo,Repairable,0.8,0.21,128.0,5.2,2,5198,544,24752.380952380954,New,Budget,Mobile
Smartphone,Xiaomi,Dead,1.5,0.2,256.0,5.1,3,1652,175,8260.0,Recent,Budget,Mobile
Headphones,Realme,Dead,1.4,0.45,,,3,250,36,555.5555555555555,Recent,Budget,Accessory
Speaker,LG,Working,1.2,2.69,,,2,2442,284,907.8066914498141,Recent,Budget,Accessory
Speaker,LG,Working,1.9,2.95,,,1,2863,327,970.5084745762712,Recent,Budget,Accessory
Tablet,LG,Working,1.4,0.46,32.0,8.1,1,12175,1258,26467.391304347824,Recent,Budget,Mobile
Tablet,Lenovo,Working,0.5,0.56,256.0,12.3,2,17394,1780,31060.714285714283,New,Budget,Mobile
Charger,Asus,Repairable,1.9,0.21,,,2,208,40,990.4761904761905,Recent,Budget,Accessory
Tablet,Samsung,Repairable,1.0,0.41,512.0,8.7,2,10452,1071,25492.68292682927,New,Premium,Mobile
Smartphone,OnePlus,Repairable,4.6,0.21,512.0,5.3,3,2492,269,11866.666666666668,Old,Budget,Mobile
Speaker,Samsung,Repairable,2.5,2.8,,,3,1343,160,479.64285714285717,Recent,Premium,Accessory
Tablet,Asus,Working,1.4,0.63,128.0,12.9,3,10797,1120,17138.095238095237,Recent,Budget,Mobile
Laptop,Asus,Repairable,3.3,2.42,1024.0,15.5,2,9467,976,3911.9834710743803,Old,Budget,Computer
Monitor,HP,Repairable,1.3,3.14,,31.1,3,3668,392,1168.1528662420383,Recent,Budget,Computer
Tablet,Acer,Dead,2.5,0.43,128.0,9.3,3,2181,229,5072.093023255814,Recent,Budget,Mobile
Tablet,Local,Working,1.1,0.52,32.0,10.7,2,5816,622,11184.615384615385,Recent,Budget,Mobile
Monitor,HP,Working,1.9,6.59,,29.2,3,6026,655,914.4157814871016,Recent,Budget,Computer
Smartphone,MSI,Repairable,0.9,0.23,32.0,6.2,1,7136,738,31026.086956521736,New,Premium,Mobile
Charger,Generic,Repairable,1.8,0.23,,,2,110,31,478.2608695652174,Recent,Budget,Accessory
Smartphone,Sony,Dead,4.3,0.16,128.0,6.0,2,1217,131,7606.25,Old,Premium,Mobile
Keyboard,MSI,Repairable,3.2,0.55,,,3,590,80,1072.7272727272727,Old,Premium,Computer
Speaker,Asus,Working,7.8,2.21,,,2,310,70,140.2714932126697,Very_Old,Budget,Accessory
Keyboard,LG,Repairable,3.2,0.73,,,3,426,63,583.5616438356165,Old,Budget,Computer
Headphones,Acer,Dead,5.5,0.49,,,3,161,27,328.57142857142856,Very_Old,Budget,Accessory
Charger,HP,Working,1.1,0.15,,,1,548,89,3653.3333333333335,Recent,Budget,Accessory
Charger,Realme,Repairable,1.7,0.16,,,3,133,33,831.25,Recent,Budget,Accessory
Battery,LG,Dead,2.4,0.68,,,2,193,30,283.8235294117647,Recent,Budget,Accessory
Mouse,LG,Dead,3.9,0.1,,,1,79,17,790.0,Old,Budget,Computer
Monitor,Local,Working,3.6,5.67,,19.7,1,2512,297,443.03350970017635,Old,Budget,Computer
Charger,Lenovo,Working,1.1,0.23,,,2,568,91,2469.565217391304,Recent,Budget,Accessory
Smartphone,Realme,Working,5.5,0.2,512.0,6.5,3,2339,268,11695.0,Very_Old,Budget,Mobile
Headphones,OnePlus,Working,2.0,0.36,,,2,2067,242,5741.666666666667,Recent,Budget,Accessory
Battery,Realme,Working,3.6,0.75,,,3,310,68,413.3333333333333,Old,Budget,Accessory
Charger,Realme,Working,2.0,0.27,,,2,234,59,866.6666666666666,Recent,Budget,Accessory
Keyboard,Dell,Working,3.7,0.63,,,3,950,131,1507.936507936508,Old,Premium,Computer
Smartphone,Xiaomi,Dead,2.4,0.17,128.0,6.2,1,1395,149,8205.882352941177,Recent,Budget,Mobile
Charger,MSI,Repairable,2.5,0.19,,,3,266,46,1400.0,Recent,Premium,Accessory
Headphones,Dell,Working,2.0,0.35,,,3,1430,179,4085.714285714286,Recent,Premium,Accessory
Headphones,Apple,Dead,5.6,0.25,,,3,242,34,968.0,Very_Old,Premium,Accessory
Mouse,Realme,Working,3.8,0.12,,,3,225,57,1875.0,Old,Budget,Computer
Tablet,LG,Dead,1.1,0.7,128.0,12.2,3,2644,275,3777.1428571428573,Recent,Budget,Mobile
Headphones,HP,Repairable,5.0,0.39,,,1,604,81,1548.7179487179487,Old,Budget,Accessory
Speaker,LG,Working,2.1,1.77,,,3,2039,242,1151.9774011299435,Recent,Budget,Accessory
Monitor,Samsung,Dead,5.3,5.08,,24.0,2,849,104,167.1259842519685,Very_Old,Premium,Computer
Smartphone,Apple,Repairable,1.6,0.16,1024.0,5.9,3,7555,780,47218.75,Recent,Premium,Mobile
Keyboard,OnePlus,Dead,2.3,0.75,,,3,245,36,326.6666666666667,Recent,Budget,Computer
Tablet,Local,Working,4.7,0.78,128.0,8.2,3,2636,300,3379.487179487179,Old,Budget,Mobile
Keyboard,Samsung,Dead,7.5,0.99,,,2,50,17,50.505050505050505,Very_Old,Premium,Computer
Charger,Dell,Working,0.8,0.13,,,3,477,82,3669.230769230769,New,Premium,Accessory
Headphones,Acer,Dead,0.6,0.47,,,2,424,53,902.1276595744681,New,Budget,Accessory
Mouse,MSI,Repairable,2.9,0.18,,,1,364,56,2022.2222222222224,Recent,Premium,Computer
Keyboard,Apple,Working,4.8,1.18,,,1,1065,143,902.542372881356,Old,Premium,Computer
Tablet,Generic,Repairable,6.5,0.69,1024.0,11.3,1,926,113,1342.0289855072465,Very_Old,Budget,Mobile
Mouse,LG,Dead,2.8,0.19,,,3,94,19,494.7368421052632,Recent,Budget,Computer
Tablet,HP,Dead,2.3,0.4,256.0,8.3,2,2674,278,6685.0,Recent,Budget,Mobile
Speaker,LG,Repairable,2.0,2.63,,,2,1033,128,392.7756653992396,Recent,Budget,Accessory
Monitor,HP,Repairable,2.0,4.02,,25.6,1,3574,385,889.0547263681593,Recent,Budget,Computer
Smartphone,Asus,Dead,0.7,0.21,1024.0,5.2,3,1990,209,9476.190476190477,New,Budget,Mobile
Tablet,Generic,Repairable,2.1,0.64,512.0,10.8,1,3086,329,4821.875,Recent,Budget,Mobile
Charger,Sony,Repairable,4.1,0.24,,,2,158,35,658.3333333333334,Old,Premium,Accessory
Smartphone,Apple,Working,2.3,0.22,64.0,6.5,2,10354,1075,47063.63636363636,Recent,Premium,Mobile
Tablet,Acer,Working,5.2,0.74,128.0,11.7,1,6075,648,8209.45945945946,Very_Old,Budget,Mobile
Keyboard,Asus,Dead,2.5,0.98,,,1,311,43,317.3469387755102,Recent,Budget,Computer
Battery,Apple,Repairable,2.7,0.46,,,1,668,87,1452.1739130434783,Recent,Premium,Accessory
Speaker,Acer,Dead,5.0,1.03,,,3,233,35,226.2135922330097,Old,Budget,Accessory
Monitor,MSI,Working,6.7,6.53,,27.9,3,2142,262,328.02450229709035,Very_Old,Premium,Computer
Laptop,Xiaomi,Dead,0.6,2.74,32.0,14.8,1,3918,406,1429.92700729927,New,Budget,Computer
Monitor,LG,Repairable,1.2,4.34,,23.9,2,3846,413,886.1751152073733,Recent,Budget,Computer
Tablet,OnePlus,Dead,2.5,0.73,64.0,9.0,3,2084,219,2854.7945205479455,Recent,Budget,Mobile
Smartphone,Realme,Repairable,2.7,0.22,512.0,5.0,3,2854,305,12972.727272727272,Recent,Budget,Mobile
Keyboard,MSI,Working,4.3,0.86,,,1,944,131,1097.6744186046512,Old,Premium,Computer
Charger,Realme,Working,0.7,0.19,,,3,267,61,1405.2631578947369,New,Budget,Accessory
Monitor,Local,Working,1.1,5.52,,28.7,1,4189,464,758.876811594203,Recent,Budget,Computer
Keyboard,HP,Repairable,2.3,0.88,,,1,649,86,737.5,Recent,Budget,Computer
Mouse,Realme,Repairable,7.7,0.16,,,1,55,25,343.75,Very_Old,Budget,Computer
Charger,Generic,Repairable,1.0,0.22,,,2,149,34,677.2727272727273,New,Budget,Accessory
Monitor,MSI,Working,0.5,7.15,,27.6,1,11341,1188,1586.153846153846,New,Premium,Computer
Battery,LG,Working,0.6,0.48,,,2,1169,152,2435.416666666667,New,Budget,Accessory
Smartphone,Xiaomi,Working,4.5,0.18,32.0,5.8,2,3096,344,17200.0,Old,Budget,Mobile
Keyboard,Apple,Repairable,1.4,0.98,,,2,1244,146,1269.3877551020407,Recent,Premium,Computer
Keyboard,MSI,Dead,1.4,0.54,,,3,338,44,625.9259259259259,Recent,Premium,Computer
Tablet,Generic,Dead,0.6,0.78,256.0,12.6,1,2154,227,2761.5384615384614,New,Budget,Mobile
Smartphone,Xiaomi,Working,0.9,0.15,256.0,5.8,1,8379,877,55860.0,New,Budget,Mobile
Mouse,HP,Dead,1.3,0.2,,,2,172,27,860.0,Recent,Budget,Computer
Mouse,Asus,Dead,2.7,0.12,,,3,120,22,1000.0,Recent,Budget,Computer
Keyboard,Asus,Dead,3.1,0.8,,,2,264,38,330.0,Old,Budget,Computer
Headphones,OnePlus,Dead,0.9,0.28,,,3,358,46,1278.5714285714284,New,Budget,Accessory
Keyboard,HP,Working,3.7,0.94,,,3,723,109,769.1489361702128,Old,Budget,Computer
Tablet,Dell,Working,0.9,0.42,64.0,10.2,3,11758,1216,27995.238095238095,New,Premium,Mobile
Tablet,Dell,Dead,1.1,0.5,1024.0,10.5,2,4283,439,8566.0,Recent,Premium,Mobile
Laptop,MSI,Repairable,3.1,1.55,128.0,14.9,3,8516,879,5494.193548387097,Old,Premium,Computer
Charger,OnePlus,Dead,0.9,0.12,,,3,132,23,1100.0,New,Budget,Accessory
Speaker,Dell,Repairable,6.1,1.16,,,2,458,67,394.82758620689657,Very_Old,Premium,Accessory
Tablet,Dell,Repairable,6.9,0.43,128.0,12.8,2,1655,186,3848.837209302326,Very_Old,Premium,Mobile
Battery,Dell,Dead,8.0,0.54,,,2,50,16,92.59259259259258,Very_Old,Premium,Accessory
Charger,HP,Working,1.0,0.28,,,1,704,106,2514.285714285714,New,Budget,Accessory
Battery,HP,Dead,2.4,0.68,,,2,211,32,310.2941176470588,Recent,Budget,Accessory
Keyboard,Generic,Dead,2.7,1.08,,,1,144,26,133.33333333333331,Recent,Budget,Computer
Laptop,OnePlus,Working,2.0,1.86,256.0,14.9,2,25049,2548,13467.204301075268,Recent,Budget,Computer
Keyboard,Lenovo,Working,1.2,1.06,,,1,1452,182,1369.811320754717,Recent,Budget,Computer
Keyboard,Asus,Working,6.0,0.62,,,3,417,77,672.5806451612904,Very_Old,Budget,Computer
